title,authors,venue,venue_tier,citation_count,github_stars,arxiv_id,abstract,url,pdf_url,comment
Adversarial Domain Prompt Tuning and Generation for Single Domain Generalization,Zhipeng Xu; De Cheng; Xinyang Jiang; Nannan Wang; Dongsheng Li; Xinbo Gao,CVPR,2,0,0,2606.21736,"Single domain generalization (SDG) aims to learn a robust model, which could perform well on many unseen domains while there is only one single domain available for training. One of the promising directions for achieving single-domain generalization is to generate out-of-domain (OOD) training data through data augmentation or image generation. Given the rapid advancements in AI-generated content (AIGC), this paper is the first to propose leveraging powerful pre-trained text-to-image (T2I) foundation models to create the training data. However, manually designing textual prompts to generate images for all possible domains is often impractical, and some domain characteristics may be too abstract to describe with words. To address these challenges, we propose a novel Progressive Adversarial Prompt Tuning (PAPT) framework for pre-trained diffusion models. Instead of relying on static textual domains, our approach learns two sets of abstract prompts as conditions for the diffusion model: one that captures domain-invariant category information and another that models domain-specific styles. This adversarial learning mechanism enables the T2I model to generate images in various domain styles while preserving key categorical features. Extensive experiments demonstrate the effectiveness of the proposed method, achieving superior performances to state-of-the-art single-domain generalization approaches.",http://arxiv.org/abs/2606.21736v1,https://arxiv.org/pdf/2606.21736v1,"12 pages, 6 figures, accepted by CVPR 2025"
Real-IAD MVN: A Multi-View Normal Vector Dataset and Benchmark for High-Fidelity Industrial Anomaly Detection,Wenbing Zhu; Jianing Liang; Linjie Cheng; Yurui Pan; Zhuhao Chen; Qingwang Yan; Yudong Cheng; Jianghui Zhang; Mingmin Chi; Bo Peng,CVPR,2,0,0,2605.07149,"Industrial Anomaly Detection (IAD) is critical for quality control, but existing methods struggle with subtle, geometric defects. Standard 2D (RGB) images are sensitive to texture and lighting but often miss fine geometric anomalies. While 3D point clouds capture macro-shape, they are typically too sparse to detect micro-defects like scratches or pits. We address this fundamental data limitation by introducing Real-IAD-MVN (Multi-View Normal), a large-scale industrial dataset. By upgrading our acquisition system, Real-IAD-MVN captures high-fidelity surface normal maps from five distinct viewpoints, replacing sparse 3D data entirely. This provides a comprehensive geometric representation at a micro-detail level, making previously invisible side-wall and occluded defects explicitly detectable. Our experiments, conducted on this new dataset, first provide evidence that incorporating dense, multi-view pseudo-3D (surface normals) yields significantly better detection performance than using sparse 3D point cloud data. To further validate the dataset and provide a strong benchmark, we introduce a baseline method based on reconstruction, which learns to extract cross-modal unified prototypes from the image and normal map streams. We demonstrate that this unified prototype approach surpasses existing state-of-the-art multimodal fusion methods, highlighting the rich potential of our new dataset for advancing geometric anomaly detection.",http://arxiv.org/abs/2605.07149v1,https://arxiv.org/pdf/2605.07149v1,Accepted to CVPR 2025. 15 pages
Meta-Learning Hyperparameters for Parameter Efficient Fine-Tuning,Zichen Tian; Yaoyao Liu; Qianru Sun,CVPR,2,0,0,2603.01759,"Training large foundation models from scratch for domain-specific applications is almost impossible due to data limits and long-tailed distributions -- taking remote sensing (RS) as an example. Fine-tuning natural image pre-trained models on RS images is a straightforward solution. To reduce computational costs and improve performance on tail classes, existing methods apply parameter-efficient fine-tuning (PEFT) techniques, such as LoRA and AdaptFormer. However, we observe that fixed hyperparameters -- such as intra-layer positions, layer depth, and scaling factors, can considerably hinder PEFT performance, as fine-tuning on RS images proves highly sensitive to these settings. To address this, we propose MetaPEFT, a method incorporating adaptive scalers that dynamically adjust module influence during fine-tuning. MetaPEFT dynamically adjusts three key factors of PEFT on RS images: module insertion, layer selection, and module-wise learning rates, which collectively control the influence of PEFT modules across the network. We conduct extensive experiments on three transfer-learning scenarios and five datasets in both RS and natural image domains. The results show that MetaPEFT achieves state-of-the-art performance in cross-spectral adaptation, requiring only a small amount of trainable parameters and improving tail-class accuracy significantly.",http://arxiv.org/abs/2603.01759v1,https://arxiv.org/pdf/2603.01759v1,Accepted by CVPR 2025 (Highlight). Code is available at: https://github.com/doem97/metalora
HiFi-Portrait: Zero-shot Identity-preserved Portrait Generation with High-fidelity Multi-face Fusion,Yifang Xu; Benxiang Zhai; Yunzhuo Sun; Ming Li; Yang Li; Sidan Du,CVPR,2,0,0,2512.14542,"Recent advancements in diffusion-based technologies have made significant strides, particularly in identity-preserved portrait generation (IPG). However, when using multiple reference images from the same ID, existing methods typically produce lower-fidelity portraits and struggle to customize face attributes precisely. To address these issues, this paper presents HiFi-Portrait, a high-fidelity method for zero-shot portrait generation. Specifically, we first introduce the face refiner and landmark generator to obtain fine-grained multi-face features and 3D-aware face landmarks. The landmarks include the reference ID and the target attributes. Then, we design HiFi-Net to fuse multi-face features and align them with landmarks, which improves ID fidelity and face control. In addition, we devise an automated pipeline to construct an ID-based dataset for training HiFi-Portrait. Extensive experimental results demonstrate that our method surpasses the SOTA approaches in face similarity and controllability. Furthermore, our method is also compatible with previous SDXL-based works.",http://arxiv.org/abs/2512.14542v1,https://arxiv.org/pdf/2512.14542v1,Accepted by CVPR 2025
ABBSPO: Adaptive Bounding Box Scaling and Symmetric Prior based Orientation Prediction for Detecting Aerial Image Objects,Woojin Lee; Hyugjae Chang; Jaeho Moon; Jaehyup Lee; Munchurl Kim,CVPR,2,0,0,2512.10031,"Weakly supervised oriented object detection (WS-OOD) has gained attention as a cost-effective alternative to fully supervised methods, providing both efficiency and high accuracy. Among weakly supervised approaches, horizontal bounding box (HBox)-supervised OOD stands out for its ability to directly leverage existing HBox annotations while achieving the highest accuracy under weak supervision settings. This paper introduces adaptive bounding box scaling and symmetry-prior-based orientation prediction, called ABBSPO, a framework for WS-OOD. Our ABBSPO addresses limitations of previous HBox-supervised OOD methods, which compare ground truth (GT) HBoxes directly with the minimum circumscribed rectangles of predicted RBoxes, often leading to inaccurate scale estimation. To overcome this, we propose: (i) Adaptive Bounding Box Scaling (ABBS), which appropriately scales GT HBoxes to optimize for the size of each predicted RBox, ensuring more accurate scale prediction; and (ii) a Symmetric Prior Angle (SPA) loss that exploits inherent symmetry of aerial objects for self-supervised learning, resolving issues in previous methods where learning collapses when predictions for all three augmented views (original, rotated, and flipped) are consistently incorrect. Extensive experimental results demonstrate that ABBSPO achieves state-of-the-art performance, outperforming existing methods.",http://arxiv.org/abs/2512.10031v1,https://arxiv.org/pdf/2512.10031v1,"17 pages, 11 figures, 8 tables, supplementary included. Accepted to CVPR 2025. Please visit our project page at https://kaist-viclab.github.io/ABBSPO_site/"
Towards Source-Free Machine Unlearning,Sk Miraj Ahmed; Umit Yigit Basaran; Dripta S. Raychaudhuri; Arindam Dutta; Rohit Kundu; Fahim Faisal Niloy; Basak Guler; Amit K. Roy-Chowdhury,CVPR,2,0,0,2508.15127,"As machine learning becomes more pervasive and data privacy regulations evolve, the ability to remove private or copyrighted information from trained models is becoming an increasingly critical requirement. Existing unlearning methods often rely on the assumption of having access to the entire training dataset during the forgetting process. However, this assumption may not hold true in practical scenarios where the original training data may not be accessible, i.e., the source-free setting. To address this challenge, we focus on the source-free unlearning scenario, where an unlearning algorithm must be capable of removing specific data from a trained model without requiring access to the original training dataset. Building on recent work, we present a method that can estimate the Hessian of the unknown remaining training data, a crucial component required for efficient unlearning. Leveraging this estimation technique, our method enables efficient zero-shot unlearning while providing robust theoretical guarantees on the unlearning performance, while maintaining performance on the remaining data. Extensive experiments over a wide range of datasets verify the efficacy of our method.",http://arxiv.org/abs/2508.15127v1,https://arxiv.org/pdf/2508.15127v1,Accepted by CVPR 2025
Rethinking Query-based Transformer for Continual Image Segmentation,Yuchen Zhu; Cheng Shi; Dingyou Wang; Jiajin Tang; Zhengxuan Wei; Yu Wu; Guanbin Li; Sibei Yang,CVPR,2,0,0,2507.07831,"Class-incremental/Continual image segmentation (CIS) aims to train an image segmenter in stages, where the set of available categories differs at each stage. To leverage the built-in objectness of query-based transformers, which mitigates catastrophic forgetting of mask proposals, current methods often decouple mask generation from the continual learning process. This study, however, identifies two key issues with decoupled frameworks: loss of plasticity and heavy reliance on input data order. To address these, we conduct an in-depth investigation of the built-in objectness and find that highly aggregated image features provide a shortcut for queries to generate masks through simple feature alignment. Based on this, we propose SimCIS, a simple yet powerful baseline for CIS. Its core idea is to directly select image features for query assignment, ensuring ""perfect alignment"" to preserve objectness, while simultaneously allowing queries to select new classes to promote plasticity. To further combat catastrophic forgetting of categories, we introduce cross-stage consistency in selection and an innovative ""visual query""-based replay mechanism. Experiments demonstrate that SimCIS consistently outperforms state-of-the-art methods across various segmentation tasks, settings, splits, and input data orders. All models and codes will be made publicly available at https://github.com/SooLab/SimCIS.",http://arxiv.org/abs/2507.07831v1,https://arxiv.org/pdf/2507.07831v1,This work is accepted by CVPR 2025
Free on the Fly: Enhancing Flexibility in Test-Time Adaptation with Online EM,Qiyuan Dai; Sibei Yang,CVPR,2,0,0,2507.06973,"Vision-Language Models (VLMs) have become prominent in open-world image recognition for their strong generalization abilities. Yet, their effectiveness in practical applications is compromised by domain shifts and distributional changes, especially when test data distributions diverge from training data. Therefore, the paradigm of test-time adaptation (TTA) has emerged, enabling the use of online off-the-shelf data at test time, supporting independent sample predictions, and eliminating reliance on test annotations. Traditional TTA methods, however, often rely on costly training or optimization processes, or make unrealistic assumptions about accessing or storing historical training and test data. Instead, this study proposes FreeTTA, a training-free and universally available method that makes no assumptions, to enhance the flexibility of TTA. More importantly, FreeTTA is the first to explicitly model the test data distribution, enabling the use of intrinsic relationships among test samples to enhance predictions of individual samples without simultaneous access--a direction not previously explored. FreeTTA achieves these advantages by introducing an online EM algorithm that utilizes zero-shot predictions from VLMs as priors to iteratively compute the posterior probabilities of each online test sample and update parameters. Experiments demonstrate that FreeTTA achieves stable and significant improvements compared to state-of-the-art methods across 15 datasets in both cross-domain and out-of-distribution settings.",http://arxiv.org/abs/2507.06973v1,https://arxiv.org/pdf/2507.06973v1,Accepted to CVPR 2025
Adaptive Part Learning for Fine-Grained Generalized Category Discovery: A Plug-and-Play Enhancement,Qiyuan Dai; Hanzhuo Huang; Yu Wu; Sibei Yang,CVPR,2,0,0,2507.06928,"Generalized Category Discovery (GCD) aims to recognize unlabeled images from known and novel classes by distinguishing novel classes from known ones, while also transferring knowledge from another set of labeled images with known classes. Existing GCD methods rely on self-supervised vision transformers such as DINO for representation learning. However, focusing solely on the global representation of the DINO CLS token introduces an inherent trade-off between discriminability and generalization. In this paper, we introduce an adaptive part discovery and learning method, called APL, which generates consistent object parts and their correspondences across different similar images using a set of shared learnable part queries and DINO part priors, without requiring any additional annotations. More importantly, we propose a novel all-min contrastive loss to learn discriminative yet generalizable part representation, which adaptively highlights discriminative object parts to distinguish similar categories for enhanced discriminability while simultaneously sharing other parts to facilitate knowledge transfer for improved generalization. Our APL can easily be incorporated into different GCD frameworks by replacing their CLS token feature with our part representations, showing significant enhancements on fine-grained datasets.",http://arxiv.org/abs/2507.06928v1,https://arxiv.org/pdf/2507.06928v1,Accepted to CVPR 2025
Soft Self-labeling and Potts Relaxations for Weakly-Supervised Segmentation,Zhongwen Zhang; Yuri Boykov,CVPR,2,0,0,2507.01721,"We consider weakly supervised segmentation where only a fraction of pixels have ground truth labels (scribbles) and focus on a self-labeling approach optimizing relaxations of the standard unsupervised CRF/Potts loss on unlabeled pixels. While WSSS methods can directly optimize such losses via gradient descent, prior work suggests that higher-order optimization can improve network training by introducing hidden pseudo-labels and powerful CRF sub-problem solvers, e.g. graph cut. However, previously used hard pseudo-labels can not represent class uncertainty or errors, which motivates soft self-labeling. We derive a principled auxiliary loss and systematically evaluate standard and new CRF relaxations (convex and non-convex), neighborhood systems, and terms connecting network predictions with soft pseudo-labels. We also propose a general continuous sub-problem solver. Using only standard architectures, soft self-labeling consistently improves scribble-based training and outperforms significantly more complex specialized WSSS systems. It can outperform full pixel-precise supervision. Our general ideas apply to other weakly-supervised problems/systems.",http://arxiv.org/abs/2507.01721v1,https://arxiv.org/pdf/2507.01721v1,published at CVPR 2025
NN-Former: Rethinking Graph Structure in Neural Architecture Representation,Ruihan Xu; Haokui Zhang; Yaowei Wang; Wei Zeng; Shiliang Zhang,CVPR,2,0,0,2507.00880,"The growing use of deep learning necessitates efficient network design and deployment, making neural predictors vital for estimating attributes such as accuracy and latency. Recently, Graph Neural Networks (GNNs) and transformers have shown promising performance in representing neural architectures. However, each of both methods has its disadvantages. GNNs lack the capabilities to represent complicated features, while transformers face poor generalization when the depth of architecture grows. To mitigate the above issues, we rethink neural architecture topology and show that sibling nodes are pivotal while overlooked in previous research. We thus propose a novel predictor leveraging the strengths of GNNs and transformers to learn the enhanced topology. We introduce a novel token mixer that considers siblings, and a new channel mixer named bidirectional graph isomorphism feed-forward network. Our approach consistently achieves promising performance in both accuracy and latency prediction, providing valuable insights for learning Directed Acyclic Graph (DAG) topology. The code is available at https://github.com/XuRuihan/NNFormer.",http://arxiv.org/abs/2507.00880v1,https://arxiv.org/pdf/2507.00880v1,Accepted to CVPR 2025. Code is avaiable at https://github.com/XuRuihan/NNFormer
Revisiting Audio-Visual Segmentation with Vision-Centric Transformer,Shaofei Huang; Rui Ling; Tianrui Hui; Hongyu Li; Xu Zhou; Shifeng Zhang; Si Liu; Richang Hong; Meng Wang,CVPR,2,0,0,2506.23623,"Audio-Visual Segmentation (AVS) aims to segment sound-producing objects in video frames based on the associated audio signal. Prevailing AVS methods typically adopt an audio-centric Transformer architecture, where object queries are derived from audio features. However, audio-centric Transformers suffer from two limitations: perception ambiguity caused by the mixed nature of audio, and weakened dense prediction ability due to visual detail loss. To address these limitations, we propose a new Vision-Centric Transformer (VCT) framework that leverages vision-derived queries to iteratively fetch corresponding audio and visual information, enabling queries to better distinguish between different sounding objects from mixed audio and accurately delineate their contours. Additionally, we also introduce a Prototype Prompted Query Generation (PPQG) module within our VCT framework to generate vision-derived queries that are both semantically aware and visually rich through audio prototype prompting and pixel context grouping, facilitating audio-visual information aggregation. Extensive experiments demonstrate that our VCT framework achieves new state-of-the-art performances on three subsets of the AVSBench dataset. The code is available at https://github.com/spyflying/VCT_AVS.",http://arxiv.org/abs/2506.23623v1,https://arxiv.org/pdf/2506.23623v1,Accepted by CVPR 2025; Code: https://github.com/spyflying/VCT_AVS; Models: https://huggingface.co/nowherespyfly/VCT_AVS
SceneDiffuser++: City-Scale Traffic Simulation via a Generative World Model,Shuhan Tan; John Lambert; Hong Jeon; Sakshum Kulshrestha; Yijing Bai; Jing Luo; Dragomir Anguelov; Mingxing Tan; Chiyu Max Jiang,CVPR,2,0,0,2506.21976,"The goal of traffic simulation is to augment a potentially limited amount of manually-driven miles that is available for testing and validation, with a much larger amount of simulated synthetic miles. The culmination of this vision would be a generative simulated city, where given a map of the city and an autonomous vehicle (AV) software stack, the simulator can seamlessly simulate the trip from point A to point B by populating the city around the AV and controlling all aspects of the scene, from animating the dynamic agents (e.g., vehicles, pedestrians) to controlling the traffic light states. We refer to this vision as CitySim, which requires an agglomeration of simulation technologies: scene generation to populate the initial scene, agent behavior modeling to animate the scene, occlusion reasoning, dynamic scene generation to seamlessly spawn and remove agents, and environment simulation for factors such as traffic lights. While some key technologies have been separately studied in various works, others such as dynamic scene generation and environment simulation have received less attention in the research community. We propose SceneDiffuser++, the first end-to-end generative world model trained on a single loss function capable of point A-to-B simulation on a city scale integrating all the requirements above. We demonstrate the city-scale traffic simulation capability of SceneDiffuser++ and study its superior realism under long simulation conditions. We evaluate the simulation quality on an augmented version of the Waymo Open Motion Dataset (WOMD) with larger map regions to support trip-level simulation.",http://arxiv.org/abs/2506.21976v1,https://arxiv.org/pdf/2506.21976v1,Accepted to CVPR 2025
Object-aware Sound Source Localization via Audio-Visual Scene Understanding,Sung Jin Um; Dongjin Kim; Sangmin Lee; Jung Uk Kim,CVPR,2,0,0,2506.18557,"Audio-visual sound source localization task aims to spatially localize sound-making objects within visual scenes by integrating visual and audio cues. However, existing methods struggle with accurately localizing sound-making objects in complex scenes, particularly when visually similar silent objects coexist. This limitation arises primarily from their reliance on simple audio-visual correspondence, which does not capture fine-grained semantic differences between sound-making and silent objects. To address these challenges, we propose a novel sound source localization framework leveraging Multimodal Large Language Models (MLLMs) to generate detailed contextual information that explicitly distinguishes between sound-making foreground objects and silent background objects. To effectively integrate this detailed information, we introduce two novel loss functions: Object-aware Contrastive Alignment (OCA) loss and Object Region Isolation (ORI) loss. Extensive experimental results on MUSIC and VGGSound datasets demonstrate the effectiveness of our approach, significantly outperforming existing methods in both single-source and multi-source localization scenarios. Code and generated detailed contextual information are available at: https://github.com/VisualAIKHU/OA-SSL.",http://arxiv.org/abs/2506.18557v2,https://arxiv.org/pdf/2506.18557v2,Accepted at CVPR 2025
Relation3D: Enhancing Relation Modeling for Point Cloud Instance Segmentation,Jiahao Lu; Jiacheng Deng,CVPR,2,0,0,2506.17891,"3D instance segmentation aims to predict a set of object instances in a scene, representing them as binary foreground masks with corresponding semantic labels. Currently, transformer-based methods are gaining increasing attention due to their elegant pipelines and superior predictions. However, these methods primarily focus on modeling the external relationships between scene features and query features through mask attention. They lack effective modeling of the internal relationships among scene features as well as between query features. In light of these disadvantages, we propose \textbf{Relation3D: Enhancing Relation Modeling for Point Cloud Instance Segmentation}. Specifically, we introduce an adaptive superpoint aggregation module and a contrastive learning-guided superpoint refinement module to better represent superpoint features (scene features) and leverage contrastive learning to guide the updates of these features. Furthermore, our relation-aware self-attention mechanism enhances the capabilities of modeling relationships between queries by incorporating positional and geometric relationships into the self-attention mechanism. Extensive experiments on the ScanNetV2, ScanNet++, ScanNet200 and S3DIS datasets demonstrate the superior performance of Relation3D.",http://arxiv.org/abs/2506.17891v1,https://arxiv.org/pdf/2506.17891v1,Accepted by CVPR 2025. Code: https://github.com/Howard-coder191/Relation3D
DejaVid: Encoder-Agnostic Learned Temporal Matching for Video Classification,Darryl Ho; Samuel Madden,CVPR,2,0,0,2506.12585,"In recent years, large transformer-based video encoder models have greatly advanced state-of-the-art performance on video classification tasks. However, these large models typically process videos by averaging embedding outputs from multiple clips over time to produce fixed-length representations. This approach fails to account for a variety of time-related features, such as variable video durations, chronological order of events, and temporal variance in feature significance. While methods for temporal modeling do exist, they often require significant architectural changes and expensive retraining, making them impractical for off-the-shelf, fine-tuned large encoders. To overcome these limitations, we propose DejaVid, an encoder-agnostic method that enhances model performance without the need for retraining or altering the architecture. Our framework converts a video into a variable-length temporal sequence of embeddings, which we call a multivariate time series (MTS). An MTS naturally preserves temporal order and accommodates variable video durations. We then learn per-timestep, per-feature weights over the encoded MTS frames, allowing us to account for variations in feature importance over time. We introduce a new neural network architecture inspired by traditional time series alignment algorithms for this learning task. Our evaluation demonstrates that DejaVid substantially improves the performance of a state-of-the-art large encoder, achieving leading Top-1 accuracy of 77.2% on Something-Something V2, 89.1% on Kinetics-400, and 88.6% on HMDB51, while adding fewer than 1.8% additional learnable parameters and requiring less than 3 hours of training time. Our code is available at https://github.com/darrylho/DejaVid.",http://arxiv.org/abs/2506.12585v1,https://arxiv.org/pdf/2506.12585v1,"Accepted to CVPR 2025 (IEEE/CVF Conference on Computer Vision and Pattern Recognition), main conference, poster presentation"
"Stop learning it all to mitigate visual hallucination, Focus on the hallucination target",Dokyoon Yoon; Youngsook Song; Woomyong Park,CVPR,2,0,0,2506.11417,"Multimodal Large Language Models (MLLMs) frequently suffer from hallucination issues, generating information about objects that are not present in input images during vision-language tasks. These hallucinations particularly undermine model reliability in practical applications requiring accurate object identification. To address this challenge, we propose \mymethod,\ a preference learning approach that mitigates hallucinations by focusing on targeted areas where they occur. To implement this, we build a dataset containing hallucinated responses, correct responses, and target information (i.e., objects present in the images and the corresponding chunk positions in responses affected by hallucinations). By applying a preference learning method restricted to these specific targets, the model can filter out irrelevant signals and focus on correcting hallucinations. This allows the model to produce more factual responses by concentrating solely on relevant information. Experimental results demonstrate that \mymethod\ effectively reduces hallucinations across multiple vision hallucination tasks, improving the reliability and performance of MLLMs without diminishing overall performance.",http://arxiv.org/abs/2506.11417v1,https://arxiv.org/pdf/2506.11417v1,Accepted to CVPR 2025
UniPre3D: Unified Pre-training of 3D Point Cloud Models with Cross-Modal Gaussian Splatting,Ziyi Wang; Yanran Zhang; Jie Zhou; Jiwen Lu,CVPR,2,0,0,2506.09952,"The scale diversity of point cloud data presents significant challenges in developing unified representation learning techniques for 3D vision. Currently, there are few unified 3D models, and no existing pre-training method is equally effective for both object- and scene-level point clouds. In this paper, we introduce UniPre3D, the first unified pre-training method that can be seamlessly applied to point clouds of any scale and 3D models of any architecture. Our approach predicts Gaussian primitives as the pre-training task and employs differentiable Gaussian splatting to render images, enabling precise pixel-level supervision and end-to-end optimization. To further regulate the complexity of the pre-training task and direct the model's focus toward geometric structures, we integrate 2D features from pre-trained image models to incorporate well-established texture knowledge. We validate the universal effectiveness of our proposed method through extensive experiments across a variety of object- and scene-level tasks, using diverse point cloud models as backbones. Code is available at https://github.com/wangzy22/UniPre3D.",http://arxiv.org/abs/2506.09952v1,https://arxiv.org/pdf/2506.09952v1,Accepted to CVPR 2025
ScaleLSD: Scalable Deep Line Segment Detection Streamlined,Zeran Ke; Bin Tan; Xianwei Zheng; Yujun Shen; Tianfu Wu; Nan Xue,CVPR,2,0,0,2506.09369,"This paper studies the problem of Line Segment Detection (LSD) for the characterization of line geometry in images, with the aim of learning a domain-agnostic robust LSD model that works well for any natural images. With the focus of scalable self-supervised learning of LSD, we revisit and streamline the fundamental designs of (deep and non-deep) LSD approaches to have a high-performing and efficient LSD learner, dubbed as ScaleLSD, for the curation of line geometry at scale from over 10M unlabeled real-world images. Our ScaleLSD works very well to detect much more number of line segments from any natural images even than the pioneered non-deep LSD approach, having a more complete and accurate geometric characterization of images using line segments. Experimentally, our proposed ScaleLSD is comprehensively testified under zero-shot protocols in detection performance, single-view 3D geometry estimation, two-view line segment matching, and multiview 3D line mapping, all with excellent performance obtained. Based on the thorough evaluation, our ScaleLSD is observed to be the first deep approach that outperforms the pioneered non-deep LSD in all aspects we have tested, significantly expanding and reinforcing the versatility of the line geometry of images. Code and Models are available at https://github.com/ant-research/scalelsd",http://arxiv.org/abs/2506.09369v1,https://arxiv.org/pdf/2506.09369v1,"accepted to CVPR 2025; 17 pages, appendices included"
ORIDa: Object-centric Real-world Image Composition Dataset,Jinwoo Kim; Sangmin Han; Jinho Jeong; Jiwoo Choi; Dongyoung Kim; Seon Joo Kim,CVPR,2,0,0,2506.08964,"Object compositing, the task of placing and harmonizing objects in images of diverse visual scenes, has become an important task in computer vision with the rise of generative models. However, existing datasets lack the diversity and scale required to comprehensively explore real-world scenarios. We introduce ORIDa (Object-centric Real-world Image Composition Dataset), a large-scale, real-captured dataset containing over 30,000 images featuring 200 unique objects, each of which is presented across varied positions and scenes. ORIDa has two types of data: factual-counterfactual sets and factual-only scenes. The factual-counterfactual sets consist of four factual images showing an object in different positions within a scene and a single counterfactual (or background) image of the scene without the object, resulting in five images per scene. The factual-only scenes include a single image containing an object in a specific context, expanding the variety of environments. To our knowledge, ORIDa is the first publicly available dataset with its scale and complexity for real-world image composition. Extensive analysis and experiments highlight the value of ORIDa as a resource for advancing further research in object compositing.",http://arxiv.org/abs/2506.08964v1,https://arxiv.org/pdf/2506.08964v1,Accepted at CVPR 2025
Difference Inversion: Interpolate and Isolate the Difference with Token Consistency for Image Analogy Generation,Hyunsoo Kim; Donghyun Kim; Suhyun Kim,CVPR,2,0,0,2506.07750,"How can we generate an image B' that satisfies A:A'::B:B', given the input images A,A' and B? Recent works have tackled this challenge through approaches like visual in-context learning or visual instruction. However, these methods are typically limited to specific models (e.g. InstructPix2Pix. Inpainting models) rather than general diffusion models (e.g. Stable Diffusion, SDXL). This dependency may lead to inherited biases or lower editing capabilities. In this paper, we propose Difference Inversion, a method that isolates only the difference from A and A' and applies it to B to generate a plausible B'. To address model dependency, it is crucial to structure prompts in the form of a ""Full Prompt"" suitable for input to stable diffusion models, rather than using an ""Instruction Prompt"". To this end, we accurately extract the Difference between A and A' and combine it with the prompt of B, enabling a plug-and-play application of the difference. To extract a precise difference, we first identify it through 1) Delta Interpolation. Additionally, to ensure accurate training, we propose the 2) Token Consistency Loss and 3) Zero Initialization of Token Embeddings. Our extensive experiments demonstrate that Difference Inversion outperforms existing baselines both quantitatively and qualitatively, indicating its ability to generate more feasible B' in a model-agnostic manner.",http://arxiv.org/abs/2506.07750v1,https://arxiv.org/pdf/2506.07750v1,Published at CVPR 2025
UCOD-DPL: Unsupervised Camouflaged Object Detection via Dynamic Pseudo-label Learning,Weiqi Yan; Lvhai Chen; Huaijia Kou; Shengchuan Zhang; Yan Zhang; Liujuan Cao,CVPR,2,0,0,2506.07087,"Unsupervised Camoflaged Object Detection (UCOD) has gained attention since it doesn't need to rely on extensive pixel-level labels. Existing UCOD methods typically generate pseudo-labels using fixed strategies and train 1 x1 convolutional layers as a simple decoder, leading to low performance compared to fully-supervised methods. We emphasize two drawbacks in these approaches: 1). The model is prone to fitting incorrect knowledge due to the pseudo-label containing substantial noise. 2). The simple decoder fails to capture and learn the semantic features of camouflaged objects, especially for small-sized objects, due to the low-resolution pseudo-labels and severe confusion between foreground and background pixels. To this end, we propose a UCOD method with a teacher-student framework via Dynamic Pseudo-label Learning called UCOD-DPL, which contains an Adaptive Pseudo-label Module (APM), a Dual-Branch Adversarial (DBA) decoder, and a Look-Twice mechanism. The APM module adaptively combines pseudo-labels generated by fixed strategies and the teacher model to prevent the model from overfitting incorrect knowledge while preserving the ability for self-correction; the DBA decoder takes adversarial learning of different segmentation objectives, guides the model to overcome the foreground-background confusion of camouflaged objects, and the Look-Twice mechanism mimics the human tendency to zoom in on camouflaged objects and performs secondary refinement on small-sized objects. Extensive experiments show that our method demonstrates outstanding performance, even surpassing some existing fully supervised methods. The code is available now.",http://arxiv.org/abs/2506.07087v1,https://arxiv.org/pdf/2506.07087v1,Accepted by CVPR 2025 (Hightlight)
NSD-Imagery: A benchmark dataset for extending fMRI vision decoding methods to mental imagery,Reese Kneeland; Paul S. Scotti; Ghislain St-Yves; Jesse Breedlove; Kendrick Kay; Thomas Naselaris,CVPR,2,0,0,2506.06898,"We release NSD-Imagery, a benchmark dataset of human fMRI activity paired with mental images, to complement the existing Natural Scenes Dataset (NSD), a large-scale dataset of fMRI activity paired with seen images that enabled unprecedented improvements in fMRI-to-image reconstruction efforts. Recent models trained on NSD have been evaluated only on seen image reconstruction. Using NSD-Imagery, it is possible to assess how well these models perform on mental image reconstruction. This is a challenging generalization requirement because mental images are encoded in human brain activity with relatively lower signal-to-noise and spatial resolution; however, generalization from seen to mental imagery is critical for real-world applications in medical domains and brain-computer interfaces, where the desired information is always internally generated. We provide benchmarks for a suite of recent NSD-trained open-source visual decoding models (MindEye1, MindEye2, Brain Diffuser, iCNN, Takagi et al.) on NSD-Imagery, and show that the performance of decoding methods on mental images is largely decoupled from performance on vision reconstruction. We further demonstrate that architectural choices significantly impact cross-decoding performance: models employing simple linear decoding architectures and multimodal feature decoding generalize better to mental imagery, while complex architectures tend to overfit visual training data. Our findings indicate that mental imagery datasets are critical for the development of practical applications, and establish NSD-Imagery as a useful resource for better aligning visual decoding methods with this goal.",http://arxiv.org/abs/2506.06898v1,https://arxiv.org/pdf/2506.06898v1,Published at CVPR 2025
"Vid2Sim: Generalizable, Video-based Reconstruction of Appearance, Geometry and Physics for Mesh-free Simulation",Chuhao Chen; Zhiyang Dou; Chen Wang; Yiming Huang; Anjun Chen; Qiao Feng; Jiatao Gu; Lingjie Liu,CVPR,2,0,0,2506.06440,"Faithfully reconstructing textured shapes and physical properties from videos presents an intriguing yet challenging problem. Significant efforts have been dedicated to advancing such a system identification problem in this area. Previous methods often rely on heavy optimization pipelines with a differentiable simulator and renderer to estimate physical parameters. However, these approaches frequently necessitate extensive hyperparameter tuning for each scene and involve a costly optimization process, which limits both their practicality and generalizability. In this work, we propose a novel framework, Vid2Sim, a generalizable video-based approach for recovering geometry and physical properties through a mesh-free reduced simulation based on Linear Blend Skinning (LBS), offering high computational efficiency and versatile representation capability. Specifically, Vid2Sim first reconstructs the observed configuration of the physical system from video using a feed-forward neural network trained to capture physical world knowledge. A lightweight optimization pipeline then refines the estimated appearance, geometry, and physical properties to closely align with video observations within just a few minutes. Additionally, after the reconstruction, Vid2Sim enables high-quality, mesh-free simulation with high efficiency. Extensive experiments demonstrate that our method achieves superior accuracy and efficiency in reconstructing geometry and physical properties from video data.",http://arxiv.org/abs/2506.06440v1,https://arxiv.org/pdf/2506.06440v1,Accepted by CVPR 2025
Unleashing the Potential of Consistency Learning for Detecting and Grounding Multi-Modal Media Manipulation,Yiheng Li; Yang Yang; Zichang Tan; Huan Liu; Weihua Chen; Xu Zhou; Zhen Lei,CVPR,2,0,0,2506.05890,"To tackle the threat of fake news, the task of detecting and grounding multi-modal media manipulation DGM4 has received increasing attention. However, most state-of-the-art methods fail to explore the fine-grained consistency within local content, usually resulting in an inadequate perception of detailed forgery and unreliable results. In this paper, we propose a novel approach named Contextual-Semantic Consistency Learning (CSCL) to enhance the fine-grained perception ability of forgery for DGM4. Two branches for image and text modalities are established, each of which contains two cascaded decoders, i.e., Contextual Consistency Decoder (CCD) and Semantic Consistency Decoder (SCD), to capture within-modality contextual consistency and across-modality semantic consistency, respectively. Both CCD and SCD adhere to the same criteria for capturing fine-grained forgery details. To be specific, each module first constructs consistency features by leveraging additional supervision from the heterogeneous information of each token pair. Then, the forgery-aware reasoning or aggregating is adopted to deeply seek forgery cues based on the consistency features. Extensive experiments on DGM4 datasets prove that CSCL achieves new state-of-the-art performance, especially for the results of grounding manipulated content. Codes and weights are avaliable at https://github.com/liyih/CSCL.",http://arxiv.org/abs/2506.05890v1,https://arxiv.org/pdf/2506.05890v1,Accepted by CVPR 2025
DeformCL: Learning Deformable Centerline Representation for Vessel Extraction in 3D Medical Image,Ziwei Zhao; Zhixing Zhang; Yuhang Liu; Zhao Zhang; Haojun Yu; Dong Wang; Liwei Wang,CVPR,2,0,0,2506.05820,"In the field of 3D medical imaging, accurately extracting and representing the blood vessels with curvilinear structures holds paramount importance for clinical diagnosis. Previous methods have commonly relied on discrete representation like mask, often resulting in local fractures or scattered fragments due to the inherent limitations of the per-pixel classification paradigm. In this work, we introduce DeformCL, a new continuous representation based on Deformable Centerlines, where centerline points act as nodes connected by edges that capture spatial relationships. Compared with previous representations, DeformCL offers three key advantages: natural connectivity, noise robustness, and interaction facility. We present a comprehensive training pipeline structured in a cascaded manner to fully exploit these favorable properties of DeformCL. Extensive experiments on four 3D vessel segmentation datasets demonstrate the effectiveness and superiority of our method. Furthermore, the visualization of curved planar reformation images validates the clinical significance of the proposed framework. We release the code in https://github.com/barry664/DeformCL",http://arxiv.org/abs/2506.05820v1,https://arxiv.org/pdf/2506.05820v1,Accepted by CVPR 2025
VoxelSplat: Dynamic Gaussian Splatting as an Effective Loss for Occupancy and Flow Prediction,Ziyue Zhu; Shenlong Wang; Jin Xie; Jiang-jiang Liu; Jingdong Wang; Jian Yang,CVPR,2,0,0,2506.05563,"Recent advancements in camera-based occupancy prediction have focused on the simultaneous prediction of 3D semantics and scene flow, a task that presents significant challenges due to specific difficulties, e.g., occlusions and unbalanced dynamic environments. In this paper, we analyze these challenges and their underlying causes. To address them, we propose a novel regularization framework called VoxelSplat. This framework leverages recent developments in 3D Gaussian Splatting to enhance model performance in two key ways: (i) Enhanced Semantics Supervision through 2D Projection: During training, our method decodes sparse semantic 3D Gaussians from 3D representations and projects them onto the 2D camera view. This provides additional supervision signals in the camera-visible space, allowing 2D labels to improve the learning of 3D semantics. (ii) Scene Flow Learning: Our framework uses the predicted scene flow to model the motion of Gaussians, and is thus able to learn the scene flow of moving objects in a self-supervised manner using the labels of adjacent frames. Our method can be seamlessly integrated into various existing occupancy models, enhancing performance without increasing inference time. Extensive experiments on benchmark datasets demonstrate the effectiveness of VoxelSplat in improving the accuracy of both semantic occupancy and scene flow estimation. The project page and codes are available at https://zzy816.github.io/VoxelSplat-Demo/.",http://arxiv.org/abs/2506.05563v1,https://arxiv.org/pdf/2506.05563v1,Accepted by CVPR 2025 Project Page: https://zzy816.github.io/VoxelSplat-Demo/
HMAR: Efficient Hierarchical Masked Auto-Regressive Image Generation,Hermann Kumbong; Xian Liu; Tsung-Yi Lin; Ming-Yu Liu; Xihui Liu; Ziwei Liu; Daniel Y. Fu; Christopher Ré; David W. Romero,CVPR,2,0,0,2506.04421,"Visual Auto-Regressive modeling (VAR) has shown promise in bridging the speed and quality gap between autoregressive image models and diffusion models. VAR reformulates autoregressive modeling by decomposing an image into successive resolution scales. During inference, an image is generated by predicting all the tokens in the next (higher-resolution) scale, conditioned on all tokens in all previous (lower-resolution) scales. However, this formulation suffers from reduced image quality due to the parallel generation of all tokens in a resolution scale; has sequence lengths scaling superlinearly in image resolution; and requires retraining to change the sampling schedule. We introduce Hierarchical Masked Auto-Regressive modeling (HMAR), a new image generation algorithm that alleviates these issues using next-scale prediction and masked prediction to generate high-quality images with fast sampling. HMAR reformulates next-scale prediction as a Markovian process, wherein the prediction of each resolution scale is conditioned only on tokens in its immediate predecessor instead of the tokens in all predecessor resolutions. When predicting a resolution scale, HMAR uses a controllable multi-step masked generation procedure to generate a subset of the tokens in each step. On ImageNet 256x256 and 512x512 benchmarks, HMAR models match or outperform parameter-matched VAR, diffusion, and autoregressive baselines. We develop efficient IO-aware block-sparse attention kernels that allow HMAR to achieve faster training and inference times over VAR by over 2.5x and 1.75x respectively, as well as over 3x lower inference memory footprint. Finally, HMAR yields additional flexibility over VAR; its sampling schedule can be changed without further training, and it can be applied to image editing tasks in a zero-shot manner.",http://arxiv.org/abs/2506.04421v1,https://arxiv.org/pdf/2506.04421v1,Accepted to CVPR 2025. Project Page: https://research.nvidia.com/labs/dir/hmar/
Tripartite Weight-Space Ensemble for Few-Shot Class-Incremental Learning,Juntae Lee; Munawar Hayat; Sungrack Yun,CVPR,2,0,0,2506.15720,"Few-shot class incremental learning (FSCIL) enables the continual learning of new concepts with only a few training examples. In FSCIL, the model undergoes substantial updates, making it prone to forgetting previous concepts and overfitting to the limited new examples. Most recent trend is typically to disentangle the learning of the representation from the classification head of the model. A well-generalized feature extractor on the base classes (many examples and many classes) is learned, and then fixed during incremental learning. Arguing that the fixed feature extractor restricts the model's adaptability to new classes, we introduce a novel FSCIL method to effectively address catastrophic forgetting and overfitting issues. Our method enables to seamlessly update the entire model with a few examples. We mainly propose a tripartite weight-space ensemble (Tri-WE). Tri-WE interpolates the base, immediately previous, and current models in weight-space, especially for the classification heads of the models. Then, it collaboratively maintains knowledge from the base and previous models. In addition, we recognize the challenges of distilling generalized representations from the previous model from scarce data. Hence, we suggest a regularization loss term using amplified data knowledge distillation. Simply intermixing the few-shot data, we can produce richer data enabling the distillation of critical knowledge from the previous model. Consequently, we attain state-of-the-art results on the miniImageNet, CUB200, and CIFAR100 datasets.",http://arxiv.org/abs/2506.15720v1,https://arxiv.org/pdf/2506.15720v1,Accepted at CVPR 2025
Heterogeneous Skeleton-Based Action Representation Learning,Hongsong Wang; Xiaoyan Ma; Jidong Kuang; Jie Gui,CVPR,2,0,0,2506.03481,"Skeleton-based human action recognition has received widespread attention in recent years due to its diverse range of application scenarios. Due to the different sources of human skeletons, skeleton data naturally exhibit heterogeneity. The previous works, however, overlook the heterogeneity of human skeletons and solely construct models tailored for homogeneous skeletons. This work addresses the challenge of heterogeneous skeleton-based action representation learning, specifically focusing on processing skeleton data that varies in joint dimensions and topological structures. The proposed framework comprises two primary components: heterogeneous skeleton processing and unified representation learning. The former first converts two-dimensional skeleton data into three-dimensional skeleton via an auxiliary network, and then constructs a prompted unified skeleton using skeleton-specific prompts. We also design an additional modality named semantic motion encoding to harness the semantic information within skeletons. The latter module learns a unified action representation using a shared backbone network that processes different heterogeneous skeletons. Extensive experiments on the NTU-60, NTU-120, and PKU-MMD II datasets demonstrate the effectiveness of our method in various tasks of action understanding. Our approach can be applied to action recognition in robots with different humanoid structures.",http://arxiv.org/abs/2506.03481v1,https://arxiv.org/pdf/2506.03481v1,To appear in CVPR 2025
PARC: A Quantitative Framework Uncovering the Symmetries within Vision Language Models,Jenny Schmalfuss; Nadine Chang; Vibashan VS; Maying Shen; Andres Bruhn; Jose M. Alvarez,CVPR,2,0,0,2506.14808,"Vision language models (VLMs) respond to user-crafted text prompts and visual inputs, and are applied to numerous real-world problems. VLMs integrate visual modalities with large language models (LLMs), which are well known to be prompt-sensitive. Hence, it is crucial to determine whether VLMs inherit this instability to varying prompts. We therefore investigate which prompt variations VLMs are most sensitive to and which VLMs are most agnostic to prompt variations. To this end, we introduce PARC (Prompt Analysis via Reliability and Calibration), a VLM prompt sensitivity analysis framework built on three pillars: (1) plausible prompt variations in both the language and vision domain, (2) a novel model reliability score with built-in guarantees, and (3) a calibration step that enables dataset- and prompt-spanning prompt variation analysis. Regarding prompt variations, PARC's evaluation shows that VLMs mirror LLM language prompt sensitivity in the vision domain, and most destructive variations change the expected answer. Regarding models, outstandingly robust VLMs among 22 evaluated models come from the InternVL2 family. We further find indications that prompt sensitivity is linked to training data. The code will be at https://github.com/NVlabs/PARC.",http://arxiv.org/abs/2506.14808v1,https://arxiv.org/pdf/2506.14808v1,Accepted to CVPR 2025
FreeScene: Mixed Graph Diffusion for 3D Scene Synthesis from Free Prompts,Tongyuan Bai; Wangyuanfan Bai; Dong Chen; Tieru Wu; Manyi Li; Rui Ma,CVPR,2,0,0,2506.02781,"Controllability plays a crucial role in the practical applications of 3D indoor scene synthesis. Existing works either allow rough language-based control, that is convenient but lacks fine-grained scene customization, or employ graph based control, which offers better controllability but demands considerable knowledge for the cumbersome graph design process. To address these challenges, we present FreeScene, a user-friendly framework that enables both convenient and effective control for indoor scene synthesis.Specifically, FreeScene supports free-form user inputs including text description and/or reference images, allowing users to express versatile design intentions. The user inputs are adequately analyzed and integrated into a graph representation by a VLM-based Graph Designer. We then propose MG-DiT, a Mixed Graph Diffusion Transformer, which performs graph-aware denoising to enhance scene generation. Our MG-DiT not only excels at preserving graph structure but also offers broad applicability to various tasks, including, but not limited to, text-to-scene, graph-to-scene, and rearrangement, all within a single model. Extensive experiments demonstrate that FreeScene provides an efficient and user-friendly solution that unifies text-based and graph based scene synthesis, outperforming state-of-the-art methods in terms of both generation quality and controllability in a range of applications.",http://arxiv.org/abs/2506.02781v1,https://arxiv.org/pdf/2506.02781v1,Accepted to CVPR 2025
Diff2Flow: Training Flow Matching Models via Diffusion Model Alignment,Johannes Schusterbauer; Ming Gui; Frank Fundel; Björn Ommer,CVPR,2,0,0,2506.02221,"Diffusion models have revolutionized generative tasks through high-fidelity outputs, yet flow matching (FM) offers faster inference and empirical performance gains. However, current foundation FM models are computationally prohibitive for finetuning, while diffusion models like Stable Diffusion benefit from efficient architectures and ecosystem support. This work addresses the critical challenge of efficiently transferring knowledge from pre-trained diffusion models to flow matching. We propose Diff2Flow, a novel framework that systematically bridges diffusion and FM paradigms by rescaling timesteps, aligning interpolants, and deriving FM-compatible velocity fields from diffusion predictions. This alignment enables direct and efficient FM finetuning of diffusion priors with no extra computation overhead. Our experiments demonstrate that Diff2Flow outperforms naïve FM and diffusion finetuning particularly under parameter-efficient constraints, while achieving superior or competitive performance across diverse downstream tasks compared to state-of-the-art methods. We will release our code at https://github.com/CompVis/diff2flow.",http://arxiv.org/abs/2506.02221v1,https://arxiv.org/pdf/2506.02221v1,Accepted by CVPR 2025
Silence is Golden: Leveraging Adversarial Examples to Nullify Audio Control in LDM-based Talking-Head Generation,Yuan Gan; Jiaxu Miao; Yunze Wang; Yi Yang,CVPR,2,0,0,2506.01591,"Advances in talking-head animation based on Latent Diffusion Models (LDM) enable the creation of highly realistic, synchronized videos. These fabricated videos are indistinguishable from real ones, increasing the risk of potential misuse for scams, political manipulation, and misinformation. Hence, addressing these ethical concerns has become a pressing issue in AI security. Recent proactive defense studies focused on countering LDM-based models by adding perturbations to portraits. However, these methods are ineffective at protecting reference portraits from advanced image-to-video animation. The limitations are twofold: 1) they fail to prevent images from being manipulated by audio signals, and 2) diffusion-based purification techniques can effectively eliminate protective perturbations. To address these challenges, we propose Silencer, a two-stage method designed to proactively protect the privacy of portraits. First, a nullifying loss is proposed to ignore audio control in talking-head generation. Second, we apply anti-purification loss in LDM to optimize the inverted latent feature to generate robust perturbations. Extensive experiments demonstrate the effectiveness of Silencer in proactively protecting portrait privacy. We hope this work will raise awareness among the AI security community regarding critical ethical issues related to talking-head generation techniques. Code: https://github.com/yuangan/Silencer.",http://arxiv.org/abs/2506.01591v1,https://arxiv.org/pdf/2506.01591v1,Accepted to CVPR 2025
Self-supervised ControlNet with Spatio-Temporal Mamba for Real-world Video Super-resolution,Shijun Shi; Jing Xu; Lijing Lu; Zhihang Li; Kai Hu,CVPR,2,0,0,2506.01037,"Existing diffusion-based video super-resolution (VSR) methods are susceptible to introducing complex degradations and noticeable artifacts into high-resolution videos due to their inherent randomness. In this paper, we propose a noise-robust real-world VSR framework by incorporating self-supervised learning and Mamba into pre-trained latent diffusion models. To ensure content consistency across adjacent frames, we enhance the diffusion model with a global spatio-temporal attention mechanism using the Video State-Space block with a 3D Selective Scan module, which reinforces coherence at an affordable computational cost. To further reduce artifacts in generated details, we introduce a self-supervised ControlNet that leverages HR features as guidance and employs contrastive learning to extract degradation-insensitive features from LR videos. Finally, a three-stage training strategy based on a mixture of HR-LR videos is proposed to stabilize VSR training. The proposed Self-supervised ControlNet with Spatio-Temporal Continuous Mamba based VSR algorithm achieves superior perceptual quality than state-of-the-arts on real-world VSR benchmark datasets, validating the effectiveness of the proposed model design and training strategies.",http://arxiv.org/abs/2506.01037v1,https://arxiv.org/pdf/2506.01037v1,"11 pages, 10 figures, accepted by CVPR 2025"
CL-LoRA: Continual Low-Rank Adaptation for Rehearsal-Free Class-Incremental Learning,Jiangpeng He; Zhihao Duan; Fengqing Zhu,CVPR,2,0,0,2505.24816,"Class-Incremental Learning (CIL) aims to learn new classes sequentially while retaining the knowledge of previously learned classes. Recently, pre-trained models (PTMs) combined with parameter-efficient fine-tuning (PEFT) have shown remarkable performance in rehearsal-free CIL without requiring exemplars from previous tasks. However, existing adapter-based methods, which incorporate lightweight learnable modules into PTMs for CIL, create new adapters for each new task, leading to both parameter redundancy and failure to leverage shared knowledge across tasks. In this work, we propose ContinuaL Low-Rank Adaptation (CL-LoRA), which introduces a novel dual-adapter architecture combining \textbf{task-shared adapters} to learn cross-task knowledge and \textbf{task-specific adapters} to capture unique features of each new task. Specifically, the shared adapters utilize random orthogonal matrices and leverage knowledge distillation with gradient reassignment to preserve essential shared knowledge. In addition, we introduce learnable block-wise weights for task-specific adapters, which mitigate inter-task interference while maintaining the model's plasticity. We demonstrate CL-LoRA consistently achieves promising performance under multiple benchmarks with reduced training and inference computation, establishing a more efficient and scalable paradigm for continual learning with pre-trained models.",http://arxiv.org/abs/2505.24816v1,https://arxiv.org/pdf/2505.24816v1,Accepted to CVPR 2025
Period-LLM: Extending the Periodic Capability of Multimodal Large Language Model,Yuting Zhang; Hao Lu; Qingyong Hu; Yin Wang; Kaishen Yuan; Xin Liu; Kaishun Wu,CVPR,2,0,0,2505.24476,"Periodic or quasi-periodic phenomena reveal intrinsic characteristics in various natural processes, such as weather patterns, movement behaviors, traffic flows, and biological signals. Given that these phenomena span multiple modalities, the capabilities of Multimodal Large Language Models (MLLMs) offer promising potential to effectively capture and understand their complex nature. However, current MLLMs struggle with periodic tasks due to limitations in: 1) lack of temporal modelling and 2) conflict between short and long periods. This paper introduces Period-LLM, a multimodal large language model designed to enhance the performance of periodic tasks across various modalities, and constructs a benchmark of various difficulty for evaluating the cross-modal periodic capabilities of large models. Specially, We adopt an ""Easy to Hard Generalization"" paradigm, starting with relatively simple text-based tasks and progressing to more complex visual and multimodal tasks, ensuring that the model gradually builds robust periodic reasoning capabilities. Additionally, we propose a ""Resisting Logical Oblivion"" optimization strategy to maintain periodic reasoning abilities during semantic alignment. Extensive experiments demonstrate the superiority of the proposed Period-LLM over existing MLLMs in periodic tasks. The code is available at https://github.com/keke-nice/Period-LLM.",http://arxiv.org/abs/2505.24476v1,https://arxiv.org/pdf/2505.24476v1,Accepted by CVPR 2025
Sketch Down the FLOPs: Towards Efficient Networks for Human Sketch,Aneeshan Sain; Subhajit Maity; Pinaki Nath Chowdhury; Subhadeep Koley; Ayan Kumar Bhunia; Yi-Zhe Song,CVPR,2,0,0,2505.23763,"As sketch research has collectively matured over time, its adaptation for at-mass commercialisation emerges on the immediate horizon. Despite an already mature research endeavour for photos, there is no research on the efficient inference specifically designed for sketch data. In this paper, we first demonstrate existing state-of-the-art efficient light-weight models designed for photos do not work on sketches. We then propose two sketch-specific components which work in a plug-n-play manner on any photo efficient network to adapt them to work on sketch data. We specifically chose fine-grained sketch-based image retrieval (FG-SBIR) as a demonstrator as the most recognised sketch problem with immediate commercial value. Technically speaking, we first propose a cross-modal knowledge distillation network to transfer existing photo efficient networks to be compatible with sketch, which brings down number of FLOPs and model parameters by 97.96% percent and 84.89% respectively. We then exploit the abstract trait of sketch to introduce a RL-based canvas selector that dynamically adjusts to the abstraction level which further cuts down number of FLOPs by two thirds. The end result is an overall reduction of 99.37% of FLOPs (from 40.18G to 0.254G) when compared with a full network, while retaining the accuracy (33.03% vs 32.77%) -- finally making an efficient network for the sparse sketch data that exhibit even fewer FLOPs than the best photo counterpart.",http://arxiv.org/abs/2505.23763v1,https://arxiv.org/pdf/2505.23763v1,"Accepted at CVPR 2025, Project Page: https://subhajitmaity.me/SketchDownTheFLOPs"
Boosting Domain Incremental Learning: Selecting the Optimal Parameters is All You Need,Qiang Wang; Xiang Song; Yuhang He; Jizhou Han; Chenhao Ding; Xinyuan Gao; Yihong Gong,CVPR,2,0,0,2505.23744,"Deep neural networks (DNNs) often underperform in real-world, dynamic settings where data distributions change over time. Domain Incremental Learning (DIL) offers a solution by enabling continual model adaptation, with Parameter-Isolation DIL (PIDIL) emerging as a promising paradigm to reduce knowledge conflicts. However, existing PIDIL methods struggle with parameter selection accuracy, especially as the number of domains and corresponding classes grows. To address this, we propose SOYO, a lightweight framework that improves domain selection in PIDIL. SOYO introduces a Gaussian Mixture Compressor (GMC) and Domain Feature Resampler (DFR) to store and balance prior domain data efficiently, while a Multi-level Domain Feature Fusion Network (MDFN) enhances domain feature extraction. Our framework supports multiple Parameter-Efficient Fine-Tuning (PEFT) methods and is validated across tasks such as image classification, object detection, and speech enhancement. Experimental results on six benchmarks demonstrate SOYO's consistent superiority over existing baselines, showcasing its robustness and adaptability in complex, evolving environments. The codes will be released in https://github.com/qwangcv/SOYO.",http://arxiv.org/abs/2505.23744v1,https://arxiv.org/pdf/2505.23744v1,Accepted at CVPR 2025
Wav2Sem: Plug-and-Play Audio Semantic Decoupling for 3D Speech-Driven Facial Animation,Hao Li; Ju Dai; Xin Zhao; Feng Zhou; Junjun Pan; Lei Li,CVPR,2,0,0,2505.23290,"In 3D speech-driven facial animation generation, existing methods commonly employ pre-trained self-supervised audio models as encoders. However, due to the prevalence of phonetically similar syllables with distinct lip shapes in language, these near-homophone syllables tend to exhibit significant coupling in self-supervised audio feature spaces, leading to the averaging effect in subsequent lip motion generation. To address this issue, this paper proposes a plug-and-play semantic decorrelation module-Wav2Sem. This module extracts semantic features corresponding to the entire audio sequence, leveraging the added semantic information to decorrelate audio encodings within the feature space, thereby achieving more expressive audio features. Extensive experiments across multiple Speech-driven models indicate that the Wav2Sem module effectively decouples audio features, significantly alleviating the averaging effect of phonetically similar syllables in lip shape generation, thereby enhancing the precision and naturalness of facial animations. Our source code is available at https://github.com/wslh852/Wav2Sem.git.",http://arxiv.org/abs/2505.23290v1,https://arxiv.org/pdf/2505.23290v1,Accepted to CVPR 2025
Proximal Algorithm Unrolling: Flexible and Efficient Reconstruction Networks for Single-Pixel Imaging,Ping Wang; Lishun Wang; Gang Qu; Xiaodong Wang; Yulun Zhang; Xin Yuan,CVPR,2,0,0,2505.23180,"Deep-unrolling and plug-and-play (PnP) approaches have become the de-facto standard solvers for single-pixel imaging (SPI) inverse problem. PnP approaches, a class of iterative algorithms where regularization is implicitly performed by an off-the-shelf deep denoiser, are flexible for varying compression ratios (CRs) but are limited in reconstruction accuracy and speed. Conversely, unrolling approaches, a class of multi-stage neural networks where a truncated iterative optimization process is transformed into an end-to-end trainable network, typically achieve better accuracy with faster inference but require fine-tuning or even retraining when CR changes. In this paper, we address the challenge of integrating the strengths of both classes of solvers. To this end, we design an efficient deep image restorer (DIR) for the unrolling of HQS (half quadratic splitting) and ADMM (alternating direction method of multipliers). More importantly, a general proximal trajectory (PT) loss function is proposed to train HQS/ADMM-unrolling networks such that learned DIR approximates the proximal operator of an ideal explicit restoration regularizer. Extensive experiments demonstrate that, the resulting proximal unrolling networks can not only flexibly handle varying CRs with a single model like PnP algorithms, but also outperform previous CR-specific unrolling networks in both reconstruction accuracy and speed. Source codes and models are available at https://github.com/pwangcs/ProxUnroll.",http://arxiv.org/abs/2505.23180v1,https://arxiv.org/pdf/2505.23180v1,Accepted by CVPR 2025
URWKV: Unified RWKV Model with Multi-state Perspective for Low-light Image Restoration,Rui Xu; Yuzhen Niu; Yuezhou Li; Huangbiao Xu; Wenxi Liu; Yuzhong Chen,CVPR,2,0,0,2505.23068,"Existing low-light image enhancement (LLIE) and joint LLIE and deblurring (LLIE-deblur) models have made strides in addressing predefined degradations, yet they are often constrained by dynamically coupled degradations. To address these challenges, we introduce a Unified Receptance Weighted Key Value (URWKV) model with multi-state perspective, enabling flexible and effective degradation restoration for low-light images. Specifically, we customize the core URWKV block to perceive and analyze complex degradations by leveraging multiple intra- and inter-stage states. First, inspired by the pupil mechanism in the human visual system, we propose Luminance-adaptive Normalization (LAN) that adjusts normalization parameters based on rich inter-stage states, allowing for adaptive, scene-aware luminance modulation. Second, we aggregate multiple intra-stage states through exponential moving average approach, effectively capturing subtle variations while mitigating information loss inherent in the single-state mechanism. To reduce the degradation effects commonly associated with conventional skip connections, we propose the State-aware Selective Fusion (SSF) module, which dynamically aligns and integrates multi-state features across encoder stages, selectively fusing contextual information. In comparison to state-of-the-art models, our URWKV model achieves superior performance on various benchmarks, while requiring significantly fewer parameters and computational resources.",http://arxiv.org/abs/2505.23068v1,https://arxiv.org/pdf/2505.23068v1,This paper has been accepted to CVPR 2025
Universal Domain Adaptation for Semantic Segmentation,Seun-An Choe; Keon-Hee Park; Jinwoo Choi; Gyeong-Moon Park,CVPR,2,0,0,2505.22458,"Unsupervised domain adaptation for semantic segmentation (UDA-SS) aims to transfer knowledge from labeled source data to unlabeled target data. However, traditional UDA-SS methods assume that category settings between source and target domains are known, which is unrealistic in real-world scenarios. This leads to performance degradation if private classes exist. To address this limitation, we propose Universal Domain Adaptation for Semantic Segmentation (UniDA-SS), achieving robust adaptation even without prior knowledge of category settings. We define the problem in the UniDA-SS scenario as low confidence scores of common classes in the target domain, which leads to confusion with private classes. To solve this problem, we propose UniMAP: UniDA-SS with Image Matching and Prototype-based Distinction, a novel framework composed of two key components. First, Domain-Specific Prototype-based Distinction (DSPD) divides each class into two domain-specific prototypes, enabling finer separation of domain-specific features and enhancing the identification of common classes across domains. Second, Target-based Image Matching (TIM) selects a source image containing the most common-class pixels based on the target pseudo-label and pairs it in a batch to promote effective learning of common classes. We also introduce a new UniDA-SS benchmark and demonstrate through various experiments that UniMAP significantly outperforms baselines. The code is available at https://github.com/KU-VGI/UniMAP.",http://arxiv.org/abs/2505.22458v2,https://arxiv.org/pdf/2505.22458v2,Accepted by CVPR 2025
RC-AutoCalib: An End-to-End Radar-Camera Automatic Calibration Network,Van-Tin Luu; Yon-Lin Cai; Vu-Hoang Tran; Wei-Chen Chiu; Yi-Ting Chen; Ching-Chun Huang,CVPR,2,0,0,2505.22427,"This paper presents a groundbreaking approach - the first online automatic geometric calibration method for radar and camera systems. Given the significant data sparsity and measurement uncertainty in radar height data, achieving automatic calibration during system operation has long been a challenge. To address the sparsity issue, we propose a Dual-Perspective representation that gathers features from both frontal and bird's-eye views. The frontal view contains rich but sensitive height information, whereas the bird's-eye view provides robust features against height uncertainty. We thereby propose a novel Selective Fusion Mechanism to identify and fuse reliable features from both perspectives, reducing the effect of height uncertainty. Moreover, for each view, we incorporate a Multi-Modal Cross-Attention Mechanism to explicitly find location correspondences through cross-modal matching. During the training phase, we also design a Noise-Resistant Matcher to provide better supervision and enhance the robustness of the matching mechanism against sparsity and height uncertainty. Our experimental results, tested on the nuScenes dataset, demonstrate that our method significantly outperforms previous radar-camera auto-calibration methods, as well as existing state-of-the-art LiDAR-camera calibration techniques, establishing a new benchmark for future research. The code is available at https://github.com/nycu-acm/RC-AutoCalib.",http://arxiv.org/abs/2505.22427v1,https://arxiv.org/pdf/2505.22427v1,Accepted to CVPR 2025
Bringing CLIP to the Clinic: Dynamic Soft Labels and Negation-Aware Learning for Medical Analysis,Hanbin Ko; Chang-Min Park,CVPR,2,0,0,2505.22079,"The development of large-scale image-text pair datasets has significantly advanced self-supervised learning in Vision-Language Processing (VLP). However, directly applying general-domain architectures such as CLIP to medical data presents challenges, particularly in handling negations and addressing the inherent data imbalance of medical datasets. To address these issues, we propose a novel approach that integrates clinically-enhanced dynamic soft labels and medical graphical alignment, thereby improving clinical comprehension and the applicability of contrastive loss in medical contexts. Furthermore, we introduce negation-based hard negatives to deepen the model's understanding of the complexities of clinical language. Our approach is easily integrated into the medical CLIP training pipeline and achieves state-of-the-art performance across multiple tasks, including zero-shot, fine-tuned classification, and report retrieval. To comprehensively evaluate our model's capacity for understanding clinical language, we introduce CXR-Align, a benchmark uniquely designed to evaluate the understanding of negation and clinical information within chest X-ray (CXR) datasets. Experimental results demonstrate that our proposed methods are straightforward to implement and generalize effectively across contrastive learning frameworks, enhancing medical VLP capabilities and advancing clinical language understanding in medical imaging.",http://arxiv.org/abs/2505.22079v1,https://arxiv.org/pdf/2505.22079v1,"16 pages (8 main, 2 references, 6 appendix), 13 figures. Accepted to CVPR 2025. This author-accepted manuscript includes an expanded ethics/data user agreement section. The final version will appear in the Proceedings of CVPR 2025"
Point-to-Region Loss for Semi-Supervised Point-Based Crowd Counting,Wei Lin; Chenyang Zhao; Antoni B. Chan,CVPR,2,0,0,2505.21943,"Point detection has been developed to locate pedestrians in crowded scenes by training a counter through a point-to-point (P2P) supervision scheme. Despite its excellent localization and counting performance, training a point-based counter still faces challenges concerning annotation labor: hundreds to thousands of points are required to annotate a single sample capturing a dense crowd. In this paper, we integrate point-based methods into a semi-supervised counting framework based on pseudo-labeling, enabling the training of a counter with only a few annotated samples supplemented by a large volume of pseudo-labeled data. However, during implementation, the training encounters issues as the confidence for pseudo-labels fails to be propagated to background pixels via the P2P. To tackle this challenge, we devise a point-specific activation map (PSAM) to visually interpret the phenomena occurring during the ill-posed training. Observations from the PSAM suggest that the feature map is excessively activated by the loss for unlabeled data, causing the decoder to misinterpret these over-activations as pedestrians. To mitigate this issue, we propose a point-to-region (P2R) scheme to substitute P2P, which segments out local regions rather than detects a point corresponding to a pedestrian for supervision. Consequently, pixels in the local region can share the same confidence with the corresponding pseudo points. Experimental results in both semi-supervised counting and unsupervised domain adaptation highlight the advantages of our method, illustrating P2R can resolve issues identified in PSAM. The code is available at https://github.com/Elin24/P2RLoss.",http://arxiv.org/abs/2505.21943v1,https://arxiv.org/pdf/2505.21943v1,accepted by CVPR-2025(highlight)
FRAMES-VQA: Benchmarking Fine-Tuning Robustness across Multi-Modal Shifts in Visual Question Answering,Chengyue Huang; Brisa Maneechotesuwan; Shivang Chopra; Zsolt Kira,CVPR,2,0,0,2505.21755,"Visual question answering (VQA) systems face significant challenges when adapting to real-world data shifts, especially in multi-modal contexts. While robust fine-tuning strategies are essential for maintaining performance across in-distribution (ID) and out-of-distribution (OOD) scenarios, current evaluation settings are primarily unimodal or particular to some types of OOD, offering limited insight into the complexities of multi-modal contexts. In this work, we propose a new benchmark FRAMES-VQA (Fine-Tuning Robustness across Multi-Modal Shifts in VQA) for evaluating robust fine-tuning for VQA tasks. We utilize ten existing VQA benchmarks, including VQAv2, IV-VQA, VQA-CP, OK-VQA and others, and categorize them into ID, near and far OOD datasets covering uni-modal, multi-modal and adversarial distribution shifts. We first conduct a comprehensive comparison of existing robust fine-tuning methods. We then quantify the distribution shifts by calculating the Mahalanobis distance using uni-modal and multi-modal embeddings extracted from various models. Further, we perform an extensive analysis to explore the interactions between uni- and multi-modal shifts as well as modality importance for ID and OOD samples. These analyses offer valuable guidance on developing more robust fine-tuning methods to handle multi-modal distribution shifts. The code is available at https://github.com/chengyuehuang511/FRAMES-VQA .",http://arxiv.org/abs/2505.21755v2,https://arxiv.org/pdf/2505.21755v2,Accepted to CVPR 2025
Structure from Collision,Takuhiro Kaneko,CVPR,2,0,0,2505.21335,"Recent advancements in neural 3D representations, such as neural radiance fields (NeRF) and 3D Gaussian splatting (3DGS), have enabled the accurate estimation of 3D structures from multiview images. However, this capability is limited to estimating the visible external structure, and identifying the invisible internal structure hidden behind the surface is difficult. To overcome this limitation, we address a new task called Structure from Collision (SfC), which aims to estimate the structure (including the invisible internal structure) of an object from appearance changes during collision. To solve this problem, we propose a novel model called SfC-NeRF that optimizes the invisible internal structure of an object through a video sequence under physical, appearance (i.e., visible external structure)-preserving, and keyframe constraints. In particular, to avoid falling into undesirable local optima owing to its ill-posed nature, we propose volume annealing; that is, searching for global optima by repeatedly reducing and expanding the volume. Extensive experiments on 115 objects involving diverse structures (i.e., various cavity shapes, locations, and sizes) and material properties revealed the properties of SfC and demonstrated the effectiveness of the proposed SfC-NeRF.",http://arxiv.org/abs/2505.21335v1,https://arxiv.org/pdf/2505.21335v1,Accepted to CVPR 2025 (Highlight). Project page: https://www.kecl.ntt.co.jp/people/kaneko.takuhiro/projects/sfc/
PMA: Towards Parameter-Efficient Point Cloud Understanding via Point Mamba Adapter,Yaohua Zha; Yanzi Wang; Hang Guo; Jinpeng Wang; Tao Dai; Bin Chen; Zhihao Ouyang; Xue Yuerong; Ke Chen; Shu-Tao Xia,CVPR,2,0,0,2505.20941,"Applying pre-trained models to assist point cloud understanding has recently become a mainstream paradigm in 3D perception. However, existing application strategies are straightforward, utilizing only the final output of the pre-trained model for various task heads. It neglects the rich complementary information in the intermediate layer, thereby failing to fully unlock the potential of pre-trained models. To overcome this limitation, we propose an orthogonal solution: Point Mamba Adapter (PMA), which constructs an ordered feature sequence from all layers of the pre-trained model and leverages Mamba to fuse all complementary semantics, thereby promoting comprehensive point cloud understanding. Constructing this ordered sequence is non-trivial due to the inherent isotropy of 3D space. Therefore, we further propose a geometry-constrained gate prompt generator (G2PG) shared across different layers, which applies shared geometric constraints to the output gates of the Mamba and dynamically optimizes the spatial order, thus enabling more effective integration of multi-layer information. Extensive experiments conducted on challenging point cloud datasets across various tasks demonstrate that our PMA elevates the capability for point cloud understanding to a new level by fusing diverse complementary intermediate features. Code is available at https://github.com/zyh16143998882/PMA.",http://arxiv.org/abs/2505.20941v1,https://arxiv.org/pdf/2505.20941v1,Accepted to CVPR 2025
Exploring Timeline Control for Facial Motion Generation,Yifeng Ma; Jinwei Qi; Chaonan Ji; Peng Zhang; Bang Zhang; Zhidong Deng; Liefeng Bo,CVPR,2,0,0,2505.20861,"This paper introduces a new control signal for facial motion generation: timeline control. Compared to audio and text signals, timelines provide more fine-grained control, such as generating specific facial motions with precise timing. Users can specify a multi-track timeline of facial actions arranged in temporal intervals, allowing precise control over the timing of each action. To model the timeline control capability, We first annotate the time intervals of facial actions in natural facial motion sequences at a frame-level granularity. This process is facilitated by Toeplitz Inverse Covariance-based Clustering to minimize human labor. Based on the annotations, we propose a diffusion-based generation model capable of generating facial motions that are natural and accurately aligned with input timelines. Our method supports text-guided motion generation by using ChatGPT to convert text into timelines. Experimental results show that our method can annotate facial action intervals with satisfactory accuracy, and produces natural facial motions accurately aligned with timelines.",http://arxiv.org/abs/2505.20861v1,https://arxiv.org/pdf/2505.20861v1,"Accepted by CVPR 2025, Project Page: https://humanaigc.github.io/facial-motion-timeline-control/"
Category-Agnostic Neural Object Rigging,Guangzhao He; Chen Geng; Shangzhe Wu; Jiajun Wu,CVPR,2,0,0,2505.20283,"The motion of deformable 4D objects lies in a low-dimensional manifold. To better capture the low dimensionality and enable better controllability, traditional methods have devised several heuristic-based methods, i.e., rigging, for manipulating dynamic objects in an intuitive fashion. However, such representations are not scalable due to the need for expert knowledge of specific categories. Instead, we study the automatic exploration of such low-dimensional structures in a purely data-driven manner. Specifically, we design a novel representation that encodes deformable 4D objects into a sparse set of spatially grounded blobs and an instance-aware feature volume to disentangle the pose and instance information of the 3D shape. With such a representation, we can manipulate the pose of 3D objects intuitively by modifying the parameters of the blobs, while preserving rich instance-specific information. We evaluate the proposed method on a variety of object categories and demonstrate the effectiveness of the proposed framework. Project page: https://guangzhaohe.com/canor",http://arxiv.org/abs/2505.20283v1,https://arxiv.org/pdf/2505.20283v1,Accepted to CVPR 2025. Project Page: https://guangzhaohe.com/canor
Knowledge-Aligned Counterfactual-Enhancement Diffusion Perception for Unsupervised Cross-Domain Visual Emotion Recognition,Wen Yin; Yong Wang; Guiduo Duan; Dongyang Zhang; Xin Hu; Yuan-Fang Li; Tao He,CVPR,2,0,0,2505.19694,"Visual Emotion Recognition (VER) is a critical yet challenging task aimed at inferring emotional states of individuals based on visual cues. However, existing works focus on single domains, e.g., realistic images or stickers, limiting VER models' cross-domain generalizability. To fill this gap, we introduce an Unsupervised Cross-Domain Visual Emotion Recognition (UCDVER) task, which aims to generalize visual emotion recognition from the source domain (e.g., realistic images) to the low-resource target domain (e.g., stickers) in an unsupervised manner. Compared to the conventional unsupervised domain adaptation problems, UCDVER presents two key challenges: a significant emotional expression variability and an affective distribution shift. To mitigate these issues, we propose the Knowledge-aligned Counterfactual-enhancement Diffusion Perception (KCDP) framework. Specifically, KCDP leverages a VLM to align emotional representations in a shared knowledge space and guides diffusion models for improved visual affective perception. Furthermore, a Counterfactual-Enhanced Language-image Emotional Alignment (CLIEA) method generates high-quality pseudo-labels for the target domain. Extensive experiments demonstrate that our model surpasses SOTA models in both perceptibility and generalization, e.g., gaining 12% improvements over the SOTA VER model TGCA-PVT. The project page is at https://yinwen2019.github.io/ucdver.",http://arxiv.org/abs/2505.19694v1,https://arxiv.org/pdf/2505.19694v1,Accepted at CVPR 2025
Rotation-Equivariant Self-Supervised Method in Image Denoising,Hanze Liu; Jiahong Fu; Qi Xie; Deyu Meng,CVPR,2,0,0,2505.19618,"Self-supervised image denoising methods have garnered significant research attention in recent years, for this kind of method reduces the requirement of large training datasets. Compared to supervised methods, self-supervised methods rely more on the prior embedded in deep networks themselves. As a result, most of the self-supervised methods are designed with Convolution Neural Networks (CNNs) architectures, which well capture one of the most important image prior, translation equivariant prior. Inspired by the great success achieved by the introduction of translational equivariance, in this paper, we explore the way to further incorporate another important image prior. Specifically, we first apply high-accuracy rotation equivariant convolution to self-supervised image denoising. Through rigorous theoretical analysis, we have proved that simply replacing all the convolution layers with rotation equivariant convolution layers would modify the network into its rotation equivariant version. To the best of our knowledge, this is the first time that rotation equivariant image prior is introduced to self-supervised image denoising at the network architecture level with a comprehensive theoretical analysis of equivariance errors, which offers a new perspective to the field of self-supervised image denoising. Moreover, to further improve the performance, we design a new mask mechanism to fusion the output of rotation equivariant network and vanilla CNN-based network, and construct an adaptive rotation equivariant framework. Through extensive experiments on three typical methods, we have demonstrated the effectiveness of the proposed method.",http://arxiv.org/abs/2505.19618v1,https://arxiv.org/pdf/2505.19618v1,Accepted by CVPR 2025
Geometry-guided Online 3D Video Synthesis with Multi-View Temporal Consistency,Hyunho Ha; Lei Xiao; Christian Richardt; Thu Nguyen-Phuoc; Changil Kim; Min H. Kim; Douglas Lanman; Numair Khan,CVPR,2,0,0,2505.18932,"We introduce a novel geometry-guided online video view synthesis method with enhanced view and temporal consistency. Traditional approaches achieve high-quality synthesis from dense multi-view camera setups but require significant computational resources. In contrast, selective-input methods reduce this cost but often compromise quality, leading to multi-view and temporal inconsistencies such as flickering artifacts. Our method addresses this challenge to deliver efficient, high-quality novel-view synthesis with view and temporal consistency. The key innovation of our approach lies in using global geometry to guide an image-based rendering pipeline. To accomplish this, we progressively refine depth maps using color difference masks across time. These depth maps are then accumulated through truncated signed distance fields in the synthesized view's image space. This depth representation is view and temporally consistent, and is used to guide a pre-trained blending network that fuses multiple forward-rendered input-view images. Thus, the network is encouraged to output geometrically consistent synthesis results across multiple views and time. Our approach achieves consistent, high-quality video synthesis, while running efficiently in an online manner.",http://arxiv.org/abs/2505.18932v1,https://arxiv.org/pdf/2505.18932v1,Accepted by CVPR 2025. Project website: https://nkhan2.github.io/projects/geometry-guided-2025/index.html
DualTalk: Dual-Speaker Interaction for 3D Talking Head Conversations,Ziqiao Peng; Yanbo Fan; Haoyu Wu; Xuan Wang; Hongyan Liu; Jun He; Zhaoxin Fan,CVPR,2,0,0,2505.18096,"In face-to-face conversations, individuals need to switch between speaking and listening roles seamlessly. Existing 3D talking head generation models focus solely on speaking or listening, neglecting the natural dynamics of interactive conversation, which leads to unnatural interactions and awkward transitions. To address this issue, we propose a new task -- multi-round dual-speaker interaction for 3D talking head generation -- which requires models to handle and generate both speaking and listening behaviors in continuous conversation. To solve this task, we introduce DualTalk, a novel unified framework that integrates the dynamic behaviors of speakers and listeners to simulate realistic and coherent dialogue interactions. This framework not only synthesizes lifelike talking heads when speaking but also generates continuous and vivid non-verbal feedback when listening, effectively capturing the interplay between the roles. We also create a new dataset featuring 50 hours of multi-round conversations with over 1,000 characters, where participants continuously switch between speaking and listening roles. Extensive experiments demonstrate that our method significantly enhances the naturalness and expressiveness of 3D talking heads in dual-speaker conversations. We recommend watching the supplementary video: https://ziqiaopeng.github.io/dualtalk.",http://arxiv.org/abs/2505.18096v2,https://arxiv.org/pdf/2505.18096v2,Accepted by CVPR 2025
SeaLion: Semantic Part-Aware Latent Point Diffusion Models for 3D Generation,Dekai Zhu; Yan Di; Stefan Gavranovic; Slobodan Ilic,CVPR,2,0,0,2505.17721,"Denoising diffusion probabilistic models have achieved significant success in point cloud generation, enabling numerous downstream applications, such as generative data augmentation and 3D model editing. However, little attention has been given to generating point clouds with point-wise segmentation labels, as well as to developing evaluation metrics for this task. Therefore, in this paper, we present SeaLion, a novel diffusion model designed to generate high-quality and diverse point clouds with fine-grained segmentation labels. Specifically, we introduce the semantic part-aware latent point diffusion technique, which leverages the intermediate features of the generative models to jointly predict the noise for perturbed latent points and associated part segmentation labels during the denoising process, and subsequently decodes the latent points to point clouds conditioned on part segmentation labels. To effectively evaluate the quality of generated point clouds, we introduce a novel point cloud pairwise distance calculation method named part-aware Chamfer distance (p-CD). This method enables existing metrics, such as 1-NNA, to measure both the local structural quality and inter-part coherence of generated point clouds. Experiments on the large-scale synthetic dataset ShapeNet and real-world medical dataset IntrA demonstrate that SeaLion achieves remarkable performance in generation quality and diversity, outperforming the existing state-of-the-art model, DiffFacto, by 13.33% and 6.52% on 1-NNA (p-CD) across the two datasets. Experimental analysis shows that SeaLion can be trained semi-supervised, thereby reducing the demand for labeling efforts. Lastly, we validate the applicability of SeaLion in generative data augmentation for training segmentation models and the capability of SeaLion to serve as a tool for part-aware 3D shape editing.",http://arxiv.org/abs/2505.17721v2,https://arxiv.org/pdf/2505.17721v2,Accepted by CVPR 2025
PoseBH: Prototypical Multi-Dataset Training Beyond Human Pose Estimation,Uyoung Jeong; Jonathan Freer; Seungryul Baek; Hyung Jin Chang; Kwang In Kim,CVPR,2,0,0,2505.17475,"We study multi-dataset training (MDT) for pose estimation, where skeletal heterogeneity presents a unique challenge that existing methods have yet to address. In traditional domains, \eg regression and classification, MDT typically relies on dataset merging or multi-head supervision. However, the diversity of skeleton types and limited cross-dataset supervision complicate integration in pose estimation. To address these challenges, we introduce PoseBH, a new MDT framework that tackles keypoint heterogeneity and limited supervision through two key techniques. First, we propose nonparametric keypoint prototypes that learn within a unified embedding space, enabling seamless integration across skeleton types. Second, we develop a cross-type self-supervision mechanism that aligns keypoint predictions with keypoint embedding prototypes, providing supervision without relying on teacher-student models or additional augmentations. PoseBH substantially improves generalization across whole-body and animal pose datasets, including COCO-WholeBody, AP-10K, and APT-36K, while preserving performance on standard human pose benchmarks (COCO, MPII, and AIC). Furthermore, our learned keypoint embeddings transfer effectively to hand shape estimation (InterHand2.6M) and human body shape estimation (3DPW). The code for PoseBH is available at: https://github.com/uyoung-jeong/PoseBH.",http://arxiv.org/abs/2505.17475v1,https://arxiv.org/pdf/2505.17475v1,accepted to CVPR 2025
SOLVE: Synergy of Language-Vision and End-to-End Networks for Autonomous Driving,Xuesong Chen; Linjiang Huang; Tao Ma; Rongyao Fang; Shaoshuai Shi; Hongsheng Li,CVPR,2,0,0,2505.16805,"The integration of Vision-Language Models (VLMs) into autonomous driving systems has shown promise in addressing key challenges such as learning complexity, interpretability, and common-sense reasoning. However, existing approaches often struggle with efficient integration and realtime decision-making due to computational demands. In this paper, we introduce SOLVE, an innovative framework that synergizes VLMs with end-to-end (E2E) models to enhance autonomous vehicle planning. Our approach emphasizes knowledge sharing at the feature level through a shared visual encoder, enabling comprehensive interaction between VLM and E2E components. We propose a Trajectory Chain-of-Thought (T-CoT) paradigm, which progressively refines trajectory predictions, reducing uncertainty and improving accuracy. By employing a temporal decoupling strategy, SOLVE achieves efficient cooperation by aligning high-quality VLM outputs with E2E real-time performance. Evaluated on the nuScenes dataset, our method demonstrates significant improvements in trajectory prediction accuracy, paving the way for more robust and reliable autonomous driving systems.",http://arxiv.org/abs/2505.16805v1,https://arxiv.org/pdf/2505.16805v1,Accepted by CVPR 2025
Sketchy Bounding-box Supervision for 3D Instance Segmentation,Qian Deng; Le Hui; Jin Xie; Jian Yang,CVPR,2,0,0,2505.16399,"Bounding box supervision has gained considerable attention in weakly supervised 3D instance segmentation. While this approach alleviates the need for extensive point-level annotations, obtaining accurate bounding boxes in practical applications remains challenging. To this end, we explore the inaccurate bounding box, named sketchy bounding box, which is imitated through perturbing ground truth bounding box by adding scaling, translation, and rotation. In this paper, we propose Sketchy-3DIS, a novel weakly 3D instance segmentation framework, which jointly learns pseudo labeler and segmentator to improve the performance under the sketchy bounding-box supervisions. Specifically, we first propose an adaptive box-to-point pseudo labeler that adaptively learns to assign points located in the overlapped parts between two sketchy bounding boxes to the correct instance, resulting in compact and pure pseudo instance labels. Then, we present a coarse-to-fine instance segmentator that first predicts coarse instances from the entire point cloud and then learns fine instances based on the region of coarse instances. Finally, by using the pseudo instance labels to supervise the instance segmentator, we can gradually generate high-quality instances through joint training. Extensive experiments show that our method achieves state-of-the-art performance on both the ScanNetV2 and S3DIS benchmarks, and even outperforms several fully supervised methods using sketchy bounding boxes. Code is available at https://github.com/dengq7/Sketchy-3DIS.",http://arxiv.org/abs/2505.16399v1,https://arxiv.org/pdf/2505.16399v1,Accepted by CVPR 2025
DeCafNet: Delegate and Conquer for Efficient Temporal Grounding in Long Videos,Zijia Lu; A S M Iftekhar; Gaurav Mittal; Tianjian Meng; Xiawei Wang; Cheng Zhao; Rohith Kukkala; Ehsan Elhamifar; Mei Chen,CVPR,2,0,0,2505.16376,"Long Video Temporal Grounding (LVTG) aims at identifying specific moments within lengthy videos based on user-provided text queries for effective content retrieval. The approach taken by existing methods of dividing video into clips and processing each clip via a full-scale expert encoder is challenging to scale due to prohibitive computational costs of processing a large number of clips in long videos. To address this issue, we introduce DeCafNet, an approach employing ``delegate-and-conquer'' strategy to achieve computation efficiency without sacrificing grounding performance. DeCafNet introduces a sidekick encoder that performs dense feature extraction over all video clips in a resource-efficient manner, while generating a saliency map to identify the most relevant clips for full processing by the expert encoder. To effectively leverage features from sidekick and expert encoders that exist at different temporal resolutions, we introduce DeCaf-Grounder, which unifies and refines them via query-aware temporal aggregation and multi-scale temporal refinement for accurate grounding. Experiments on two LTVG benchmark datasets demonstrate that DeCafNet reduces computation by up to 47\% while still outperforming existing methods, establishing a new state-of-the-art for LTVG in terms of both efficiency and performance. Our code is available at https://github.com/ZijiaLewisLu/CVPR2025-DeCafNet.",http://arxiv.org/abs/2505.16376v1,https://arxiv.org/pdf/2505.16376v1,Accepted by CVPR 2025
Neural Video Compression with Context Modulation,Chuanbo Tang; Zhuoyuan Li; Yifan Bian; Li Li; Dong Liu,CVPR,2,0,0,2505.14541,"Efficient video coding is highly dependent on exploiting the temporal redundancy, which is usually achieved by extracting and leveraging the temporal context in the emerging conditional coding-based neural video codec (NVC). Although the latest NVC has achieved remarkable progress in improving the compression performance, the inherent temporal context propagation mechanism lacks the ability to sufficiently leverage the reference information, limiting further improvement. In this paper, we address the limitation by modulating the temporal context with the reference frame in two steps. Specifically, we first propose the flow orientation to mine the inter-correlation between the reference frame and prediction frame for generating the additional oriented temporal context. Moreover, we introduce the context compensation to leverage the oriented context to modulate the propagated temporal context generated from the propagated reference feature. Through the synergy mechanism and decoupling loss supervision, the irrelevant propagated information can be effectively eliminated to ensure better context modeling. Experimental results demonstrate that our codec achieves on average 22.7% bitrate reduction over the advanced traditional video codec H.266/VVC, and offers an average 10.1% bitrate saving over the previous state-of-the-art NVC DCVC-FM. The code is available at https://github.com/Austin4USTC/DCMVC.",http://arxiv.org/abs/2505.14541v1,https://arxiv.org/pdf/2505.14541v1,"11 pages, 8 figures, accepted by CVPR 2025"
OmniStyle: Filtering High Quality Style Transfer Data at Scale,Ye Wang; Ruiqi Liu; Jiang Lin; Fei Liu; Zili Yi; Yilin Wang; Rui Ma,CVPR,2,0,0,2505.14028,"In this paper, we introduce OmniStyle-1M, a large-scale paired style transfer dataset comprising over one million content-style-stylized image triplets across 1,000 diverse style categories, each enhanced with textual descriptions and instruction prompts. We show that OmniStyle-1M can not only enable efficient and scalable of style transfer models through supervised training but also facilitate precise control over target stylization. Especially, to ensure the quality of the dataset, we introduce OmniFilter, a comprehensive style transfer quality assessment framework, which filters high-quality triplets based on content preservation, style consistency, and aesthetic appeal. Building upon this foundation, we propose OmniStyle, a framework based on the Diffusion Transformer (DiT) architecture designed for high-quality and efficient style transfer. This framework supports both instruction-guided and image-guided style transfer, generating high resolution outputs with exceptional detail. Extensive qualitative and quantitative evaluations demonstrate OmniStyle's superior performance compared to existing approaches, highlighting its efficiency and versatility. OmniStyle-1M and its accompanying methodologies provide a significant contribution to advancing high-quality style transfer, offering a valuable resource for the research community.",http://arxiv.org/abs/2505.14028v1,https://arxiv.org/pdf/2505.14028v1,Accepted to CVPR 2025
PEER pressure: Model-to-Model Regularization for Single Source Domain Generalization,Dong Kyu Cho; Inwoo Hwang; Sanghack Lee,CVPR,2,0,0,2505.12745,"Data augmentation is a popular tool for single source domain generalization, which expands the source domain by generating simulated ones, improving generalization on unseen target domains. In this work, we show that the performance of such augmentation-based methods in the target domains universally fluctuates during training, posing challenges in model selection under realistic scenarios. We argue that the fluctuation stems from the inability of the model to accumulate the knowledge learned from diverse augmentations, exacerbating feature distortion during training. Based on this observation, we propose a novel generalization method, coined Parameter-Space Ensemble with Entropy Regularization (PEER), that uses a proxy model to learn the augmented data on behalf of the main model. The main model is updated by averaging its parameters with the proxy model, progressively accumulating knowledge over the training steps. Maximizing the mutual information between the output representations of the two models guides the learning process of the proxy model, mitigating feature distortion during training. Experimental results demonstrate the effectiveness of PEER in reducing the OOD performance fluctuation and enhancing generalization across various datasets, including PACS, Digits, Office-Home, and VLCS. Notably, our method with simple random augmentation achieves state-of-the-art performance, surpassing prior approaches on sDG that utilize complex data augmentation strategies.",http://arxiv.org/abs/2505.12745v1,https://arxiv.org/pdf/2505.12745v1,"21 pages, 9 figures, Accepted at CVPR 2025"
Degradation-Aware Feature Perturbation for All-in-One Image Restoration,Xiangpeng Tian; Xiangyu Liao; Xiao Liu; Meng Li; Chao Ren,CVPR,2,0,0,2505.12630,"All-in-one image restoration aims to recover clear images from various degradation types and levels with a unified model. Nonetheless, the significant variations among degradation types present challenges for training a universal model, often resulting in task interference, where the gradient update directions of different tasks may diverge due to shared parameters. To address this issue, motivated by the routing strategy, we propose DFPIR, a novel all-in-one image restorer that introduces Degradation-aware Feature Perturbations(DFP) to adjust the feature space to align with the unified parameter space. In this paper, the feature perturbations primarily include channel-wise perturbations and attention-wise perturbations. Specifically, channel-wise perturbations are implemented by shuffling the channels in high-dimensional space guided by degradation types, while attention-wise perturbations are achieved through selective masking in the attention space. To achieve these goals, we propose a Degradation-Guided Perturbation Block (DGPB) to implement these two functions, positioned between the encoding and decoding stages of the encoder-decoder architecture. Extensive experimental results demonstrate that DFPIR achieves state-of-the-art performance on several all-in-one image restoration tasks including image denoising, image dehazing, image deraining, motion deblurring, and low-light image enhancement. Our codes are available at https://github.com/TxpHome/DFPIR.",http://arxiv.org/abs/2505.12630v1,https://arxiv.org/pdf/2505.12630v1,"Accepted to CVPR 2025. 8 pages, 7 figures"
RefPose: Leveraging Reference Geometric Correspondences for Accurate 6D Pose Estimation of Unseen Objects,Jaeguk Kim; Jaewoo Park; Keuntek Lee; Nam Ik Cho,CVPR,2,0,0,2505.10841,"Estimating the 6D pose of unseen objects from monocular RGB images remains a challenging problem, especially due to the lack of prior object-specific knowledge. To tackle this issue, we propose RefPose, an innovative approach to object pose estimation that leverages a reference image and geometric correspondence as guidance. RefPose first predicts an initial pose by using object templates to render the reference image and establish the geometric correspondence needed for the refinement stage. During the refinement stage, RefPose estimates the geometric correspondence of the query based on the generated references and iteratively refines the pose through a render-and-compare approach. To enhance this estimation, we introduce a correlation volume-guided attention mechanism that effectively captures correlations between the query and reference images. Unlike traditional methods that depend on pre-defined object models, RefPose dynamically adapts to new object shapes by leveraging a reference image and geometric correspondence. This results in robust performance across previously unseen objects. Extensive evaluation on the BOP benchmark datasets shows that RefPose achieves state-of-the-art results while maintaining a competitive runtime.",http://arxiv.org/abs/2505.10841v1,https://arxiv.org/pdf/2505.10841v1,Accepted at CVPR 2025
Advancing Multiple Instance Learning with Continual Learning for Whole Slide Imaging,Xianrui Li; Yufei Cui; Jun Li; Antoni B. Chan,CVPR,2,0,0,2505.10649,"Advances in medical imaging and deep learning have propelled progress in whole slide image (WSI) analysis, with multiple instance learning (MIL) showing promise for efficient and accurate diagnostics. However, conventional MIL models often lack adaptability to evolving datasets, as they rely on static training that cannot incorporate new information without extensive retraining. Applying continual learning (CL) to MIL models is a possible solution, but often sees limited improvements. In this paper, we analyze CL in the context of attention MIL models and find that the model forgetting is mainly concentrated in the attention layers of the MIL model. Using the results of this analysis we propose two components for improving CL on MIL: Attention Knowledge Distillation (AKD) and the Pseudo-Bag Memory Pool (PMP). AKD mitigates catastrophic forgetting by focusing on retaining attention layer knowledge between learning sessions, while PMP reduces the memory footprint by selectively storing only the most informative patches, or ``pseudo-bags'' from WSIs. Experimental evaluations demonstrate that our method significantly improves both accuracy and memory efficiency on diverse WSI datasets, outperforming current state-of-the-art CL methods. This work provides a foundation for CL in large-scale, weakly annotated clinical datasets, paving the way for more adaptable and resilient diagnostic models.",http://arxiv.org/abs/2505.10649v1,https://arxiv.org/pdf/2505.10649v1,Accepted by CVPR 2025
UMotion: Uncertainty-driven Human Motion Estimation from Inertial and Ultra-wideband Units,Huakun Liu; Hiroki Ota; Xin Wei; Yutaro Hirao; Monica Perusquia-Hernandez; Hideaki Uchiyama; Kiyoshi Kiyokawa,CVPR,2,0,0,2505.09393,"Sparse wearable inertial measurement units (IMUs) have gained popularity for estimating 3D human motion. However, challenges such as pose ambiguity, data drift, and limited adaptability to diverse bodies persist. To address these issues, we propose UMotion, an uncertainty-driven, online fusing-all state estimation framework for 3D human shape and pose estimation, supported by six integrated, body-worn ultra-wideband (UWB) distance sensors with IMUs. UWB sensors measure inter-node distances to infer spatial relationships, aiding in resolving pose ambiguities and body shape variations when combined with anthropometric data. Unfortunately, IMUs are prone to drift, and UWB sensors are affected by body occlusions. Consequently, we develop a tightly coupled Unscented Kalman Filter (UKF) framework that fuses uncertainties from sensor data and estimated human motion based on individual body shape. The UKF iteratively refines IMU and UWB measurements by aligning them with uncertain human motion constraints in real-time, producing optimal estimates for each. Experiments on both synthetic and real-world datasets demonstrate the effectiveness of UMotion in stabilizing sensor data and the improvement over state of the art in pose accuracy.",http://arxiv.org/abs/2505.09393v1,https://arxiv.org/pdf/2505.09393v1,Accepted by CVPR 2025
L-SWAG: Layer-Sample Wise Activation with Gradients information for Zero-Shot NAS on Vision Transformers,Sofia Casarin; Sergio Escalera; Oswald Lanz,CVPR,2,0,0,2505.07300,"Training-free Neural Architecture Search (NAS) efficiently identifies high-performing neural networks using zero-cost (ZC) proxies. Unlike multi-shot and one-shot NAS approaches, ZC-NAS is both (i) time-efficient, eliminating the need for model training, and (ii) interpretable, with proxy designs often theoretically grounded. Despite rapid developments in the field, current SOTA ZC proxies are typically constrained to well-established convolutional search spaces. With the rise of Large Language Models shaping the future of deep learning, this work extends ZC proxy applicability to Vision Transformers (ViTs). We present a new benchmark using the Autoformer search space evaluated on 6 distinct tasks and propose Layer-Sample Wise Activation with Gradients information (L-SWAG), a novel, generalizable metric that characterizes both convolutional and transformer architectures across 14 tasks. Additionally, previous works highlighted how different proxies contain complementary information, motivating the need for a ML model to identify useful combinations. To further enhance ZC-NAS, we therefore introduce LIBRA-NAS (Low Information gain and Bias Re-Alignment), a method that strategically combines proxies to best represent a specific benchmark. Integrated into the NAS search, LIBRA-NAS outperforms evolution and gradient-based NAS techniques by identifying an architecture with a 17.0% test error on ImageNet1k in just 0.1 GPU days.",http://arxiv.org/abs/2505.07300v1,https://arxiv.org/pdf/2505.07300v1,accepted at CVPR 2025
DiffLocks: Generating 3D Hair from a Single Image using Diffusion Models,Radu Alexandru Rosu; Keyu Wu; Yao Feng; Youyi Zheng; Michael J. Black,CVPR,2,0,0,2505.06166,"We address the task of generating 3D hair geometry from a single image, which is challenging due to the diversity of hairstyles and the lack of paired image-to-3D hair data. Previous methods are primarily trained on synthetic data and cope with the limited amount of such data by using low-dimensional intermediate representations, such as guide strands and scalp-level embeddings, that require post-processing to decode, upsample, and add realism. These approaches fail to reconstruct detailed hair, struggle with curly hair, or are limited to handling only a few hairstyles. To overcome these limitations, we propose DiffLocks, a novel framework that enables detailed reconstruction of a wide variety of hairstyles directly from a single image. First, we address the lack of 3D hair data by automating the creation of the largest synthetic hair dataset to date, containing 40K hairstyles. Second, we leverage the synthetic hair dataset to learn an image-conditioned diffusion-transfomer model that generates accurate 3D strands from a single frontal image. By using a pretrained image backbone, our method generalizes to in-the-wild images despite being trained only on synthetic data. Our diffusion model predicts a scalp texture map in which any point in the map contains the latent code for an individual hair strand. These codes are directly decoded to 3D strands without post-processing techniques. Representing individual strands, instead of guide strands, enables the transformer to model the detailed spatial structure of complex hairstyles. With this, DiffLocks can recover highly curled hair, like afro hairstyles, from a single image for the first time. Data and code is available at https://radualexandru.github.io/difflocks/",http://arxiv.org/abs/2505.06166v1,https://arxiv.org/pdf/2505.06166v1,Accepted to CVPR 2025
Open Set Label Shift with Test Time Out-of-Distribution Reference,Changkun Ye; Russell Tsuchida; Lars Petersson; Nick Barnes,CVPR,2,0,0,2505.05868,"Open set label shift (OSLS) occurs when label distributions change from a source to a target distribution, and the target distribution has an additional out-of-distribution (OOD) class. In this work, we build estimators for both source and target open set label distributions using a source domain in-distribution (ID) classifier and an ID/OOD classifier. With reasonable assumptions on the ID/OOD classifier, the estimators are assembled into a sequence of three stages: 1) an estimate of the source label distribution of the OOD class, 2) an EM algorithm for Maximum Likelihood estimates (MLE) of the target label distribution, and 3) an estimate of the target label distribution of OOD class under relaxed assumptions on the OOD classifier. The sampling errors of estimates in 1) and 3) are quantified with a concentration inequality. The estimation result allows us to correct the ID classifier trained on the source distribution to the target distribution without retraining. Experiments on a variety of open set label shift settings demonstrate the effectiveness of our model. Our code is available at https://github.com/ChangkunYe/OpenSetLabelShift.",http://arxiv.org/abs/2505.05868v1,https://arxiv.org/pdf/2505.05868v1,Accepted at CVPR 2025
Convex Relaxation for Robust Vanishing Point Estimation in Manhattan World,Bangyan Liao; Zhenjun Zhao; Haoang Li; Yi Zhou; Yingping Zeng; Hao Li; Peidong Liu,CVPR,2,0,0,2505.04788,"Determining the vanishing points (VPs) in a Manhattan world, as a fundamental task in many 3D vision applications, consists of jointly inferring the line-VP association and locating each VP. Existing methods are, however, either sub-optimal solvers or pursuing global optimality at a significant cost of computing time. In contrast to prior works, we introduce convex relaxation techniques to solve this task for the first time. Specifically, we employ a ""soft"" association scheme, realized via a truncated multi-selection error, that allows for joint estimation of VPs' locations and line-VP associations. This approach leads to a primal problem that can be reformulated into a quadratically constrained quadratic programming (QCQP) problem, which is then relaxed into a convex semidefinite programming (SDP) problem. To solve this SDP problem efficiently, we present a globally optimal outlier-robust iterative solver (called GlobustVP), which independently searches for one VP and its associated lines in each iteration, treating other lines as outliers. After each independent update of all VPs, the mutual orthogonality between the three VPs in a Manhattan world is reinforced via local refinement. Extensive experiments on both synthetic and real-world data demonstrate that GlobustVP achieves a favorable balance between efficiency, robustness, and global optimality compared to previous works. The code is publicly available at https://github.com/WU-CVGL/GlobustVP.",http://arxiv.org/abs/2505.04788v3,https://arxiv.org/pdf/2505.04788v3,Accepted to CVPR 2025 as Award Candidate & Oral Presentation. The first two authors contributed equally to this work. Code: https://github.com/WU-CVGL/GlobustVP
Object-Shot Enhanced Grounding Network for Egocentric Video,Yisen Feng; Haoyu Zhang; Meng Liu; Weili Guan; Liqiang Nie,CVPR,2,0,0,2505.04270,"Egocentric video grounding is a crucial task for embodied intelligence applications, distinct from exocentric video moment localization. Existing methods primarily focus on the distributional differences between egocentric and exocentric videos but often neglect key characteristics of egocentric videos and the fine-grained information emphasized by question-type queries. To address these limitations, we propose OSGNet, an Object-Shot enhanced Grounding Network for egocentric video. Specifically, we extract object information from videos to enrich video representation, particularly for objects highlighted in the textual query but not directly captured in the video features. Additionally, we analyze the frequent shot movements inherent to egocentric videos, leveraging these features to extract the wearer's attention information, which enhances the model's ability to perform modality alignment. Experiments conducted on three datasets demonstrate that OSGNet achieves state-of-the-art performance, validating the effectiveness of our approach. Our code can be found at https://github.com/Yisen-Feng/OSGNet.",http://arxiv.org/abs/2505.04270v1,https://arxiv.org/pdf/2505.04270v1,Accepted by CVPR 2025
One2Any: One-Reference 6D Pose Estimation for Any Object,Mengya Liu; Siyuan Li; Ajad Chhatkuli; Prune Truong; Luc Van Gool; Federico Tombari,CVPR,2,0,0,2505.04109,"6D object pose estimation remains challenging for many applications due to dependencies on complete 3D models, multi-view images, or training limited to specific object categories. These requirements make generalization to novel objects difficult for which neither 3D models nor multi-view images may be available. To address this, we propose a novel method One2Any that estimates the relative 6-degrees of freedom (DOF) object pose using only a single reference-single query RGB-D image, without prior knowledge of its 3D model, multi-view data, or category constraints. We treat object pose estimation as an encoding-decoding process, first, we obtain a comprehensive Reference Object Pose Embedding (ROPE) that encodes an object shape, orientation, and texture from a single reference view. Using this embedding, a U-Net-based pose decoding module produces Reference Object Coordinate (ROC) for new views, enabling fast and accurate pose estimation. This simple encoding-decoding framework allows our model to be trained on any pair-wise pose data, enabling large-scale training and demonstrating great scalability. Experiments on multiple benchmark datasets demonstrate that our model generalizes well to novel objects, achieving state-of-the-art accuracy and robustness even rivaling methods that require multi-view or CAD inputs, at a fraction of compute.",http://arxiv.org/abs/2505.04109v1,https://arxiv.org/pdf/2505.04109v1,accepted by CVPR 2025
"EvEnhancer: Empowering Effectiveness, Efficiency and Generalizability for Continuous Space-Time Video Super-Resolution with Events",Shuoyan Wei; Feng Li; Shengeng Tang; Yao Zhao; Huihui Bai,CVPR,2,0,0,2505.04657,"Continuous space-time video super-resolution (C-STVSR) endeavors to upscale videos simultaneously at arbitrary spatial and temporal scales, which has recently garnered increasing interest. However, prevailing methods struggle to yield satisfactory videos at out-of-distribution spatial and temporal scales. On the other hand, event streams characterized by high temporal resolution and high dynamic range, exhibit compelling promise in vision tasks. This paper presents EvEnhancer, an innovative approach that marries the unique advantages of event streams to elevate effectiveness, efficiency, and generalizability for C-STVSR. Our approach hinges on two pivotal components: 1) Event-adapted synthesis capitalizes on the spatiotemporal correlations between frames and events to discern and learn long-term motion trajectories, enabling the adaptive interpolation and fusion of informative spatiotemporal features; 2) Local implicit video transformer integrates local implicit video neural function with cross-scale spatiotemporal attention to learn continuous video representations utilized to generate plausible videos at arbitrary resolutions and frame rates. Experiments show that EvEnhancer achieves superiority on synthetic and real-world datasets and preferable generalizability on out-of-distribution scales against state-of-the-art methods. Code is available at https://github.com/W-Shuoyan/EvEnhancer.",http://arxiv.org/abs/2505.04657v1,https://arxiv.org/pdf/2505.04657v1,"19 pages, 11 figures, 11 tables. Accepted to CVPR 2025 (Highlight)"
MeshGen: Generating PBR Textured Mesh with Render-Enhanced Auto-Encoder and Generative Data Augmentation,Zilong Chen; Yikai Wang; Wenqiang Sun; Feng Wang; Yiwen Chen; Huaping Liu,CVPR,2,0,0,2505.04656,"In this paper, we introduce MeshGen, an advanced image-to-3D pipeline that generates high-quality 3D meshes with detailed geometry and physically based rendering (PBR) textures. Addressing the challenges faced by existing 3D native diffusion models, such as suboptimal auto-encoder performance, limited controllability, poor generalization, and inconsistent image-based PBR texturing, MeshGen employs several key innovations to overcome these limitations. We pioneer a render-enhanced point-to-shape auto-encoder that compresses meshes into a compact latent space by designing perceptual optimization with ray-based regularization. This ensures that the 3D shapes are accurately represented and reconstructed to preserve geometric details within the latent space. To address data scarcity and image-shape misalignment, we further propose geometric augmentation and generative rendering augmentation techniques, which enhance the model's controllability and generalization ability, allowing it to perform well even with limited public datasets. For the texture generation, MeshGen employs a reference attention-based multi-view ControlNet for consistent appearance synthesis. This is further complemented by our multi-view PBR decomposer that estimates PBR components and a UV inpainter that fills invisible areas, ensuring a seamless and consistent texture across the 3D mesh. Our extensive experiments demonstrate that MeshGen largely outperforms previous methods in both shape and texture generation, setting a new standard for the quality of 3D meshes generated with PBR textures. See our code at https://github.com/heheyas/MeshGen, project page https://heheyas.github.io/MeshGen",http://arxiv.org/abs/2505.04656v1,https://arxiv.org/pdf/2505.04656v1,To appear at CVPR 2025 with highlight
PosterO: Structuring Layout Trees to Enable Language Models in Generalized Content-Aware Layout Generation,HsiaoYuan Hsu; Yuxin Peng,CVPR,2,0,0,2505.07843,"In poster design, content-aware layout generation is crucial for automatically arranging visual-textual elements on the given image. With limited training data, existing work focused on image-centric enhancement. However, this neglects the diversity of layouts and fails to cope with shape-variant elements or diverse design intents in generalized settings. To this end, we proposed a layout-centric approach that leverages layout knowledge implicit in large language models (LLMs) to create posters for omnifarious purposes, hence the name PosterO. Specifically, it structures layouts from datasets as trees in SVG language by universal shape, design intent vectorization, and hierarchical node representation. Then, it applies LLMs during inference to predict new layout trees by in-context learning with intent-aligned example selection. After layout trees are generated, we can seamlessly realize them into poster designs by editing the chat with LLMs. Extensive experimental results have demonstrated that PosterO can generate visually appealing layouts for given images, achieving new state-of-the-art performance across various benchmarks. To further explore PosterO's abilities under the generalized settings, we built PStylish7, the first dataset with multi-purpose posters and various-shaped elements, further offering a challenging test for advanced research.",http://arxiv.org/abs/2505.07843v2,https://arxiv.org/pdf/2505.07843v2,Accepted to CVPR 2025. Minor editing issue fixed. Code and dataset are available at https://thekinsley.github.io/PosterO/
TimeTracker: Event-based Continuous Point Tracking for Video Frame Interpolation with Non-linear Motion,Haoyue Liu; Jinghan Xu; Yi Chang; Hanyu Zhou; Haozhi Zhao; Lin Wang; Luxin Yan,CVPR,2,0,0,2505.03116,"Video frame interpolation (VFI) that leverages the bio-inspired event cameras as guidance has recently shown better performance and memory efficiency than the frame-based methods, thanks to the event cameras' advantages, such as high temporal resolution. A hurdle for event-based VFI is how to effectively deal with non-linear motion, caused by the dynamic changes in motion direction and speed within the scene. Existing methods either use events to estimate sparse optical flow or fuse events with image features to estimate dense optical flow. Unfortunately, motion errors often degrade the VFI quality as the continuous motion cues from events do not align with the dense spatial information of images in the temporal dimension. In this paper, we find that object motion is continuous in space, tracking local regions over continuous time enables more accurate identification of spatiotemporal feature correlations. In light of this, we propose a novel continuous point tracking-based VFI framework, named TimeTracker. Specifically, we first design a Scene-Aware Region Segmentation (SARS) module to divide the scene into similar patches. Then, a Continuous Trajectory guided Motion Estimation (CTME) module is proposed to track the continuous motion trajectory of each patch through events. Finally, intermediate frames at any given time are generated through global motion optimization and frame refinement. Moreover, we collect a real-world dataset that features fast non-linear motion. Extensive experiments show that our method outperforms prior arts in both motion estimation and frame interpolation quality.",http://arxiv.org/abs/2505.03116v1,https://arxiv.org/pdf/2505.03116v1,Accepted by CVPR 2025
Not All Parameters Matter: Masking Diffusion Models for Enhancing Generation Ability,Lei Wang; Senmao Li; Fei Yang; Jianye Wang; Ziheng Zhang; Yuhan Liu; Yaxing Wang; Jian Yang,CVPR,2,0,0,2505.03097,"The diffusion models, in early stages focus on constructing basic image structures, while the refined details, including local features and textures, are generated in later stages. Thus the same network layers are forced to learn both structural and textural information simultaneously, significantly differing from the traditional deep learning architectures (e.g., ResNet or GANs) which captures or generates the image semantic information at different layers. This difference inspires us to explore the time-wise diffusion models. We initially investigate the key contributions of the U-Net parameters to the denoising process and identify that properly zeroing out certain parameters (including large parameters) contributes to denoising, substantially improving the generation quality on the fly. Capitalizing on this discovery, we propose a simple yet effective method-termed ``MaskUNet''- that enhances generation quality with negligible parameter numbers. Our method fully leverages timestep- and sample-dependent effective U-Net parameters. To optimize MaskUNet, we offer two fine-tuning strategies: a training-based approach and a training-free approach, including tailored networks and optimization functions. In zero-shot inference on the COCO dataset, MaskUNet achieves the best FID score and further demonstrates its effectiveness in downstream task evaluations. Project page: https://gudaochangsheng.github.io/MaskUnet-Page/",http://arxiv.org/abs/2505.03097v1,https://arxiv.org/pdf/2505.03097v1,Accepted to CVPR 2025
Advancing Generalizable Tumor Segmentation with Anomaly-Aware Open-Vocabulary Attention Maps and Frozen Foundation Diffusion Models,Yankai Jiang; Peng Zhang; Donglin Yang; Yuan Tian; Hai Lin; Xiaosong Wang,CVPR,2,0,0,2505.02753,"We explore Generalizable Tumor Segmentation, aiming to train a single model for zero-shot tumor segmentation across diverse anatomical regions. Existing methods face limitations related to segmentation quality, scalability, and the range of applicable imaging modalities. In this paper, we uncover the potential of the internal representations within frozen medical foundation diffusion models as highly efficient zero-shot learners for tumor segmentation by introducing a novel framework named DiffuGTS. DiffuGTS creates anomaly-aware open-vocabulary attention maps based on text prompts to enable generalizable anomaly segmentation without being restricted by a predefined training category list. To further improve and refine anomaly segmentation masks, DiffuGTS leverages the diffusion model, transforming pathological regions into high-quality pseudo-healthy counterparts through latent space inpainting, and applies a novel pixel-level and feature-level residual learning approach, resulting in segmentation masks with significantly enhanced quality and generalization. Comprehensive experiments on four datasets and seven tumor categories demonstrate the superior performance of our method, surpassing current state-of-the-art models across multiple zero-shot settings. Codes are available at https://github.com/Yankai96/DiffuGTS.",http://arxiv.org/abs/2505.02753v1,https://arxiv.org/pdf/2505.02753v1,This paper is accepted to CVPR 2025
Hierarchical Compact Clustering Attention (COCA) for Unsupervised Object-Centric Learning,Can Küçüksözen; Yücel Yemez,CVPR,2,0,0,2505.02071,"We propose the Compact Clustering Attention (COCA) layer, an effective building block that introduces a hierarchical strategy for object-centric representation learning, while solving the unsupervised object discovery task on single images. COCA is an attention-based clustering module capable of extracting object-centric representations from multi-object scenes, when cascaded into a bottom-up hierarchical network architecture, referred to as COCA-Net. At its core, COCA utilizes a novel clustering algorithm that leverages the physical concept of compactness, to highlight distinct object centroids in a scene, providing a spatial inductive bias. Thanks to this strategy, COCA-Net generates high-quality segmentation masks on both the decoder side and, notably, the encoder side of its pipeline. Additionally, COCA-Net is not bound by a predetermined number of object masks that it generates and handles the segmentation of background elements better than its competitors. We demonstrate COCA-Net's segmentation performance on six widely adopted datasets, achieving superior or competitive results against the state-of-the-art models across nine different evaluation metrics.",http://arxiv.org/abs/2505.02071v1,https://arxiv.org/pdf/2505.02071v1,Accepted to CVPR 2025
CAV-MAE Sync: Improving Contrastive Audio-Visual Mask Autoencoders via Fine-Grained Alignment,Edson Araujo; Andrew Rouditchenko; Yuan Gong; Saurabhchand Bhati; Samuel Thomas; Brian Kingsbury; Leonid Karlinsky; Rogerio Feris; James R. Glass; Hilde Kuehne,CVPR,2,0,0,2505.01237,"Recent advances in audio-visual learning have shown promising results in learning representations across modalities. However, most approaches rely on global audio representations that fail to capture fine-grained temporal correspondences with visual frames. Additionally, existing methods often struggle with conflicting optimization objectives when trying to jointly learn reconstruction and cross-modal alignment. In this work, we propose CAV-MAE Sync as a simple yet effective extension of the original CAV-MAE framework for self-supervised audio-visual learning. We address three key challenges: First, we tackle the granularity mismatch between modalities by treating audio as a temporal sequence aligned with video frames, rather than using global representations. Second, we resolve conflicting optimization goals by separating contrastive and reconstruction objectives through dedicated global tokens. Third, we improve spatial localization by introducing learnable register tokens that reduce semantic load on patch tokens. We evaluate the proposed approach on AudioSet, VGG Sound, and the ADE20K Sound dataset on zero-shot retrieval, classification and localization tasks demonstrating state-of-the-art performance and outperforming more complex architectures.",http://arxiv.org/abs/2505.01237v2,https://arxiv.org/pdf/2505.01237v2,"To be published at CVPR 2025, code available at https://github.com/edsonroteia/cav-mae-sync"
FreePCA: Integrating Consistency Information across Long-short Frames in Training-free Long Video Generation via Principal Component Analysis,Jiangtong Tan; Hu Yu; Jie Huang; Jie Xiao; Feng Zhao,CVPR,2,0,0,2505.01172,"Long video generation involves generating extended videos using models trained on short videos, suffering from distribution shifts due to varying frame counts. It necessitates the use of local information from the original short frames to enhance visual and motion quality, and global information from the entire long frames to ensure appearance consistency. Existing training-free methods struggle to effectively integrate the benefits of both, as appearance and motion in videos are closely coupled, leading to motion inconsistency and visual quality. In this paper, we reveal that global and local information can be precisely decoupled into consistent appearance and motion intensity information by applying Principal Component Analysis (PCA), allowing for refined complementary integration of global consistency and local quality. With this insight, we propose FreePCA, a training-free long video generation paradigm based on PCA that simultaneously achieves high consistency and quality. Concretely, we decouple consistent appearance and motion intensity features by measuring cosine similarity in the principal component space. Critically, we progressively integrate these features to preserve original quality and ensure smooth transitions, while further enhancing consistency by reusing the mean statistics of the initial noise. Experiments demonstrate that FreePCA can be applied to various video diffusion models without requiring training, leading to substantial improvements. Code is available at https://github.com/JosephTiTan/FreePCA.",http://arxiv.org/abs/2505.01172v1,https://arxiv.org/pdf/2505.01172v1,Accepted by CVPR 2025
Towards Scalable Human-aligned Benchmark for Text-guided Image Editing,Suho Ryu; Kihyun Kim; Eugene Baek; Dongsoo Shin; Joonseok Lee,CVPR,2,0,0,2505.00502,"A variety of text-guided image editing models have been proposed recently. However, there is no widely-accepted standard evaluation method mainly due to the subjective nature of the task, letting researchers rely on manual user study. To address this, we introduce a novel Human-Aligned benchmark for Text-guided Image Editing (HATIE). Providing a large-scale benchmark set covering a wide range of editing tasks, it allows reliable evaluation, not limited to specific easy-to-evaluate cases. Also, HATIE provides a fully-automated and omnidirectional evaluation pipeline. Particularly, we combine multiple scores measuring various aspects of editing so as to align with human perception. We empirically verify that the evaluation of HATIE is indeed human-aligned in various aspects, and provide benchmark results on several state-of-the-art models to provide deeper insights on their performance.",http://arxiv.org/abs/2505.00502v1,https://arxiv.org/pdf/2505.00502v1,Accepted to CVPR 2025 (highlight)
Antidote: A Unified Framework for Mitigating LVLM Hallucinations in Counterfactual Presupposition and Object Perception,Yuanchen Wu; Lu Zhang; Hang Yao; Junlong Du; Ke Yan; Shouhong Ding; Yunsheng Wu; Xiaoqiang Li,CVPR,2,0,0,2504.20468,"Large Vision-Language Models (LVLMs) have achieved impressive results across various cross-modal tasks. However, hallucinations, i.e., the models generating counterfactual responses, remain a challenge. Though recent studies have attempted to alleviate object perception hallucinations, they focus on the models' response generation, and overlooking the task question itself. This paper discusses the vulnerability of LVLMs in solving counterfactual presupposition questions (CPQs), where the models are prone to accept the presuppositions of counterfactual objects and produce severe hallucinatory responses. To this end, we introduce ""Antidote"", a unified, synthetic data-driven post-training framework for mitigating both types of hallucination above. It leverages synthetic data to incorporate factual priors into questions to achieve self-correction, and decouple the mitigation process into a preference optimization problem. Furthermore, we construct ""CP-Bench"", a novel benchmark to evaluate LVLMs' ability to correctly handle CPQs and produce factual responses. Applied to the LLaVA series, Antidote can simultaneously enhance performance on CP-Bench by over 50%, POPE by 1.8-3.3%, and CHAIR & SHR by 30-50%, all without relying on external supervision from stronger LVLMs or human feedback and introducing noticeable catastrophic forgetting issues.",http://arxiv.org/abs/2504.20468v2,https://arxiv.org/pdf/2504.20468v2,Accepted to CVPR 2025
"LIRM: Large Inverse Rendering Model for Progressive Reconstruction of Shape, Materials and View-dependent Radiance Fields",Zhengqin Li; Dilin Wang; Ka Chen; Zhaoyang Lv; Thu Nguyen-Phuoc; Milim Lee; Jia-Bin Huang; Lei Xiao; Cheng Zhang; Yufeng Zhu; Carl S. Marshall; Yufeng Ren; Richard Newcombe; Zhao Dong,CVPR,2,0,0,2504.20026,"We present Large Inverse Rendering Model (LIRM), a transformer architecture that jointly reconstructs high-quality shape, materials, and radiance fields with view-dependent effects in less than a second. Our model builds upon the recent Large Reconstruction Models (LRMs) that achieve state-of-the-art sparse-view reconstruction quality. However, existing LRMs struggle to reconstruct unseen parts accurately and cannot recover glossy appearance or generate relightable 3D contents that can be consumed by standard Graphics engines. To address these limitations, we make three key technical contributions to build a more practical multi-view 3D reconstruction framework. First, we introduce an update model that allows us to progressively add more input views to improve our reconstruction. Second, we propose a hexa-plane neural SDF representation to better recover detailed textures, geometry and material parameters. Third, we develop a novel neural directional-embedding mechanism to handle view-dependent effects. Trained on a large-scale shape and material dataset with a tailored coarse-to-fine training scheme, our model achieves compelling results. It compares favorably to optimization-based dense-view inverse rendering methods in terms of geometry and relighting accuracy, while requiring only a fraction of the inference time.",http://arxiv.org/abs/2504.20026v1,https://arxiv.org/pdf/2504.20026v1,Accepted by CVPR 2025
VI3NR: Variance Informed Initialization for Implicit Neural Representations,Chamin Hewa Koneputugodage; Yizhak Ben-Shabat; Sameera Ramasinghe; Stephen Gould,CVPR,2,0,0,2504.19270,"Implicit Neural Representations (INRs) are a versatile and powerful tool for encoding various forms of data, including images, videos, sound, and 3D shapes. A critical factor in the success of INRs is the initialization of the network, which can significantly impact the convergence and accuracy of the learned model. Unfortunately, commonly used neural network initializations are not widely applicable for many activation functions, especially those used by INRs. In this paper, we improve upon previous initialization methods by deriving an initialization that has stable variance across layers, and applies to any activation function. We show that this generalizes many previous initialization methods, and has even better stability for well studied activations. We also show that our initialization leads to improved results with INR activation functions in multiple signal modalities. Our approach is particularly effective for Gaussian INRs, where we demonstrate that the theory of our initialization matches with task performance in multiple experiments, allowing us to achieve improvements in image, audio, and 3D surface reconstruction.",http://arxiv.org/abs/2504.19270v1,https://arxiv.org/pdf/2504.19270v1,Accepted to CVPR 2025
Enhancing Privacy-Utility Trade-offs to Mitigate Memorization in Diffusion Models,Chen Chen; Daochang Liu; Mubarak Shah; Chang Xu,CVPR,2,0,0,2504.18032,"Text-to-image diffusion models have demonstrated remarkable capabilities in creating images highly aligned with user prompts, yet their proclivity for memorizing training set images has sparked concerns about the originality of the generated images and privacy issues, potentially leading to legal complications for both model owners and users, particularly when the memorized images contain proprietary content. Although methods to mitigate these issues have been suggested, enhancing privacy often results in a significant decrease in the utility of the outputs, as indicated by text-alignment scores. To bridge the research gap, we introduce a novel method, PRSS, which refines the classifier-free guidance approach in diffusion models by integrating prompt re-anchoring (PR) to improve privacy and incorporating semantic prompt search (SS) to enhance utility. Extensive experiments across various privacy levels demonstrate that our approach consistently improves the privacy-utility trade-off, establishing a new state-of-the-art.",http://arxiv.org/abs/2504.18032v1,https://arxiv.org/pdf/2504.18032v1,Accepted at CVPR 2025. Project page: https://chenchen-usyd.github.io/PRSS-Project-Page/
Dynamic Camera Poses and Where to Find Them,Chris Rockwell; Joseph Tung; Tsung-Yi Lin; Ming-Yu Liu; David F. Fouhey; Chen-Hsuan Lin,CVPR,2,0,0,2504.17788,"Annotating camera poses on dynamic Internet videos at scale is critical for advancing fields like realistic video generation and simulation. However, collecting such a dataset is difficult, as most Internet videos are unsuitable for pose estimation. Furthermore, annotating dynamic Internet videos present significant challenges even for state-of-theart methods. In this paper, we introduce DynPose-100K, a large-scale dataset of dynamic Internet videos annotated with camera poses. Our collection pipeline addresses filtering using a carefully combined set of task-specific and generalist models. For pose estimation, we combine the latest techniques of point tracking, dynamic masking, and structure-from-motion to achieve improvements over the state-of-the-art approaches. Our analysis and experiments demonstrate that DynPose-100K is both large-scale and diverse across several key attributes, opening up avenues for advancements in various downstream applications.",http://arxiv.org/abs/2504.17788v1,https://arxiv.org/pdf/2504.17788v1,Accepted to CVPR 2025. Project Page: https://research.nvidia.com/labs/dir/dynpose-100k
PRaDA: Projective Radial Distortion Averaging,Daniil Sinitsyn; Linus Härenstam-Nielsen; Daniel Cremers,CVPR,2,0,0,2504.16499,"We tackle the problem of automatic calibration of radially distorted cameras in challenging conditions. Accurately determining distortion parameters typically requires either 1) solving the full Structure from Motion (SfM) problem involving camera poses, 3D points, and the distortion parameters, which is only possible if many images with sufficient overlap are provided, or 2) relying heavily on learning-based methods that are comparatively less accurate. In this work, we demonstrate that distortion calibration can be decoupled from 3D reconstruction, maintaining the accuracy of SfM-based methods while avoiding many of the associated complexities. This is achieved by working in Projective Space, where the geometry is unique up to a homography, which encapsulates all camera parameters except for distortion. Our proposed method, Projective Radial Distortion Averaging, averages multiple distortion estimates in a fully projective framework without creating 3d points and full bundle adjustment. By relying on pairwise projective relations, our methods support any feature-matching approaches without constructing point tracks across multiple images.",http://arxiv.org/abs/2504.16499v1,https://arxiv.org/pdf/2504.16499v1,Accepted at CVPR 2025. 8 pages + references
MirrorVerse: Pushing Diffusion Models to Realistically Reflect the World,Ankit Dhiman; Manan Shah; R Venkatesh Babu,CVPR,2,0,0,2504.15397,"Diffusion models have become central to various image editing tasks, yet they often fail to fully adhere to physical laws, particularly with effects like shadows, reflections, and occlusions. In this work, we address the challenge of generating photorealistic mirror reflections using diffusion-based generative models. Despite extensive training data, existing diffusion models frequently overlook the nuanced details crucial to authentic mirror reflections. Recent approaches have attempted to resolve this by creating synhetic datasets and framing reflection generation as an inpainting task; however, they struggle to generalize across different object orientations and positions relative to the mirror. Our method overcomes these limitations by introducing key augmentations into the synthetic data pipeline: (1) random object positioning, (2) randomized rotations, and (3) grounding of objects, significantly enhancing generalization across poses and placements. To further address spatial relationships and occlusions in scenes with multiple objects, we implement a strategy to pair objects during dataset generation, resulting in a dataset robust enough to handle these complex scenarios. Achieving generalization to real-world scenes remains a challenge, so we introduce a three-stage training curriculum to develop the MirrorFusion 2.0 model to improve real-world performance. We provide extensive qualitative and quantitative evaluations to support our approach. The project page is available at: https://mirror-verse.github.io/.",http://arxiv.org/abs/2504.15397v1,https://arxiv.org/pdf/2504.15397v1,Accepted to CVPR 2025. Project Page: https://mirror-verse.github.io/
Plug-and-Play Versatile Compressed Video Enhancement,Huimin Zeng; Jiacheng Li; Zhiwei Xiong,CVPR,2,0,0,2504.15380,"As a widely adopted technique in data transmission, video compression effectively reduces the size of files, making it possible for real-time cloud computing. However, it comes at the cost of visual quality, posing challenges to the robustness of downstream vision models. In this work, we present a versatile codec-aware enhancement framework that reuses codec information to adaptively enhance videos under different compression settings, assisting various downstream vision tasks without introducing computation bottleneck. Specifically, the proposed codec-aware framework consists of a compression-aware adaptation (CAA) network that employs a hierarchical adaptation mechanism to estimate parameters of the frame-wise enhancement network, namely the bitstream-aware enhancement (BAE) network. The BAE network further leverages temporal and spatial priors embedded in the bitstream to effectively improve the quality of compressed input frames. Extensive experimental results demonstrate the superior quality enhancement performance of our framework over existing enhancement methods, as well as its versatility in assisting multiple downstream tasks on compressed videos as a plug-and-play module. Code and models are available at https://huimin-zeng.github.io/PnP-VCVE/.",http://arxiv.org/abs/2504.15380v1,https://arxiv.org/pdf/2504.15380v1,Accepted to CVPR 2025
Acquire and then Adapt: Squeezing out Text-to-Image Model for Image Restoration,Junyuan Deng; Xinyi Wu; Yongxing Yang; Congchao Zhu; Song Wang; Zhenyao Wu,CVPR,2,0,0,2504.15159,"Recently, pre-trained text-to-image (T2I) models have been extensively adopted for real-world image restoration because of their powerful generative prior. However, controlling these large models for image restoration usually requires a large number of high-quality images and immense computational resources for training, which is costly and not privacy-friendly. In this paper, we find that the well-trained large T2I model (i.e., Flux) is able to produce a variety of high-quality images aligned with real-world distributions, offering an unlimited supply of training samples to mitigate the above issue. Specifically, we proposed a training data construction pipeline for image restoration, namely FluxGen, which includes unconditional image generation, image selection, and degraded image simulation. A novel light-weighted adapter (FluxIR) with squeeze-and-excitation layers is also carefully designed to control the large Diffusion Transformer (DiT)-based T2I model so that reasonable details can be restored. Experiments demonstrate that our proposed method enables the Flux model to adapt effectively to real-world image restoration tasks, achieving superior scores and visual quality on both synthetic and real-world degradation datasets - at only about 8.5\% of the training cost compared to current approaches.",http://arxiv.org/abs/2504.15159v1,https://arxiv.org/pdf/2504.15159v1,Accepted by CVPR 2025
Improving Sound Source Localization with Joint Slot Attention on Image and Audio,Inho Kim; Youngkil Song; Jicheol Park; Won Hwa Kim; Suha Kwak,CVPR,2,0,0,2504.15118,"Sound source localization (SSL) is the task of locating the source of sound within an image. Due to the lack of localization labels, the de facto standard in SSL has been to represent an image and audio as a single embedding vector each, and use them to learn SSL via contrastive learning. To this end, previous work samples one of local image features as the image embedding and aggregates all local audio features to obtain the audio embedding, which is far from optimal due to the presence of noise and background irrelevant to the actual target in the input. We present a novel SSL method that addresses this chronic issue by joint slot attention on image and audio. To be specific, two slots competitively attend image and audio features to decompose them into target and off-target representations, and only target representations of image and audio are used for contrastive learning. Also, we introduce cross-modal attention matching to further align local features of image and audio. Our method achieved the best in almost all settings on three public benchmarks for SSL, and substantially outperformed all the prior work in cross-modal retrieval.",http://arxiv.org/abs/2504.15118v2,https://arxiv.org/pdf/2504.15118v2,Accepted to CVPR 2025
DyFo: A Training-Free Dynamic Focus Visual Search for Enhancing LMMs in Fine-Grained Visual Understanding,Geng Li; Jinglin Xu; Yunzhen Zhao; Yuxin Peng,CVPR,2,0,0,2504.14920,"Humans can effortlessly locate desired objects in cluttered environments, relying on a cognitive mechanism known as visual search to efficiently filter out irrelevant information and focus on task-related regions. Inspired by this process, we propose Dyfo (Dynamic Focus), a training-free dynamic focusing visual search method that enhances fine-grained visual understanding in large multimodal models (LMMs). Unlike existing approaches which require additional modules or data collection, Dyfo leverages a bidirectional interaction between LMMs and visual experts, using a Monte Carlo Tree Search (MCTS) algorithm to simulate human-like focus adjustments. This enables LMMs to focus on key visual regions while filtering out irrelevant content, without introducing additional training caused by vocabulary expansion or the integration of specialized localization modules. Experimental results demonstrate that Dyfo significantly improves fine-grained visual understanding and reduces hallucination issues in LMMs, achieving superior performance across both fixed and dynamic resolution models. The code is available at https://github.com/PKU-ICST-MIPL/DyFo_CVPR2025",http://arxiv.org/abs/2504.14920v1,https://arxiv.org/pdf/2504.14920v1,Accepted by CVPR 2025 (Hightlight). Project page with code: https://github.com/PKU-ICST-MIPL/DyFo_CVPR2025
Generative Multimodal Pretraining with Discrete Diffusion Timestep Tokens,Kaihang Pan; Wang Lin; Zhongqi Yue; Tenglong Ao; Liyu Jia; Wei Zhao; Juncheng Li; Siliang Tang; Hanwang Zhang,CVPR,2,0,0,2504.14666,"Recent endeavors in Multimodal Large Language Models (MLLMs) aim to unify visual comprehension and generation by combining LLM and diffusion models, the state-of-the-art in each task, respectively. Existing approaches rely on spatial visual tokens, where image patches are encoded and arranged according to a spatial order (e.g., raster scan). However, we show that spatial tokens lack the recursive structure inherent to languages, hence form an impossible language for LLM to master. In this paper, we build a proper visual language by leveraging diffusion timesteps to learn discrete, recursive visual tokens. Our proposed tokens recursively compensate for the progressive attribute loss in noisy images as timesteps increase, enabling the diffusion model to reconstruct the original image at any timestep. This approach allows us to effectively integrate the strengths of LLMs in autoregressive reasoning and diffusion models in precise image generation, achieving seamless multimodal comprehension and generation within a unified framework. Extensive experiments show that we achieve superior performance for multimodal comprehension and generation simultaneously compared with other MLLMs. Project Page: https://DDT-LLaMA.github.io/.",http://arxiv.org/abs/2504.14666v1,https://arxiv.org/pdf/2504.14666v1,Accepted by CVPR 2025 (Oral)
CheXWorld: Exploring Image World Modeling for Radiograph Representation Learning,Yang Yue; Yulin Wang; Chenxin Tao; Pan Liu; Shiji Song; Gao Huang,CVPR,2,0,0,2504.13820,"Humans can develop internal world models that encode common sense knowledge, telling them how the world works and predicting the consequences of their actions. This concept has emerged as a promising direction for establishing general-purpose machine-learning models in recent preliminary works, e.g., for visual representation learning. In this paper, we present CheXWorld, the first effort towards a self-supervised world model for radiographic images. Specifically, our work develops a unified framework that simultaneously models three aspects of medical knowledge essential for qualified radiologists, including 1) local anatomical structures describing the fine-grained characteristics of local tissues (e.g., architectures, shapes, and textures); 2) global anatomical layouts describing the global organization of the human body (e.g., layouts of organs and skeletons); and 3) domain variations that encourage CheXWorld to model the transitions across different appearance domains of radiographs (e.g., varying clarity, contrast, and exposure caused by collecting radiographs from different hospitals, devices, or patients). Empirically, we design tailored qualitative and quantitative analyses, revealing that CheXWorld successfully captures these three dimensions of medical knowledge. Furthermore, transfer learning experiments across eight medical image classification and segmentation benchmarks showcase that CheXWorld significantly outperforms existing SSL methods and large-scale medical foundation models. Code & pre-trained models are available at https://github.com/LeapLabTHU/CheXWorld.",http://arxiv.org/abs/2504.13820v1,https://arxiv.org/pdf/2504.13820v1,Accepted by CVPR 2025
ODHSR: Online Dense 3D Reconstruction of Humans and Scenes from Monocular Videos,Zetong Zhang; Manuel Kaufmann; Lixin Xue; Jie Song; Martin R. Oswald,CVPR,2,0,0,2504.13167,"Creating a photorealistic scene and human reconstruction from a single monocular in-the-wild video figures prominently in the perception of a human-centric 3D world. Recent neural rendering advances have enabled holistic human-scene reconstruction but require pre-calibrated camera and human poses, and days of training time. In this work, we introduce a novel unified framework that simultaneously performs camera tracking, human pose estimation and human-scene reconstruction in an online fashion. 3D Gaussian Splatting is utilized to learn Gaussian primitives for humans and scenes efficiently, and reconstruction-based camera tracking and human pose estimation modules are designed to enable holistic understanding and effective disentanglement of pose and appearance. Specifically, we design a human deformation module to reconstruct the details and enhance generalizability to out-of-distribution poses faithfully. Aiming to learn the spatial correlation between human and scene accurately, we introduce occlusion-aware human silhouette rendering and monocular geometric priors, which further improve reconstruction quality. Experiments on the EMDB and NeuMan datasets demonstrate superior or on-par performance with existing methods in camera tracking, human pose estimation, novel view synthesis and runtime. Our project page is at https://eth-ait.github.io/ODHSR.",http://arxiv.org/abs/2504.13167v2,https://arxiv.org/pdf/2504.13167v2,Accepted at CVPR 2025
Science-T2I: Addressing Scientific Illusions in Image Synthesis,Jialuo Li; Wenhao Chai; Xingyu Fu; Haiyang Xu; Saining Xie,CVPR,2,0,0,2504.13129,"Current image generation models produce visually compelling but scientifically implausible images, exposing a fundamental gap between visual fidelity and physical realism. In this work, we introduce ScienceT2I, an expert-annotated dataset comprising a training set of over 20k adversarial image pairs and 9k prompts across 16 scientific domains and an isolated test set of 454 challenging prompts. Using this benchmark, we evaluate 18 recent image generation models and find that none scores above 50 out of 100 under implicit scientific prompts, while explicit prompts that directly describe the intended outcome yield scores roughly 35 points higher, confirming that current models can render correct scenes when told what to depict but cannot reason from scientific cues to the correct visual outcome. To address this, we develop SciScore, a reward model fine-tuned from CLIP-H that captures fine-grained scientific phenomena without relying on language-guided inference, surpassing GPT-4o and experienced human evaluators by roughly 5 points. We further propose a two-stage alignment framework combining supervised fine-tuning with masked online fine-tuning to inject scientific knowledge into generative models. Applying this framework to FLUX.1[dev] yields a relative improvement exceeding 50% on SciScore, demonstrating that scientific reasoning in image generation can be substantially improved through targeted data and alignment.",http://arxiv.org/abs/2504.13129v2,https://arxiv.org/pdf/2504.13129v2,"Accepted to CVPR 2025. Code, docs, weight, benchmark and training data are all avaliable at https://jialuo-li.github.io/Science-T2I-Web"
EchoWorld: Learning Motion-Aware World Models for Echocardiography Probe Guidance,Yang Yue; Yulin Wang; Haojun Jiang; Pan Liu; Shiji Song; Gao Huang,CVPR,2,0,0,2504.13065,"Echocardiography is crucial for cardiovascular disease detection but relies heavily on experienced sonographers. Echocardiography probe guidance systems, which provide real-time movement instructions for acquiring standard plane images, offer a promising solution for AI-assisted or fully autonomous scanning. However, developing effective machine learning models for this task remains challenging, as they must grasp heart anatomy and the intricate interplay between probe motion and visual signals. To address this, we present EchoWorld, a motion-aware world modeling framework for probe guidance that encodes anatomical knowledge and motion-induced visual dynamics, while effectively leveraging past visual-motion sequences to enhance guidance precision. EchoWorld employs a pre-training strategy inspired by world modeling principles, where the model predicts masked anatomical regions and simulates the visual outcomes of probe adjustments. Built upon this pre-trained model, we introduce a motion-aware attention mechanism in the fine-tuning stage that effectively integrates historical visual-motion data, enabling precise and adaptive probe guidance. Trained on more than one million ultrasound images from over 200 routine scans, EchoWorld effectively captures key echocardiographic knowledge, as validated by qualitative analysis. Moreover, our method significantly reduces guidance errors compared to existing visual backbones and guidance frameworks, excelling in both single-frame and sequential evaluation protocols. Code is available at https://github.com/LeapLabTHU/EchoWorld.",http://arxiv.org/abs/2504.13065v1,https://arxiv.org/pdf/2504.13065v1,Accepted by CVPR 2025
Post-pre-training for Modality Alignment in Vision-Language Foundation Models,Shin'ya Yamaguchi; Dewei Feng; Sekitoshi Kanai; Kazuki Adachi; Daiki Chijiwa,CVPR,2,0,0,2504.12717,"Contrastive language image pre-training (CLIP) is an essential component of building modern vision-language foundation models. While CLIP demonstrates remarkable zero-shot performance on downstream tasks, the multi-modal feature spaces still suffer from a modality gap, which is a gap between image and text feature clusters and limits downstream task performance. Although existing works attempt to address the modality gap by modifying pre-training or fine-tuning, they struggle with heavy training costs with large datasets or degradations of zero-shot performance. This paper presents CLIP-Refine, a post-pre-training method for CLIP models at a phase between pre-training and fine-tuning. CLIP-Refine aims to align the feature space with 1 epoch training on small image-text datasets without zero-shot performance degradations. To this end, we introduce two techniques: random feature alignment (RaFA) and hybrid contrastive-distillation (HyCD). RaFA aligns the image and text features to follow a shared prior distribution by minimizing the distance to random reference vectors sampled from the prior. HyCD updates the model with hybrid soft labels generated by combining ground-truth image-text pair labels and outputs from the pre-trained CLIP model. This contributes to achieving both maintaining the past knowledge and learning new knowledge to align features. Our extensive experiments with multiple classification and retrieval tasks show that CLIP-Refine succeeds in mitigating the modality gap and improving the zero-shot performance.",http://arxiv.org/abs/2504.12717v1,https://arxiv.org/pdf/2504.12717v1,Accepted to CVPR 2025; Code: https://github.com/yshinya6/clip-refine
Learning Compatible Multi-Prize Subnetworks for Asymmetric Retrieval,Yushuai Sun; Zikun Zhou; Dongmei Jiang; Yaowei Wang; Jun Yu; Guangming Lu; Wenjie Pei,CVPR,2,0,0,2504.11879,"Asymmetric retrieval is a typical scenario in real-world retrieval systems, where compatible models of varying capacities are deployed on platforms with different resource configurations. Existing methods generally train pre-defined networks or subnetworks with capacities specifically designed for pre-determined platforms, using compatible learning. Nevertheless, these methods suffer from limited flexibility for multi-platform deployment. For example, when introducing a new platform into the retrieval systems, developers have to train an additional model at an appropriate capacity that is compatible with existing models via backward-compatible learning. In this paper, we propose a Prunable Network with self-compatibility, which allows developers to generate compatible subnetworks at any desired capacity through post-training pruning. Thus it allows the creation of a sparse subnetwork matching the resources of the new platform without additional training. Specifically, we optimize both the architecture and weight of subnetworks at different capacities within a dense network in compatible learning. We also design a conflict-aware gradient integration scheme to handle the gradient conflicts between the dense network and subnetworks during compatible learning. Extensive experiments on diverse benchmarks and visual backbones demonstrate the effectiveness of our method. Our code and model are available at https://github.com/Bunny-Black/PrunNet.",http://arxiv.org/abs/2504.11879v1,https://arxiv.org/pdf/2504.11879v1,Accepted to CVPR 2025
TacoDepth: Towards Efficient Radar-Camera Depth Estimation with One-stage Fusion,Yiran Wang; Jiaqi Li; Chaoyi Hong; Ruibo Li; Liusheng Sun; Xiao Song; Zhe Wang; Zhiguo Cao; Guosheng Lin,CVPR,2,0,0,2504.11773,"Radar-Camera depth estimation aims to predict dense and accurate metric depth by fusing input images and Radar data. Model efficiency is crucial for this task in pursuit of real-time processing on autonomous vehicles and robotic platforms. However, due to the sparsity of Radar returns, the prevailing methods adopt multi-stage frameworks with intermediate quasi-dense depth, which are time-consuming and not robust. To address these challenges, we propose TacoDepth, an efficient and accurate Radar-Camera depth estimation model with one-stage fusion. Specifically, the graph-based Radar structure extractor and the pyramid-based Radar fusion module are designed to capture and integrate the graph structures of Radar point clouds, delivering superior model efficiency and robustness without relying on the intermediate depth results. Moreover, TacoDepth can be flexible for different inference modes, providing a better balance of speed and accuracy. Extensive experiments are conducted to demonstrate the efficacy of our method. Compared with the previous state-of-the-art approach, TacoDepth improves depth accuracy and processing speed by 12.8% and 91.8%. Our work provides a new perspective on efficient Radar-Camera depth estimation.",http://arxiv.org/abs/2504.11773v1,https://arxiv.org/pdf/2504.11773v1,Accepted by CVPR 2025 (Oral Presentation)
CAP-Net: A Unified Network for 6D Pose and Size Estimation of Categorical Articulated Parts from a Single RGB-D Image,Jingshun Huang; Haitao Lin; Tianyu Wang; Yanwei Fu; Xiangyang Xue; Yi Zhu,CVPR,2,0,0,2504.11230,"This paper tackles category-level pose estimation of articulated objects in robotic manipulation tasks and introduces a new benchmark dataset. While recent methods estimate part poses and sizes at the category level, they often rely on geometric cues and complex multi-stage pipelines that first segment parts from the point cloud, followed by Normalized Part Coordinate Space (NPCS) estimation for 6D poses. These approaches overlook dense semantic cues from RGB images, leading to suboptimal accuracy, particularly for objects with small parts. To address these limitations, we propose a single-stage Network, CAP-Net, for estimating the 6D poses and sizes of Categorical Articulated Parts. This method combines RGB-D features to generate instance segmentation and NPCS representations for each part in an end-to-end manner. CAP-Net uses a unified network to simultaneously predict point-wise class labels, centroid offsets, and NPCS maps. A clustering algorithm then groups points of the same predicted class based on their estimated centroid distances to isolate each part. Finally, the NPCS region of each part is aligned with the point cloud to recover its final pose and size. To bridge the sim-to-real domain gap, we introduce the RGBD-Art dataset, the largest RGB-D articulated dataset to date, featuring photorealistic RGB images and depth noise simulated from real sensors. Experimental evaluations on the RGBD-Art dataset demonstrate that our method significantly outperforms the state-of-the-art approach. Real-world deployments of our model in robotic tasks underscore its robustness and exceptional sim-to-real transfer capabilities, confirming its substantial practical utility. Our dataset, code and pre-trained models are available on the project page.",http://arxiv.org/abs/2504.11230v3,https://arxiv.org/pdf/2504.11230v3,To appear in CVPR 2025 (Highlight)
Video Summarization with Large Language Models,Min Jung Lee; Dayoung Gong; Minsu Cho,CVPR,2,0,0,2504.11199,"The exponential increase in video content poses significant challenges in terms of efficient navigation, search, and retrieval, thus requiring advanced video summarization techniques. Existing video summarization methods, which heavily rely on visual features and temporal dynamics, often fail to capture the semantics of video content, resulting in incomplete or incoherent summaries. To tackle the challenge, we propose a new video summarization framework that leverages the capabilities of recent Large Language Models (LLMs), expecting that the knowledge learned from massive data enables LLMs to evaluate video frames in a manner that better aligns with diverse semantics and human judgments, effectively addressing the inherent subjectivity in defining keyframes. Our method, dubbed LLM-based Video Summarization (LLMVS), translates video frames into a sequence of captions using a Muti-modal Large Language Model (M-LLM) and then assesses the importance of each frame using an LLM, based on the captions in its local context. These local importance scores are refined through a global attention mechanism in the entire context of video captions, ensuring that our summaries effectively reflect both the details and the overarching narrative. Our experimental results demonstrate the superiority of the proposed method over existing ones in standard benchmarks, highlighting the potential of LLMs in the processing of multimedia content.",http://arxiv.org/abs/2504.11199v2,https://arxiv.org/pdf/2504.11199v2,Accepted to CVPR 2025
ZeroGrasp: Zero-Shot Shape Reconstruction Enabled Robotic Grasping,Shun Iwase; Zubair Irshad; Katherine Liu; Vitor Guizilini; Robert Lee; Takuya Ikeda; Ayako Amma; Koichi Nishiwaki; Kris Kitani; Rares Ambrus; Sergey Zakharov,CVPR,2,0,0,2504.10857,"Robotic grasping is a cornerstone capability of embodied systems. Many methods directly output grasps from partial information without modeling the geometry of the scene, leading to suboptimal motion and even collisions. To address these issues, we introduce ZeroGrasp, a novel framework that simultaneously performs 3D reconstruction and grasp pose prediction in near real-time. A key insight of our method is that occlusion reasoning and modeling the spatial relationships between objects is beneficial for both accurate reconstruction and grasping. We couple our method with a novel large-scale synthetic dataset, which comprises 1M photo-realistic images, high-resolution 3D reconstructions and 11.3B physically-valid grasp pose annotations for 12K objects from the Objaverse-LVIS dataset. We evaluate ZeroGrasp on the GraspNet-1B benchmark as well as through real-world robot experiments. ZeroGrasp achieves state-of-the-art performance and generalizes to novel real-world objects by leveraging synthetic data.",http://arxiv.org/abs/2504.10857v1,https://arxiv.org/pdf/2504.10857v1,"Published at CVPR 2025, Webpage: https://sh8.io/#/zerograsp"
H-MoRe: Learning Human-centric Motion Representation for Action Analysis,Zhanbo Huang; Xiaoming Liu; Yu Kong,CVPR,2,0,0,2504.10676,"In this paper, we propose H-MoRe, a novel pipeline for learning precise human-centric motion representation. Our approach dynamically preserves relevant human motion while filtering out background movement. Notably, unlike previous methods relying on fully supervised learning from synthetic data, H-MoRe learns directly from real-world scenarios in a self-supervised manner, incorporating both human pose and body shape information. Inspired by kinematics, H-MoRe represents absolute and relative movements of each body point in a matrix format that captures nuanced motion details, termed world-local flows. H-MoRe offers refined insights into human motion, which can be integrated seamlessly into various action-related applications. Experimental results demonstrate that H-MoRe brings substantial improvements across various downstream tasks, including gait recognition(CL@R1: +16.01%), action recognition(Acc@1: +8.92%), and video generation(FVD: -67.07%). Additionally, H-MoRe exhibits high inference efficiency (34 fps), making it suitable for most real-time scenarios. Models and code will be released upon publication.",http://arxiv.org/abs/2504.10676v1,https://arxiv.org/pdf/2504.10676v1,"15 pages, 14 figures, 7 tables, accepted to CVPR 2025 (Highlight)"
Do We Really Need Curated Malicious Data for Safety Alignment in Multi-modal Large Language Models?,Yanbo Wang; Jiyang Guan; Jian Liang; Ran He,CVPR,2,0,0,2504.10000,"Multi-modal large language models (MLLMs) have made significant progress, yet their safety alignment remains limited. Typically, current open-source MLLMs rely on the alignment inherited from their language module to avoid harmful generations. However, the lack of safety measures specifically designed for multi-modal inputs creates an alignment gap, leaving MLLMs vulnerable to vision-domain attacks such as typographic manipulation. Current methods utilize a carefully designed safety dataset to enhance model defense capability, while the specific knowledge or patterns acquired from the high-quality dataset remain unclear. Through comparison experiments, we find that the alignment gap primarily arises from data distribution biases, while image content, response quality, or the contrastive behavior of the dataset makes little contribution to boosting multi-modal safety. To further investigate this and identify the key factors in improving MLLM safety, we propose finetuning MLLMs on a small set of benign instruct-following data with responses replaced by simple, clear rejection sentences. Experiments show that, without the need for labor-intensive collection of high-quality malicious data, model safety can still be significantly improved, as long as a specific fraction of rejection data exists in the finetuning set, indicating the security alignment is not lost but rather obscured during multi-modal pretraining or instruction finetuning. Simply correcting the underlying data bias could narrow the safety gap in the vision domain.",http://arxiv.org/abs/2504.10000v1,https://arxiv.org/pdf/2504.10000v1,"Accepted to CVPR 2025, codes in process"
VDocRAG: Retrieval-Augmented Generation over Visually-Rich Documents,Ryota Tanaka; Taichi Iki; Taku Hasegawa; Kyosuke Nishida; Kuniko Saito; Jun Suzuki,CVPR,2,0,0,2504.09795,"We aim to develop a retrieval-augmented generation (RAG) framework that answers questions over a corpus of visually-rich documents presented in mixed modalities (e.g., charts, tables) and diverse formats (e.g., PDF, PPTX). In this paper, we introduce a new RAG framework, VDocRAG, which can directly understand varied documents and modalities in a unified image format to prevent missing information that occurs by parsing documents to obtain text. To improve the performance, we propose novel self-supervised pre-training tasks that adapt large vision-language models for retrieval by compressing visual information into dense token representations while aligning them with textual content in documents. Furthermore, we introduce OpenDocVQA, the first unified collection of open-domain document visual question answering datasets, encompassing diverse document types and formats. OpenDocVQA provides a comprehensive resource for training and evaluating retrieval and question answering models on visually-rich documents in an open-domain setting. Experiments show that VDocRAG substantially outperforms conventional text-based RAG and has strong generalization capability, highlighting the potential of an effective RAG paradigm for real-world documents.",http://arxiv.org/abs/2504.09795v1,https://arxiv.org/pdf/2504.09795v1,Accepted by CVPR 2025; project page: https://vdocrag.github.io
Tokenize Image Patches: Global Context Fusion for Effective Haze Removal in Large Images,Jiuchen Chen; Xinyu Yan; Qizhi Xu; Kaiqi Li,CVPR,2,0,0,2504.09621,"Global contextual information and local detail features are essential for haze removal tasks. Deep learning models perform well on small, low-resolution images, but they encounter difficulties with large, high-resolution ones due to GPU memory limitations. As a compromise, they often resort to image slicing or downsampling. The former diminishes global information, while the latter discards high-frequency details. To address these challenges, we propose DehazeXL, a haze removal method that effectively balances global context and local feature extraction, enabling end-to-end modeling of large images on mainstream GPU hardware. Additionally, to evaluate the efficiency of global context utilization in haze removal performance, we design a visual attribution method tailored to the characteristics of haze removal tasks. Finally, recognizing the lack of benchmark datasets for haze removal in large images, we have developed an ultra-high-resolution haze removal dataset (8KDehaze) to support model training and testing. It includes 10000 pairs of clear and hazy remote sensing images, each sized at 8192 $\times$ 8192 pixels. Extensive experiments demonstrate that DehazeXL can infer images up to 10240 $\times$ 10240 pixels with only 21 GB of memory, achieving state-of-the-art results among all evaluated methods. The source code and experimental dataset are available at https://github.com/CastleChen339/DehazeXL.",http://arxiv.org/abs/2504.09621v1,https://arxiv.org/pdf/2504.09621v1,Accepted by CVPR 2025
DropoutGS: Dropping Out Gaussians for Better Sparse-view Rendering,Yexing Xu; Longguang Wang; Minglin Chen; Sheng Ao; Li Li; Yulan Guo,CVPR,2,0,0,2504.09491,"Although 3D Gaussian Splatting (3DGS) has demonstrated promising results in novel view synthesis, its performance degrades dramatically with sparse inputs and generates undesirable artifacts. As the number of training views decreases, the novel view synthesis task degrades to a highly under-determined problem such that existing methods suffer from the notorious overfitting issue. Interestingly, we observe that models with fewer Gaussian primitives exhibit less overfitting under sparse inputs. Inspired by this observation, we propose a Random Dropout Regularization (RDR) to exploit the advantages of low-complexity models to alleviate overfitting. In addition, to remedy the lack of high-frequency details for these models, an Edge-guided Splitting Strategy (ESS) is developed. With these two techniques, our method (termed DropoutGS) provides a simple yet effective plug-in approach to improve the generalization performance of existing 3DGS methods. Extensive experiments show that our DropoutGS produces state-of-the-art performance under sparse views on benchmark datasets including Blender, LLFF, and DTU. The project page is at: https://xuyx55.github.io/DropoutGS/.",http://arxiv.org/abs/2504.09491v1,https://arxiv.org/pdf/2504.09491v1,Accepted by CVPR 2025
SCFlow2: Plug-and-Play Object Pose Refiner with Shape-Constraint Scene Flow,Qingyuan Wang; Rui Song; Jiaojiao Li; Kerui Cheng; David Ferstl; Yinlin Hu,CVPR,2,0,0,2504.09160,"We introduce SCFlow2, a plug-and-play refinement framework for 6D object pose estimation. Most recent 6D object pose methods rely on refinement to get accurate results. However, most existing refinement methods either suffer from noises in establishing correspondences, or rely on retraining for novel objects. SCFlow2 is based on the SCFlow model designed for refinement with shape constraint, but formulates the additional depth as a regularization in the iteration via 3D scene flow for RGBD frames. The key design of SCFlow2 is an introduction of geometry constraints into the training of recurrent matching network, by combining the rigid-motion embeddings in 3D scene flow and 3D shape prior of the target. We train SCFlow2 on a combination of dataset Objaverse, GSO and ShapeNet, and evaluate on BOP datasets with novel objects. After using our method as a post-processing, most state-of-the-art methods produce significantly better results, without any retraining or fine-tuning. The source code is available at https://scflow2.github.io.",http://arxiv.org/abs/2504.09160v1,https://arxiv.org/pdf/2504.09160v1,Accepted by CVPR 2025
BIGS: Bimanual Category-agnostic Interaction Reconstruction from Monocular Videos via 3D Gaussian Splatting,Jeongwan On; Kyeonghwan Gwak; Gunyoung Kang; Junuk Cha; Soohyun Hwang; Hyein Hwang; Seungryul Baek,CVPR,2,0,0,2504.09097,"Reconstructing 3Ds of hand-object interaction (HOI) is a fundamental problem that can find numerous applications. Despite recent advances, there is no comprehensive pipeline yet for bimanual class-agnostic interaction reconstruction from a monocular RGB video, where two hands and an unknown object are interacting with each other. Previous works tackled the limited hand-object interaction case, where object templates are pre-known or only one hand is involved in the interaction. The bimanual interaction reconstruction exhibits severe occlusions introduced by complex interactions between two hands and an object. To solve this, we first introduce BIGS (Bimanual Interaction 3D Gaussian Splatting), a method that reconstructs 3D Gaussians of hands and an unknown object from a monocular video. To robustly obtain object Gaussians avoiding severe occlusions, we leverage prior knowledge of pre-trained diffusion model with score distillation sampling (SDS) loss, to reconstruct unseen object parts. For hand Gaussians, we exploit the 3D priors of hand model (i.e., MANO) and share a single Gaussian for two hands to effectively accumulate hand 3D information, given limited views. To further consider the 3D alignment between hands and objects, we include the interacting-subjects optimization step during Gaussian optimization. Our method achieves the state-of-the-art accuracy on two challenging datasets, in terms of 3D hand pose estimation (MPJPE), 3D object reconstruction (CDh, CDo, F10), and rendering quality (PSNR, SSIM, LPIPS), respectively.",http://arxiv.org/abs/2504.09097v1,https://arxiv.org/pdf/2504.09097v1,Accepted to CVPR 2025
PACT: Pruning and Clustering-Based Token Reduction for Faster Visual Language Models,Mohamed Dhouib; Davide Buscaldi; Sonia Vanier; Aymen Shabou,CVPR,2,0,0,2504.08966,"Visual Language Models require substantial computational resources for inference due to the additional input tokens needed to represent visual information. However, these visual tokens often contain redundant and unimportant information, resulting in an unnecessarily high number of tokens. To address this, we introduce PACT, a method that reduces inference time and memory usage by pruning irrelevant tokens and merging visually redundant ones at an early layer of the language model. Our approach uses a novel importance metric to identify unimportant tokens without relying on attention scores, making it compatible with FlashAttention. We also propose a novel clustering algorithm, called Distance Bounded Density Peak Clustering, which efficiently clusters visual tokens while constraining the distances between elements within a cluster by a predefined threshold. We demonstrate the effectiveness of PACT through extensive experiments.",http://arxiv.org/abs/2504.08966v1,https://arxiv.org/pdf/2504.08966v1,Accepted to CVPR 2025
LookingGlass: Generative Anamorphoses via Laplacian Pyramid Warping,Pascal Chang; Sergio Sancho; Jingwei Tang; Markus Gross; Vinicius C. Azevedo,CVPR,2,0,0,2504.08902,"Anamorphosis refers to a category of images that are intentionally distorted, making them unrecognizable when viewed directly. Their true form only reveals itself when seen from a specific viewpoint, which can be through some catadioptric device like a mirror or a lens. While the construction of these mathematical devices can be traced back to as early as the 17th century, they are only interpretable when viewed from a specific vantage point and tend to lose meaning when seen normally. In this paper, we revisit these famous optical illusions with a generative twist. With the help of latent rectified flow models, we propose a method to create anamorphic images that still retain a valid interpretation when viewed directly. To this end, we introduce Laplacian Pyramid Warping, a frequency-aware image warping technique key to generating high-quality visuals. Our work extends Visual Anagrams (arXiv:2311.17919) to latent space models and to a wider range of spatial transforms, enabling the creation of novel generative perceptual illusions.",http://arxiv.org/abs/2504.08902v1,https://arxiv.org/pdf/2504.08902v1,Accepted at CVPR 2025 (Oral)
"Hypergraph Vision Transformers: Images are More than Nodes, More than Edges",Joshua Fixelle,CVPR,2,0,0,2504.08710,"Recent advancements in computer vision have highlighted the scalability of Vision Transformers (ViTs) across various tasks, yet challenges remain in balancing adaptability, computational efficiency, and the ability to model higher-order relationships. Vision Graph Neural Networks (ViGs) offer an alternative by leveraging graph-based methodologies but are hindered by the computational bottlenecks of clustering algorithms used for edge generation. To address these issues, we propose the Hypergraph Vision Transformer (HgVT), which incorporates a hierarchical bipartite hypergraph structure into the vision transformer framework to capture higher-order semantic relationships while maintaining computational efficiency. HgVT leverages population and diversity regularization for dynamic hypergraph construction without clustering, and expert edge pooling to enhance semantic extraction and facilitate graph-based image retrieval. Empirical results demonstrate that HgVT achieves strong performance on image classification and retrieval, positioning it as an efficient framework for semantic-based vision tasks.",http://arxiv.org/abs/2504.08710v1,https://arxiv.org/pdf/2504.08710v1,Accepted by CVPR 2025
Digital Twin Catalog: A Large-Scale Photorealistic 3D Object Digital Twin Dataset,Zhao Dong; Ka Chen; Zhaoyang Lv; Hong-Xing Yu; Yunzhi Zhang; Cheng Zhang; Yufeng Zhu; Stephen Tian; Zhengqin Li; Geordie Moffatt; Sean Christofferson; James Fort; Xiaqing Pan; Mingfei Yan; Jiajun Wu; Carl Yuheng Ren; Richard Newcombe,CVPR,2,0,0,2504.08541,"We introduce the Digital Twin Catalog (DTC), a new large-scale photorealistic 3D object digital twin dataset. A digital twin of a 3D object is a highly detailed, virtually indistinguishable representation of a physical object, accurately capturing its shape, appearance, physical properties, and other attributes. Recent advances in neural-based 3D reconstruction and inverse rendering have significantly improved the quality of 3D object reconstruction. Despite these advancements, there remains a lack of a large-scale, digital twin-quality real-world dataset and benchmark that can quantitatively assess and compare the performance of different reconstruction methods, as well as improve reconstruction quality through training or fine-tuning. Moreover, to democratize 3D digital twin creation, it is essential to integrate creation techniques with next-generation egocentric computing platforms, such as AR glasses. Currently, there is no dataset available to evaluate 3D object reconstruction using egocentric captured images. To address these gaps, the DTC dataset features 2,000 scanned digital twin-quality 3D objects, along with image sequences captured under different lighting conditions using DSLR cameras and egocentric AR glasses. This dataset establishes the first comprehensive real-world evaluation benchmark for 3D digital twin creation tasks, offering a robust foundation for comparing and improving existing reconstruction methods. The DTC dataset is already released at https://www.projectaria.com/datasets/dtc/ and we will also make the baseline evaluations open-source.",http://arxiv.org/abs/2504.08541v2,https://arxiv.org/pdf/2504.08541v2,accepted to CVPR 2025 (Highlight). Dataset page: https://www.projectaria.com/datasets/dtc/
Neural Motion Simulator: Pushing the Limit of World Models in Reinforcement Learning,Chenjie Hao; Weyl Lu; Yifan Xu; Yubei Chen,CVPR,2,0,0,2504.07095,"An embodied system must not only model the patterns of the external world but also understand its own motion dynamics. A motion dynamic model is essential for efficient skill acquisition and effective planning. In this work, we introduce the neural motion simulator (MoSim), a world model that predicts the future physical state of an embodied system based on current observations and actions. MoSim achieves state-of-the-art performance in physical state prediction and provides competitive performance across a range of downstream tasks. This works shows that when a world model is accurate enough and performs precise long-horizon predictions, it can facilitate efficient skill acquisition in imagined worlds and even enable zero-shot reinforcement learning. Furthermore, MoSim can transform any model-free reinforcement learning (RL) algorithm into a model-based approach, effectively decoupling physical environment modeling from RL algorithm development. This separation allows for independent advancements in RL algorithms and world modeling, significantly improving sample efficiency and enhancing generalization capabilities. Our findings highlight that world models for motion dynamics is a promising direction for developing more versatile and capable embodied systems.",http://arxiv.org/abs/2504.07095v1,https://arxiv.org/pdf/2504.07095v1,"8 pages (main), 2-page appendix, 8 figures, accepted by CVPR 2025"
Glossy Object Reconstruction with Cost-effective Polarized Acquisition,Bojian Wu; Yifan Peng; Ruizhen Hu; Xiaowei Zhou,CVPR,2,0,0,2504.07025,"The challenge of image-based 3D reconstruction for glossy objects lies in separating diffuse and specular components on glossy surfaces from captured images, a task complicated by the ambiguity in discerning lighting conditions and material properties using RGB data alone. While state-of-the-art methods rely on tailored and/or high-end equipment for data acquisition, which can be cumbersome and time-consuming, this work introduces a scalable polarization-aided approach that employs cost-effective acquisition tools. By attaching a linear polarizer to readily available RGB cameras, multi-view polarization images can be captured without the need for advance calibration or precise measurements of the polarizer angle, substantially reducing system construction costs. The proposed approach represents polarimetric BRDF, Stokes vectors, and polarization states of object surfaces as neural implicit fields. These fields, combined with the polarizer angle, are retrieved by optimizing the rendering loss of input polarized images. By leveraging fundamental physical principles for the implicit representation of polarization rendering, our method demonstrates superiority over existing techniques through experiments in public datasets and real captured images on both reconstruction and novel view synthesis.",http://arxiv.org/abs/2504.07025v1,https://arxiv.org/pdf/2504.07025v1,Accepted to CVPR 2025 as highlight
Two by Two: Learning Multi-Task Pairwise Objects Assembly for Generalizable Robot Manipulation,Yu Qi; Yuanchen Ju; Tianming Wei; Chi Chu; Lawson L. S. Wong; Huazhe Xu,CVPR,2,0,0,2504.06961,"3D assembly tasks, such as furniture assembly and component fitting, play a crucial role in daily life and represent essential capabilities for future home robots. Existing benchmarks and datasets predominantly focus on assembling geometric fragments or factory parts, which fall short in addressing the complexities of everyday object interactions and assemblies. To bridge this gap, we present 2BY2, a large-scale annotated dataset for daily pairwise objects assembly, covering 18 fine-grained tasks that reflect real-life scenarios, such as plugging into sockets, arranging flowers in vases, and inserting bread into toasters. 2BY2 dataset includes 1,034 instances and 517 pairwise objects with pose and symmetry annotations, requiring approaches that align geometric shapes while accounting for functional and spatial relationships between objects. Leveraging the 2BY2 dataset, we propose a two-step SE(3) pose estimation method with equivariant features for assembly constraints. Compared to previous shape assembly methods, our approach achieves state-of-the-art performance across all 18 tasks in the 2BY2 dataset. Additionally, robot experiments further validate the reliability and generalization ability of our method for complex 3D assembly tasks.",http://arxiv.org/abs/2504.06961v1,https://arxiv.org/pdf/2504.06961v1,Accepted to CVPR 2025 (Conference on Computer Vision and Pattern Recognition)
Domain Generalization through Attenuation of Domain-Specific Information,Reiji Saito; Kazuhiro Hotta,CVPR,2,0,0,2504.06781,"In this paper, we propose a new evaluation metric called Domain Independence (DI) and Attenuation of Domain-Specific Information (ADSI) which is specifically designed for domain-generalized semantic segmentation in automotive images. DI measures the presence of domain-specific information: a lower DI value indicates strong domain dependence, while a higher DI value suggests greater domain independence. This makes it roughly where domain-specific information exists and up to which frequency range it is present. As a result, it becomes possible to effectively suppress only the regions in the image that contain domain-specific information, enabling feature extraction independent of the domain. ADSI uses a Butterworth filter to remove the low-frequency components of images that contain inherent domain-specific information such as sensor characteristics and lighting conditions. However, since low-frequency components also contain important information such as color, we should not remove them completely. Thus, a scalar value (ranging from 0 to 1) is multiplied by the low-frequency components to retain essential information. This helps the model learn more domain-independent features. In experiments, GTA5 (synthetic dataset) was used as training images, and a real-world dataset was used for evaluation, and the proposed method outperformed conventional approaches. Similarly, in experiments that the Cityscapes (real-world dataset) was used for training and various environment datasets such as rain and nighttime were used for evaluation, the proposed method demonstrated its robustness under nighttime conditions.",http://arxiv.org/abs/2504.06781v1,https://arxiv.org/pdf/2504.06781v1,Accepted by CVPR 2025 Workshops
Masked Scene Modeling: Narrowing the Gap Between Supervised and Self-Supervised Learning in 3D Scene Understanding,Pedro Hermosilla; Christian Stippel; Leon Sick,CVPR,2,0,0,2504.06719,"Self-supervised learning has transformed 2D computer vision by enabling models trained on large, unannotated datasets to provide versatile off-the-shelf features that perform similarly to models trained with labels. However, in 3D scene understanding, self-supervised methods are typically only used as a weight initialization step for task-specific fine-tuning, limiting their utility for general-purpose feature extraction. This paper addresses this shortcoming by proposing a robust evaluation protocol specifically designed to assess the quality of self-supervised features for 3D scene understanding. Our protocol uses multi-resolution feature sampling of hierarchical models to create rich point-level representations that capture the semantic capabilities of the model and, hence, are suitable for evaluation with linear probing and nearest-neighbor methods. Furthermore, we introduce the first self-supervised model that performs similarly to supervised models when only off-the-shelf features are used in a linear probing setup. In particular, our model is trained natively in 3D with a novel self-supervised approach based on a Masked Scene Modeling objective, which reconstructs deep features of masked patches in a bottom-up manner and is specifically tailored to hierarchical 3D models. Our experiments not only demonstrate that our method achieves competitive performance to supervised models, but also surpasses existing self-supervised approaches by a large margin. The model and training code can be found at our Github repository (https://github.com/phermosilla/msm).",http://arxiv.org/abs/2504.06719v1,https://arxiv.org/pdf/2504.06719v1,Accepted at CVPR 2025
PosterMaker: Towards High-Quality Product Poster Generation with Accurate Text Rendering,Yifan Gao; Zihang Lin; Chuanbin Liu; Min Zhou; Tiezheng Ge; Bo Zheng; Hongtao Xie,CVPR,2,0,0,2504.06632,"Product posters, which integrate subject, scene, and text, are crucial promotional tools for attracting customers. Creating such posters using modern image generation methods is valuable, while the main challenge lies in accurately rendering text, especially for complex writing systems like Chinese, which contains over 10,000 individual characters. In this work, we identify the key to precise text rendering as constructing a character-discriminative visual feature as a control signal. Based on this insight, we propose a robust character-wise representation as control and we develop TextRenderNet, which achieves a high text rendering accuracy of over 90%. Another challenge in poster generation is maintaining the fidelity of user-specific products. We address this by introducing SceneGenNet, an inpainting-based model, and propose subject fidelity feedback learning to further enhance fidelity. Based on TextRenderNet and SceneGenNet, we present PosterMaker, an end-to-end generation framework. To optimize PosterMaker efficiently, we implement a two-stage training strategy that decouples text rendering and background generation learning. Experimental results show that PosterMaker outperforms existing baselines by a remarkable margin, which demonstrates its effectiveness.",http://arxiv.org/abs/2504.06632v1,https://arxiv.org/pdf/2504.06632v1,Accepted by CVPR 2025. Project Page: https://poster-maker.github.io
SemiDAViL: Semi-supervised Domain Adaptation with Vision-Language Guidance for Semantic Segmentation,Hritam Basak; Zhaozheng Yin,CVPR,2,0,0,2504.06389,"Domain Adaptation (DA) and Semi-supervised Learning (SSL) converge in Semi-supervised Domain Adaptation (SSDA), where the objective is to transfer knowledge from a source domain to a target domain using a combination of limited labeled target samples and abundant unlabeled target data. Although intuitive, a simple amalgamation of DA and SSL is suboptimal in semantic segmentation due to two major reasons: (1) previous methods, while able to learn good segmentation boundaries, are prone to confuse classes with similar visual appearance due to limited supervision; and (2) skewed and imbalanced training data distribution preferring source representation learning whereas impeding from exploring limited information about tailed classes. Language guidance can serve as a pivotal semantic bridge, facilitating robust class discrimination and mitigating visual ambiguities by leveraging the rich semantic relationships encoded in pre-trained language models to enhance feature representations across domains. Therefore, we propose the first language-guided SSDA setting for semantic segmentation in this work. Specifically, we harness the semantic generalization capabilities inherent in vision-language models (VLMs) to establish a synergistic framework within the SSDA paradigm. To address the inherent class-imbalance challenges in long-tailed distributions, we introduce class-balanced segmentation loss formulations that effectively regularize the learning process. Through extensive experimentation across diverse domain adaptation scenarios, our approach demonstrates substantial performance improvements over contemporary state-of-the-art (SoTA) methodologies. Code is available: \href{https://github.com/hritam-98/SemiDAViL}{GitHub}.",http://arxiv.org/abs/2504.06389v1,https://arxiv.org/pdf/2504.06389v1,Accepted at CVPR 2025
Temporal Alignment-Free Video Matching for Few-shot Action Recognition,SuBeen Lee; WonJun Moon; Hyun Seok Seong; Jae-Pil Heo,CVPR,2,0,0,2504.05956,"Few-Shot Action Recognition (FSAR) aims to train a model with only a few labeled video instances. A key challenge in FSAR is handling divergent narrative trajectories for precise video matching. While the frame- and tuple-level alignment approaches have been promising, their methods heavily rely on pre-defined and length-dependent alignment units (e.g., frames or tuples), which limits flexibility for actions of varying lengths and speeds. In this work, we introduce a novel TEmporal Alignment-free Matching (TEAM) approach, which eliminates the need for temporal units in action representation and brute-force alignment during matching. Specifically, TEAM represents each video with a fixed set of pattern tokens that capture globally discriminative clues within the video instance regardless of action length or speed, ensuring its flexibility. Furthermore, TEAM is inherently efficient, using token-wise comparisons to measure similarity between videos, unlike existing methods that rely on pairwise comparisons for temporal alignment. Additionally, we propose an adaptation process that identifies and removes common information across classes, establishing clear boundaries even between novel categories. Extensive experiments demonstrate the effectiveness of TEAM. Codes are available at github.com/leesb7426/TEAM.",http://arxiv.org/abs/2504.05956v1,https://arxiv.org/pdf/2504.05956v1,"10 pages, 7 figures, 6 tables, Accepted to CVPR 2025 as Oral Presentation"
SoundVista: Novel-View Ambient Sound Synthesis via Visual-Acoustic Binding,Mingfei Chen; Israel D. Gebru; Ishwarya Ananthabhotla; Christian Richardt; Dejan Markovic; Jake Sandakly; Steven Krenn; Todd Keebler; Eli Shlizerman; Alexander Richard,CVPR,2,0,0,2504.05576,"We introduce SoundVista, a method to generate the ambient sound of an arbitrary scene at novel viewpoints. Given a pre-acquired recording of the scene from sparsely distributed microphones, SoundVista can synthesize the sound of that scene from an unseen target viewpoint. The method learns the underlying acoustic transfer function that relates the signals acquired at the distributed microphones to the signal at the target viewpoint, using a limited number of known recordings. Unlike existing works, our method does not require constraints or prior knowledge of sound source details. Moreover, our method efficiently adapts to diverse room layouts, reference microphone configurations and unseen environments. To enable this, we introduce a visual-acoustic binding module that learns visual embeddings linked with local acoustic properties from panoramic RGB and depth data. We first leverage these embeddings to optimize the placement of reference microphones in any given scene. During synthesis, we leverage multiple embeddings extracted from reference locations to get adaptive weights for their contribution, conditioned on target viewpoint. We benchmark the task on both publicly available data and real-world settings. We demonstrate significant improvements over existing methods.",http://arxiv.org/abs/2504.05576v1,https://arxiv.org/pdf/2504.05576v1,Highlight Accepted to CVPR 2025
REWIND: Real-Time Egocentric Whole-Body Motion Diffusion with Exemplar-Based Identity Conditioning,Jihyun Lee; Weipeng Xu; Alexander Richard; Shih-En Wei; Shunsuke Saito; Shaojie Bai; Te-Li Wang; Minhyuk Sung; Tae-Kyun Kim; Jason Saragih,CVPR,2,0,0,2504.04956,"We present REWIND (Real-Time Egocentric Whole-Body Motion Diffusion), a one-step diffusion model for real-time, high-fidelity human motion estimation from egocentric image inputs. While an existing method for egocentric whole-body (i.e., body and hands) motion estimation is non-real-time and acausal due to diffusion-based iterative motion refinement to capture correlations between body and hand poses, REWIND operates in a fully causal and real-time manner. To enable real-time inference, we introduce (1) cascaded body-hand denoising diffusion, which effectively models the correlation between egocentric body and hand motions in a fast, feed-forward manner, and (2) diffusion distillation, which enables high-quality motion estimation with a single denoising step. Our denoising diffusion model is based on a modified Transformer architecture, designed to causally model output motions while enhancing generalizability to unseen motion lengths. Additionally, REWIND optionally supports identity-conditioned motion estimation when identity prior is available. To this end, we propose a novel identity conditioning method based on a small set of pose exemplars of the target identity, which further enhances motion estimation quality. Through extensive experiments, we demonstrate that REWIND significantly outperforms the existing baselines both with and without exemplar-based identity conditioning.",http://arxiv.org/abs/2504.04956v2,https://arxiv.org/pdf/2504.04956v2,"Accepted to CVPR 2025, project page: https://jyunlee.github.io/projects/rewind/"
Continuous Locomotive Crowd Behavior Generation,Inhwan Bae; Junoh Lee; Hae-Gon Jeon,CVPR,2,0,0,2504.04756,"Modeling and reproducing crowd behaviors are important in various domains including psychology, robotics, transport engineering and virtual environments. Conventional methods have focused on synthesizing momentary scenes, which have difficulty in replicating the continuous nature of real-world crowds. In this paper, we introduce a novel method for automatically generating continuous, realistic crowd trajectories with heterogeneous behaviors and interactions among individuals. We first design a crowd emitter model. To do this, we obtain spatial layouts from single input images, including a segmentation map, appearance map, population density map and population probability, prior to crowd generation. The emitter then continually places individuals on the timeline by assigning independent behavior characteristics such as agents' type, pace, and start/end positions using diffusion models. Next, our crowd simulator produces their long-term locomotions. To simulate diverse actions, it can augment their behaviors based on a Markov chain. As a result, our overall framework populates the scenes with heterogeneous crowd behaviors by alternating between the proposed emitter and simulator. Note that all the components in the proposed framework are user-controllable. Lastly, we propose a benchmark protocol to evaluate the realism and quality of the generated crowds in terms of the scene-level population dynamics and the individual-level trajectory accuracy. We demonstrate that our approach effectively models diverse crowd behavior patterns and generalizes well across different geographical environments. Code is publicly available at https://github.com/InhwanBae/CrowdES .",http://arxiv.org/abs/2504.04756v2,https://arxiv.org/pdf/2504.04756v2,Accepted at CVPR 2025. Project page: https://ihbae.com/publication/crowdes/
DFormerv2: Geometry Self-Attention for RGBD Semantic Segmentation,Bo-Wen Yin; Jiao-Long Cao; Ming-Ming Cheng; Qibin Hou,CVPR,2,0,0,2504.04701,"Recent advances in scene understanding benefit a lot from depth maps because of the 3D geometry information, especially in complex conditions (e.g., low light and overexposed). Existing approaches encode depth maps along with RGB images and perform feature fusion between them to enable more robust predictions. Taking into account that depth can be regarded as a geometry supplement for RGB images, a straightforward question arises: Do we really need to explicitly encode depth information with neural networks as done for RGB images? Based on this insight, in this paper, we investigate a new way to learn RGBD feature representations and present DFormerv2, a strong RGBD encoder that explicitly uses depth maps as geometry priors rather than encoding depth information with neural networks. Our goal is to extract the geometry clues from the depth and spatial distances among all the image patch tokens, which will then be used as geometry priors to allocate attention weights in self-attention. Extensive experiments demonstrate that DFormerv2 exhibits exceptional performance in various RGBD semantic segmentation benchmarks. Code is available at: https://github.com/VCIP-RGBD/DFormer.",http://arxiv.org/abs/2504.04701v1,https://arxiv.org/pdf/2504.04701v1,Accepted by CVPR 2025
DyCON: Dynamic Uncertainty-aware Consistency and Contrastive Learning for Semi-supervised Medical Image Segmentation,Maregu Assefa; Muzammal Naseer; Iyyakutti Iyappan Ganapathi; Syed Sadaf Ali; Mohamed L Seghier; Naoufel Werghi,CVPR,2,0,0,2504.04566,"Semi-supervised learning in medical image segmentation leverages unlabeled data to reduce annotation burdens through consistency learning. However, current methods struggle with class imbalance and high uncertainty from pathology variations, leading to inaccurate segmentation in 3D medical images. To address these challenges, we present DyCON, a Dynamic Uncertainty-aware Consistency and Contrastive Learning framework that enhances the generalization of consistency methods with two complementary losses: Uncertainty-aware Consistency Loss (UnCL) and Focal Entropy-aware Contrastive Loss (FeCL). UnCL enforces global consistency by dynamically weighting the contribution of each voxel to the consistency loss based on its uncertainty, preserving high-uncertainty regions instead of filtering them out. Initially, UnCL prioritizes learning from uncertain voxels with lower penalties, encouraging the model to explore challenging regions. As training progress, the penalty shift towards confident voxels to refine predictions and ensure global consistency. Meanwhile, FeCL enhances local feature discrimination in imbalanced regions by introducing dual focal mechanisms and adaptive confidence adjustments into the contrastive principle. These mechanisms jointly prioritizes hard positives and negatives while focusing on uncertain sample pairs, effectively capturing subtle lesion variations under class imbalance. Extensive evaluations on four diverse medical image segmentation datasets (ISLES'22, BraTS'19, LA, Pancreas) show DyCON's superior performance against SOTA methods.",http://arxiv.org/abs/2504.04566v1,https://arxiv.org/pdf/2504.04566v1,Accepted to CVPR 2025
CoMBO: Conflict Mitigation via Branched Optimization for Class Incremental Segmentation,Kai Fang; Anqi Zhang; Guangyu Gao; Jianbo Jiao; Chi Harold Liu; Yunchao Wei,CVPR,2,0,0,2504.04156,"Effective Class Incremental Segmentation (CIS) requires simultaneously mitigating catastrophic forgetting and ensuring sufficient plasticity to integrate new classes. The inherent conflict above often leads to a back-and-forth, which turns the objective into finding the balance between the performance of previous~(old) and incremental~(new) classes. To address this conflict, we introduce a novel approach, Conflict Mitigation via Branched Optimization~(CoMBO). Within this approach, we present the Query Conflict Reduction module, designed to explicitly refine queries for new classes through lightweight, class-specific adapters. This module provides an additional branch for the acquisition of new classes while preserving the original queries for distillation. Moreover, we develop two strategies to further mitigate the conflict following the branched structure, \textit{i.e.}, the Half-Learning Half-Distillation~(HDHL) over classification probabilities, and the Importance-Based Knowledge Distillation~(IKD) over query features. HDHL selectively engages in learning for classification probabilities of queries that match the ground truth of new classes, while aligning unmatched ones to the corresponding old probabilities, thus ensuring retention of old knowledge while absorbing new classes via learning negative samples. Meanwhile, IKD assesses the importance of queries based on their matching degree to old classes, prioritizing the distillation of important features and allowing less critical features to evolve. Extensive experiments in Class Incremental Panoptic and Semantic Segmentation settings have demonstrated the superior performance of CoMBO. Project page: https://guangyu-ryan.github.io/CoMBO.",http://arxiv.org/abs/2504.04156v1,https://arxiv.org/pdf/2504.04156v1,Accepted by CVPR 2025
DocSAM: Unified Document Image Segmentation via Query Decomposition and Heterogeneous Mixed Learning,Xiao-Hui Li; Fei Yin; Cheng-Lin Liu,CVPR,2,0,0,2504.04085,"Document image segmentation is crucial for document analysis and recognition but remains challenging due to the diversity of document formats and segmentation tasks. Existing methods often address these tasks separately, resulting in limited generalization and resource wastage. This paper introduces DocSAM, a transformer-based unified framework designed for various document image segmentation tasks, such as document layout analysis, multi-granularity text segmentation, and table structure recognition, by modelling these tasks as a combination of instance and semantic segmentation. Specifically, DocSAM employs Sentence-BERT to map category names from each dataset into semantic queries that match the dimensionality of instance queries. These two sets of queries interact through an attention mechanism and are cross-attended with image features to predict instance and semantic segmentation masks. Instance categories are predicted by computing the dot product between instance and semantic queries, followed by softmax normalization of scores. Consequently, DocSAM can be jointly trained on heterogeneous datasets, enhancing robustness and generalization while reducing computational and storage resources. Comprehensive evaluations show that DocSAM surpasses existing methods in accuracy, efficiency, and adaptability, highlighting its potential for advancing document image understanding and segmentation across various applications. Codes are available at https://github.com/xhli-git/DocSAM.",http://arxiv.org/abs/2504.04085v1,https://arxiv.org/pdf/2504.04085v1,This paper has been accepted by CVPR 2025
Decision SpikeFormer: Spike-Driven Transformer for Decision Making,Wei Huang; Qinying Gu; Nanyang Ye,CVPR,2,0,0,2504.03800,"Offline reinforcement learning (RL) enables policy training solely on pre-collected data, avoiding direct environment interaction - a crucial benefit for energy-constrained embodied AI applications. Although Artificial Neural Networks (ANN)-based methods perform well in offline RL, their high computational and energy demands motivate exploration of more efficient alternatives. Spiking Neural Networks (SNNs) show promise for such tasks, given their low power consumption. In this work, we introduce DSFormer, the first spike-driven transformer model designed to tackle offline RL via sequence modeling. Unlike existing SNN transformers focused on spatial dimensions for vision tasks, we develop Temporal Spiking Self-Attention (TSSA) and Positional Spiking Self-Attention (PSSA) in DSFormer to capture the temporal and positional dependencies essential for sequence modeling in RL. Additionally, we propose Progressive Threshold-dependent Batch Normalization (PTBN), which combines the benefits of LayerNorm and BatchNorm to preserve temporal dependencies while maintaining the spiking nature of SNNs. Comprehensive results in the D4RL benchmark show DSFormer's superiority over both SNN and ANN counterparts, achieving 78.4% energy savings, highlighting DSFormer's advantages not only in energy efficiency but also in competitive performance. Code and models are public at https://wei-nijuan.github.io/DecisionSpikeFormer.",http://arxiv.org/abs/2504.03800v1,https://arxiv.org/pdf/2504.03800v1,This work has been accepted to CVPR 2025
Mamba as a Bridge: Where Vision Foundation Models Meet Vision Language Models for Domain-Generalized Semantic Segmentation,Xin Zhang; Robby T. Tan,CVPR,2,0,0,2504.03193,"Vision Foundation Models (VFMs) and Vision-Language Models (VLMs) have gained traction in Domain Generalized Semantic Segmentation (DGSS) due to their strong generalization capabilities. However, existing DGSS methods often rely exclusively on either VFMs or VLMs, overlooking their complementary strengths. VFMs (e.g., DINOv2) excel at capturing fine-grained features, while VLMs (e.g., CLIP) provide robust text alignment but struggle with coarse granularity. Despite their complementary strengths, effectively integrating VFMs and VLMs with attention mechanisms is challenging, as the increased patch tokens complicate long-sequence modeling. To address this, we propose MFuser, a novel Mamba-based fusion framework that efficiently combines the strengths of VFMs and VLMs while maintaining linear scalability in sequence length. MFuser consists of two key components: MVFuser, which acts as a co-adapter to jointly fine-tune the two models by capturing both sequential and spatial dynamics; and MTEnhancer, a hybrid attention-Mamba module that refines text embeddings by incorporating image priors. Our approach achieves precise feature locality and strong text alignment without incurring significant computational overhead. Extensive experiments demonstrate that MFuser significantly outperforms state-of-the-art DGSS methods, achieving 68.20 mIoU on synthetic-to-real and 71.87 mIoU on real-to-real benchmarks. The code is available at https://github.com/devinxzhang/MFuser.",http://arxiv.org/abs/2504.03193v2,https://arxiv.org/pdf/2504.03193v2,Accepted to CVPR 2025 (Highlight)
Comprehensive Relighting: Generalizable and Consistent Monocular Human Relighting and Harmonization,Junying Wang; Jingyuan Liu; Xin Sun; Krishna Kumar Singh; Zhixin Shu; He Zhang; Jimei Yang; Nanxuan Zhao; Tuanfeng Y. Wang; Simon S. Chen; Ulrich Neumann; Jae Shin Yoon,CVPR,2,0,0,2504.03011,"This paper introduces Comprehensive Relighting, the first all-in-one approach that can both control and harmonize the lighting from an image or video of humans with arbitrary body parts from any scene. Building such a generalizable model is extremely challenging due to the lack of dataset, restricting existing image-based relighting models to a specific scenario (e.g., face or static human). To address this challenge, we repurpose a pre-trained diffusion model as a general image prior and jointly model the human relighting and background harmonization in the coarse-to-fine framework. To further enhance the temporal coherence of the relighting, we introduce an unsupervised temporal lighting model that learns the lighting cycle consistency from many real-world videos without any ground truth. In inference time, our temporal lighting module is combined with the diffusion models through the spatio-temporal feature blending algorithms without extra training; and we apply a new guided refinement as a post-processing to preserve the high-frequency details from the input image. In the experiments, Comprehensive Relighting shows a strong generalizability and lighting temporal coherence, outperforming existing image-based human relighting and harmonization methods.",http://arxiv.org/abs/2504.03011v1,https://arxiv.org/pdf/2504.03011v1,Project page:https://junyingw.github.io/paper/relighting. Accepted by CVPR 2025
DiSRT-In-Bed: Diffusion-Based Sim-to-Real Transfer Framework for In-Bed Human Mesh Recovery,Jing Gao; Ce Zheng; Laszlo A. Jeni; Zackory Erickson,CVPR,2,0,0,2504.03006,"In-bed human mesh recovery can be crucial and enabling for several healthcare applications, including sleep pattern monitoring, rehabilitation support, and pressure ulcer prevention. However, it is difficult to collect large real-world visual datasets in this domain, in part due to privacy and expense constraints, which in turn presents significant challenges for training and deploying deep learning models. Existing in-bed human mesh estimation methods often rely heavily on real-world data, limiting their ability to generalize across different in-bed scenarios, such as varying coverings and environmental settings. To address this, we propose a Sim-to-Real Transfer Framework for in-bed human mesh recovery from overhead depth images, which leverages large-scale synthetic data alongside limited or no real-world samples. We introduce a diffusion model that bridges the gap between synthetic data and real data to support generalization in real-world in-bed pose and body inference scenarios. Extensive experiments and ablation studies validate the effectiveness of our framework, demonstrating significant improvements in robustness and adaptability across diverse healthcare scenarios.",http://arxiv.org/abs/2504.03006v1,https://arxiv.org/pdf/2504.03006v1,"16 pages, 19 figures. Accepted to CVPR 2025"
QID: Efficient Query-Informed ViTs in Data-Scarce Regimes for OCR-free Visual Document Understanding,Binh M. Le; Shaoyuan Xu; Jinmiao Fu; Zhishen Huang; Moyan Li; Yanhui Guo; Hongdong Li; Sameera Ramasinghe; Bryan Wang,CVPR,2,0,0,2504.02971,"In Visual Document Understanding (VDU) tasks, fine-tuning a pre-trained Vision-Language Model (VLM) with new datasets often falls short in optimizing the vision encoder to identify query-specific regions in text-rich document images. Existing methods that directly inject queries into model layers by modifying the network architecture often struggle to adapt to new datasets with limited annotations. To address this, we introduce QID, a novel, streamlined, architecture-preserving approach that integrates query embeddings into the vision encoder, leading to notable performance gains, particularly in data-scarce fine-tuning scenarios. Specifically, our approach introduces a dual-module framework: a query-aware module that generates a unique query vector to precisely guide the model's focus, as well as a query-agnostic module that captures the positional relationships among tokens, ensuring robust spatial understanding. Notably, both modules operate independently of the vision attention blocks, facilitating targeted learning of query embeddings and enhancing visual semantic identification. Experiments with OCR-free VLMs across multiple datasets demonstrate significant performance improvements using our method, especially in handling text-rich documents in data-scarce environments.",http://arxiv.org/abs/2504.02971v2,https://arxiv.org/pdf/2504.02971v2,"8 pages, accepted by CVPR 2025 MULA"
STING-BEE: Towards Vision-Language Model for Real-World X-ray Baggage Security Inspection,Divya Velayudhan; Abdelfatah Ahmed; Mohamad Alansari; Neha Gour; Abderaouf Behouch; Taimur Hassan; Syed Talal Wasim; Nabil Maalej; Muzammal Naseer; Juergen Gall; Mohammed Bennamoun; Ernesto Damiani; Naoufel Werghi,CVPR,2,0,0,2504.02823,"Advancements in Computer-Aided Screening (CAS) systems are essential for improving the detection of security threats in X-ray baggage scans. However, current datasets are limited in representing real-world, sophisticated threats and concealment tactics, and existing approaches are constrained by a closed-set paradigm with predefined labels. To address these challenges, we introduce STCray, the first multimodal X-ray baggage security dataset, comprising 46,642 image-caption paired scans across 21 threat categories, generated using an X-ray scanner for airport security. STCray is meticulously developed with our specialized protocol that ensures domain-aware, coherent captions, that lead to the multi-modal instruction following data in X-ray baggage security. This allows us to train a domain-aware visual AI assistant named STING-BEE that supports a range of vision-language tasks, including scene comprehension, referring threat localization, visual grounding, and visual question answering (VQA), establishing novel baselines for multi-modal learning in X-ray baggage security. Further, STING-BEE shows state-of-the-art generalization in cross-domain settings. Code, data, and models are available at https://divs1159.github.io/STING-BEE/.",http://arxiv.org/abs/2504.02823v1,https://arxiv.org/pdf/2504.02823v1,Accepted at CVPR 2025
Bridging the Gap between Gaussian Diffusion Models and Universal Quantization for Image Compression,Lucas Relic; Roberto Azevedo; Yang Zhang; Markus Gross; Christopher Schroers,CVPR,2,0,0,2504.02579,"Generative neural image compression supports data representation at extremely low bitrate, synthesizing details at the client and consistently producing highly realistic images. By leveraging the similarities between quantization error and additive noise, diffusion-based generative image compression codecs can be built using a latent diffusion model to ""denoise"" the artifacts introduced by quantization. However, we identify three critical gaps in previous approaches following this paradigm (namely, the noise level, noise type, and discretization gaps) that result in the quantized data falling out of the data distribution known by the diffusion model. In this work, we propose a novel quantization-based forward diffusion process with theoretical foundations that tackles all three aforementioned gaps. We achieve this through universal quantization with a carefully tailored quantization schedule and a diffusion model trained with uniform noise. Compared to previous work, our proposal produces consistently realistic and detailed reconstructions, even at very low bitrates. In such a regime, we achieve the best rate-distortion-realism performance, outperforming previous related works.",http://arxiv.org/abs/2504.02579v1,https://arxiv.org/pdf/2504.02579v1,To appear at CVPR 2025
Exploration-Driven Generative Interactive Environments,Nedko Savov; Naser Kazemi; Mohammad Mahdi; Danda Pani Paudel; Xi Wang; Luc Van Gool,CVPR,2,0,0,2504.02515,"Modern world models require costly and time-consuming collection of large video datasets with action demonstrations by people or by environment-specific agents. To simplify training, we focus on using many virtual environments for inexpensive, automatically collected interaction data. Genie, a recent multi-environment world model, demonstrates simulation abilities of many environments with shared behavior. Unfortunately, training their model requires expensive demonstrations. Therefore, we propose a training framework merely using a random agent in virtual environments. While the model trained in this manner exhibits good controls, it is limited by the random exploration possibilities. To address this limitation, we propose AutoExplore Agent - an exploration agent that entirely relies on the uncertainty of the world model, delivering diverse data from which it can learn the best. Our agent is fully independent of environment-specific rewards and thus adapts easily to new environments. With this approach, the pretrained multi-environment model can quickly adapt to new environments achieving video fidelity and controllability improvement. In order to obtain automatically large-scale interaction datasets for pretraining, we group environments with similar behavior and controls. To this end, we annotate the behavior and controls of 974 virtual environments - a dataset that we name RetroAct. For building our model, we first create an open implementation of Genie - GenieRedux and apply enhancements and adaptations in our version GenieRedux-G. Our code and data are available at https://github.com/insait-institute/GenieRedux.",http://arxiv.org/abs/2504.02515v1,https://arxiv.org/pdf/2504.02515v1,Accepted at CVPR 2025
APHQ-ViT: Post-Training Quantization with Average Perturbation Hessian Based Reconstruction for Vision Transformers,Zhuguanyu Wu; Jiayi Zhang; Jiaxin Chen; Jinyang Guo; Di Huang; Yunhong Wang,CVPR,2,0,0,2504.02508,"Vision Transformers (ViTs) have become one of the most commonly used backbones for vision tasks. Despite their remarkable performance, they often suffer significant accuracy drops when quantized for practical deployment, particularly by post-training quantization (PTQ) under ultra-low bits. Recently, reconstruction-based PTQ methods have shown promising performance in quantizing Convolutional Neural Networks (CNNs). However, they fail when applied to ViTs, primarily due to the inaccurate estimation of output importance and the substantial accuracy degradation in quantizing post-GELU activations. To address these issues, we propose \textbf{APHQ-ViT}, a novel PTQ approach based on importance estimation with Average Perturbation Hessian (APH). Specifically, we first thoroughly analyze the current approximation approaches with Hessian loss, and propose an improved average perturbation Hessian loss. To deal with the quantization of the post-GELU activations, we design an MLP Reconstruction (MR) method by replacing the GELU function in MLP with ReLU and reconstructing it by the APH loss on a small unlabeled calibration set. Extensive experiments demonstrate that APHQ-ViT using linear quantizers outperforms existing PTQ methods by substantial margins in 3-bit and 4-bit across different vision tasks. The source code is available at https://github.com/GoatWu/APHQ-ViT.",http://arxiv.org/abs/2504.02508v1,https://arxiv.org/pdf/2504.02508v1,Accepted to CVPR 2025
Learning Audio-guided Video Representation with Gated Attention for Video-Text Retrieval,Boseung Jeong; Jicheol Park; Sungyeon Kim; Suha Kwak,CVPR,2,0,0,2504.02397,"Video-text retrieval, the task of retrieving videos based on a textual query or vice versa, is of paramount importance for video understanding and multimodal information retrieval. Recent methods in this area rely primarily on visual and textual features and often ignore audio, although it helps enhance overall comprehension of video content. Moreover, traditional models that incorporate audio blindly utilize the audio input regardless of whether it is useful or not, resulting in suboptimal video representation. To address these limitations, we propose a novel video-text retrieval framework, Audio-guided VIdeo representation learning with GATEd attention (AVIGATE), that effectively leverages audio cues through a gated attention mechanism that selectively filters out uninformative audio signals. In addition, we propose an adaptive margin-based contrastive loss to deal with the inherently unclear positive-negative relationship between video and text, which facilitates learning better video-text alignment. Our extensive experiments demonstrate that AVIGATE achieves state-of-the-art performance on all the public benchmarks.",http://arxiv.org/abs/2504.02397v1,https://arxiv.org/pdf/2504.02397v1,Accepted to CVPR 2025
T*: Re-thinking Temporal Search for Long-Form Video Understanding,Jinhui Ye; Zihan Wang; Haosen Sun; Keshigeyan Chandrasegaran; Zane Durante; Cristobal Eyzaguirre; Yonatan Bisk; Juan Carlos Niebles; Ehsan Adeli; Li Fei-Fei; Jiajun Wu; Manling Li,CVPR,2,0,0,2504.02259,"Efficiently understanding long-form videos remains a significant challenge in computer vision. In this work, we revisit temporal search paradigms for long-form video understanding and address a fundamental issue pertaining to all state-of-the-art (SOTA) long-context vision-language models (VLMs). Our contributions are twofold: First, we frame temporal search as a Long Video Haystack problem: finding a minimal set of relevant frames (e.g., one to five) from tens of thousands based on specific queries. Upon this formulation, we introduce LV-Haystack, the first dataset with 480 hours of videos, 15,092 human-annotated instances for both training and evaluation aiming to improve temporal search quality and efficiency. Results on LV-Haystack highlight a significant research gap in temporal search capabilities, with current SOTA search methods only achieving 2.1% temporal F1 score on the Longvideobench subset. Next, inspired by visual search in images, we propose a lightweight temporal search framework, T* that reframes costly temporal search as spatial search. T* leverages powerful visual localization techniques commonly used in images and introduces an adaptive zooming-in mechanism that operates across both temporal and spatial dimensions. Extensive experiments show that integrating T* with existing methods significantly improves SOTA long-form video understanding. Under an inference budget of 32 frames, T* improves GPT-4o's performance from 50.5% to 53.1% and LLaVA-OneVision-OV-72B's performance from 56.5% to 62.4% on the Longvideobench XL subset. Our code, benchmark, and models are provided in the Supplementary material.",http://arxiv.org/abs/2504.02259v3,https://arxiv.org/pdf/2504.02259v3,Accepted by CVPR 2025; A real-world long video needle-in-haystack benchmark; long-video QA with human ref frames
MDP: Multidimensional Vision Model Pruning with Latency Constraint,Xinglong Sun; Barath Lakshmanan; Maying Shen; Shiyi Lan; Jingde Chen; Jose M. Alvarez,CVPR,2,0,0,2504.02168,"Current structural pruning methods face two significant limitations: (i) they often limit pruning to finer-grained levels like channels, making aggressive parameter reduction challenging, and (ii) they focus heavily on parameter and FLOP reduction, with existing latency-aware methods frequently relying on simplistic, suboptimal linear models that fail to generalize well to transformers, where multiple interacting dimensions impact latency. In this paper, we address both limitations by introducing Multi-Dimensional Pruning (MDP), a novel paradigm that jointly optimizes across a variety of pruning granularities-including channels, query, key, heads, embeddings, and blocks. MDP employs an advanced latency modeling technique to accurately capture latency variations across all prunable dimensions, achieving an optimal balance between latency and accuracy. By reformulating pruning as a Mixed-Integer Nonlinear Program (MINLP), MDP efficiently identifies the optimal pruned structure across all prunable dimensions while respecting latency constraints. This versatile framework supports both CNNs and transformers. Extensive experiments demonstrate that MDP significantly outperforms previous methods, especially at high pruning ratios. On ImageNet, MDP achieves a 28% speed increase with a +1.4 Top-1 accuracy improvement over prior work like HALP for ResNet50 pruning. Against the latest transformer pruning method, Isomorphic, MDP delivers an additional 37% acceleration with a +0.7 Top-1 accuracy improvement.",http://arxiv.org/abs/2504.02168v1,https://arxiv.org/pdf/2504.02168v1,Accepted at CVPR 2025
VideoScene: Distilling Video Diffusion Model to Generate 3D Scenes in One Step,Hanyang Wang; Fangfu Liu; Jiawei Chi; Yueqi Duan,CVPR,2,0,0,2504.01956,"Recovering 3D scenes from sparse views is a challenging task due to its inherent ill-posed problem. Conventional methods have developed specialized solutions (e.g., geometry regularization or feed-forward deterministic model) to mitigate the issue. However, they still suffer from performance degradation by minimal overlap across input views with insufficient visual information. Fortunately, recent video generative models show promise in addressing this challenge as they are capable of generating video clips with plausible 3D structures. Powered by large pretrained video diffusion models, some pioneering research start to explore the potential of video generative prior and create 3D scenes from sparse views. Despite impressive improvements, they are limited by slow inference time and the lack of 3D constraint, leading to inefficiencies and reconstruction artifacts that do not align with real-world geometry structure. In this paper, we propose VideoScene to distill the video diffusion model to generate 3D scenes in one step, aiming to build an efficient and effective tool to bridge the gap from video to 3D. Specifically, we design a 3D-aware leap flow distillation strategy to leap over time-consuming redundant information and train a dynamic denoising policy network to adaptively determine the optimal leap timestep during inference. Extensive experiments demonstrate that our VideoScene achieves faster and superior 3D scene generation results than previous video diffusion models, highlighting its potential as an efficient tool for future video to 3D applications. Project Page: https://hanyang-21.github.io/VideoScene",http://arxiv.org/abs/2504.01956v2,https://arxiv.org/pdf/2504.01956v2,Accepted by CVPR 2025; Project Page: https://hanyang-21.github.io/VideoScene
Scene-Centric Unsupervised Panoptic Segmentation,Oliver Hahn; Christoph Reich; Nikita Araslanov; Daniel Cremers; Christian Rupprecht; Stefan Roth,CVPR,2,0,0,2504.01955,"Unsupervised panoptic segmentation aims to partition an image into semantically meaningful regions and distinct object instances without training on manually annotated data. In contrast to prior work on unsupervised panoptic scene understanding, we eliminate the need for object-centric training data, enabling the unsupervised understanding of complex scenes. To that end, we present the first unsupervised panoptic method that directly trains on scene-centric imagery. In particular, we propose an approach to obtain high-resolution panoptic pseudo labels on complex scene-centric data, combining visual representations, depth, and motion cues. Utilizing both pseudo-label training and a panoptic self-training strategy yields a novel approach that accurately predicts panoptic segmentation of complex scenes without requiring any human annotations. Our approach significantly improves panoptic quality, e.g., surpassing the recent state of the art in unsupervised panoptic segmentation on Cityscapes by 9.4% points in PQ.",http://arxiv.org/abs/2504.01955v1,https://arxiv.org/pdf/2504.01955v1,To appear at CVPR 2025. Christoph Reich and Oliver Hahn - both authors contributed equally. Code: https://github.com/visinf/cups Project page: https://visinf.github.io/cups/
CoMatcher: Multi-View Collaborative Feature Matching,Jintao Zhang; Zimin Xia; Mingyue Dong; Shuhan Shen; Linwei Yue; Xianwei Zheng,CVPR,2,0,0,2504.01872,"This paper proposes a multi-view collaborative matching strategy for reliable track construction in complex scenarios. We observe that the pairwise matching paradigms applied to image set matching often result in ambiguous estimation when the selected independent pairs exhibit significant occlusions or extreme viewpoint changes. This challenge primarily stems from the inherent uncertainty in interpreting intricate 3D structures based on limited two-view observations, as the 3D-to-2D projection leads to significant information loss. To address this, we introduce CoMatcher, a deep multi-view matcher to (i) leverage complementary context cues from different views to form a holistic 3D scene understanding and (ii) utilize cross-view projection consistency to infer a reliable global solution. Building on CoMatcher, we develop a groupwise framework that fully exploits cross-view relationships for large-scale matching tasks. Extensive experiments on various complex scenarios demonstrate the superiority of our method over the mainstream two-view matching paradigm.",http://arxiv.org/abs/2504.01872v2,https://arxiv.org/pdf/2504.01872v2,"15 pages, 7 figures, to be published in CVPR 2025"
A$^\text{T}$A: Adaptive Transformation Agent for Text-Guided Subject-Position Variable Background Inpainting,Yizhe Tang; Zhimin Sun; Yuzhen Du; Ran Yi; Guangben Lu; Teng Hu; Luying Li; Lizhuang Ma; Fangyuan Zou,CVPR,2,0,0,2504.01603,"Image inpainting aims to fill the missing region of an image. Recently, there has been a surge of interest in foreground-conditioned background inpainting, a sub-task that fills the background of an image while the foreground subject and associated text prompt are provided. Existing background inpainting methods typically strictly preserve the subject's original position from the source image, resulting in inconsistencies between the subject and the generated background. To address this challenge, we propose a new task, the ""Text-Guided Subject-Position Variable Background Inpainting"", which aims to dynamically adjust the subject position to achieve a harmonious relationship between the subject and the inpainted background, and propose the Adaptive Transformation Agent (A$^\text{T}$A) for this task. Firstly, we design a PosAgent Block that adaptively predicts an appropriate displacement based on given features to achieve variable subject-position. Secondly, we design the Reverse Displacement Transform (RDT) module, which arranges multiple PosAgent blocks in a reverse structure, to transform hierarchical feature maps from deep to shallow based on semantic information. Thirdly, we equip A$^\text{T}$A with a Position Switch Embedding to control whether the subject's position in the generated image is adaptively predicted or fixed. Extensive comparative experiments validate the effectiveness of our A$^\text{T}$A approach, which not only demonstrates superior inpainting capabilities in subject-position variable inpainting, but also ensures good performance on subject-position fixed inpainting.",http://arxiv.org/abs/2504.01603v1,https://arxiv.org/pdf/2504.01603v1,Accepted by CVPR 2025
Mesh Mamba: A Unified State Space Model for Saliency Prediction in Non-Textured and Textured Meshes,Kaiwei Zhang; Dandan Zhu; Xiongkuo Min; Guangtao Zhai,CVPR,2,0,0,2504.01466,"Mesh saliency enhances the adaptability of 3D vision by identifying and emphasizing regions that naturally attract visual attention. To investigate the interaction between geometric structure and texture in shaping visual attention, we establish a comprehensive mesh saliency dataset, which is the first to systematically capture the differences in saliency distribution under both textured and non-textured visual conditions. Furthermore, we introduce mesh Mamba, a unified saliency prediction model based on a state space model (SSM), designed to adapt across various mesh types. Mesh Mamba effectively analyzes the geometric structure of the mesh while seamlessly incorporating texture features into the topological framework, ensuring coherence throughout appearance-enhanced modeling. More importantly, by subgraph embedding and a bidirectional SSM, the model enables global context modeling for both local geometry and texture, preserving the topological structure and improving the understanding of visual details and structural complexity. Through extensive theoretical and empirical validation, our model not only improves performance across various mesh types but also demonstrates high scalability and versatility, particularly through cross validations of various visual features.",http://arxiv.org/abs/2504.01466v2,https://arxiv.org/pdf/2504.01466v2,to be published in CVPR 2025
v-CLR: View-Consistent Learning for Open-World Instance Segmentation,Chang-Bin Zhang; Jinhong Ni; Yujie Zhong; Kai Han,CVPR,2,0,0,2504.01383,"In this paper, we address the challenging problem of open-world instance segmentation. Existing works have shown that vanilla visual networks are biased toward learning appearance information, \eg texture, to recognize objects. This implicit bias causes the model to fail in detecting novel objects with unseen textures in the open-world setting. To address this challenge, we propose a learning framework, called view-Consistent LeaRning (v-CLR), which aims to enforce the model to learn appearance-invariant representations for robust instance segmentation. In v-CLR, we first introduce additional views for each image, where the texture undergoes significant alterations while preserving the image's underlying structure. We then encourage the model to learn the appearance-invariant representation by enforcing the consistency between object features across different views, for which we obtain class-agnostic object proposals using off-the-shelf unsupervised models that possess strong object-awareness. These proposals enable cross-view object feature matching, greatly reducing the appearance dependency while enhancing the object-awareness. We thoroughly evaluate our method on public benchmarks under both cross-class and cross-dataset settings, achieving state-of-the-art performance. Project page: https://visual-ai.github.io/vclr",http://arxiv.org/abs/2504.01383v1,https://arxiv.org/pdf/2504.01383v1,"Accepted by CVPR 2025, Project page: https://visual-ai.github.io/vclr, Code: https://github.com/Visual-AI/vCLR"
Random Conditioning with Distillation for Data-Efficient Diffusion Model Compression,Dohyun Kim; Sehwan Park; Geonhee Han; Seung Wook Kim; Paul Hongsuck Seo,CVPR,2,0,0,2504.02011,"Diffusion models generate high-quality images through progressive denoising but are computationally intensive due to large model sizes and repeated sampling. Knowledge distillation, which transfers knowledge from a complex teacher to a simpler student model, has been widely studied in recognition tasks, particularly for transferring concepts unseen during student training. However, its application to diffusion models remains underexplored, especially in enabling student models to generate concepts not covered by the training images. In this work, we propose Random Conditioning, a novel approach that pairs noised images with randomly selected text conditions to enable efficient, image-free knowledge distillation. By leveraging this technique, we show that the student can generate concepts unseen in the training images. When applied to conditional diffusion model distillation, our method allows the student to explore the condition space without generating condition-specific images, resulting in notable improvements in both generation quality and efficiency. This promotes resource-efficient deployment of generative diffusion models, broadening their accessibility for both research and real-world applications. Code, models, and datasets are available at https://dohyun-as.github.io/Random-Conditioning .",http://arxiv.org/abs/2504.02011v1,https://arxiv.org/pdf/2504.02011v1,"Accepted to CVPR 2025. 8 pages main paper + 4 pages references + 5 pages supplementary, 9 figures in total"
RipVIS: Rip Currents Video Instance Segmentation Benchmark for Beach Monitoring and Safety,Andrei Dumitriu; Florin Tatui; Florin Miron; Aakash Ralhan; Radu Tudor Ionescu; Radu Timofte,CVPR,2,0,0,2504.01128,"Rip currents are strong, localized and narrow currents of water that flow outwards into the sea, causing numerous beach-related injuries and fatalities worldwide. Accurate identification of rip currents remains challenging due to their amorphous nature and the lack of annotated data, which often requires expert knowledge. To address these issues, we present RipVIS, a large-scale video instance segmentation benchmark explicitly designed for rip current segmentation. RipVIS is an order of magnitude larger than previous datasets, featuring $184$ videos ($212,328$ frames), of which $150$ videos ($163,528$ frames) are with rip currents, collected from various sources, including drones, mobile phones, and fixed beach cameras. Our dataset encompasses diverse visual contexts, such as wave-breaking patterns, sediment flows, and water color variations, across multiple global locations, including USA, Mexico, Costa Rica, Portugal, Italy, Greece, Romania, Sri Lanka, Australia and New Zealand. Most videos are annotated at $5$ FPS to ensure accuracy in dynamic scenarios, supplemented by an additional $34$ videos ($48,800$ frames) without rip currents. We conduct comprehensive experiments with Mask R-CNN, Cascade Mask R-CNN, SparseInst and YOLO11, fine-tuning these models for the task of rip current segmentation. Results are reported in terms of multiple metrics, with a particular focus on the $F_2$ score to prioritize recall and reduce false negatives. To enhance segmentation performance, we introduce a novel post-processing step based on Temporal Confidence Aggregation (TCA). RipVIS aims to set a new standard for rip current segmentation, contributing towards safer beach environments. We offer a benchmark website to share data, models, and results with the research community, encouraging ongoing collaboration and future contributions, at https://ripvis.ai.",http://arxiv.org/abs/2504.01128v2,https://arxiv.org/pdf/2504.01128v2,Accepted at CVPR 2025
DropGaussian: Structural Regularization for Sparse-view Gaussian Splatting,Hyunwoo Park; Gun Ryu; Wonjun Kim,CVPR,2,0,0,2504.00773,"Recently, 3D Gaussian splatting (3DGS) has gained considerable attentions in the field of novel view synthesis due to its fast performance while yielding the excellent image quality. However, 3DGS in sparse-view settings (e.g., three-view inputs) often faces with the problem of overfitting to training views, which significantly drops the visual quality of novel view images. Many existing approaches have tackled this issue by using strong priors, such as 2D generative contextual information and external depth signals. In contrast, this paper introduces a prior-free method, so-called DropGaussian, with simple changes in 3D Gaussian splatting. Specifically, we randomly remove Gaussians during the training process in a similar way of dropout, which allows non-excluded Gaussians to have larger gradients while improving their visibility. This makes the remaining Gaussians to contribute more to the optimization process for rendering with sparse input views. Such simple operation effectively alleviates the overfitting problem and enhances the quality of novel view synthesis. By simply applying DropGaussian to the original 3DGS framework, we can achieve the competitive performance with existing prior-based 3DGS methods in sparse-view settings of benchmark datasets without any additional complexity. The code and model are publicly available at: https://github.com/DCVL-3D/DropGaussian release.",http://arxiv.org/abs/2504.00773v1,https://arxiv.org/pdf/2504.00773v1,Accepted by CVPR 2025
Monocular and Generalizable Gaussian Talking Head Animation,Shengjie Gong; Haojie Li; Jiapeng Tang; Dongming Hu; Shuangping Huang; Hao Chen; Tianshui Chen; Zhuoman Liu,CVPR,2,0,0,2504.00665,"In this work, we introduce Monocular and Generalizable Gaussian Talking Head Animation (MGGTalk), which requires monocular datasets and generalizes to unseen identities without personalized re-training. Compared with previous 3D Gaussian Splatting (3DGS) methods that requires elusive multi-view datasets or tedious personalized learning/inference, MGGtalk enables more practical and broader applications. However, in the absence of multi-view and personalized training data, the incompleteness of geometric and appearance information poses a significant challenge. To address these challenges, MGGTalk explores depth information to enhance geometric and facial symmetry characteristics to supplement both geometric and appearance features. Initially, based on the pixel-wise geometric information obtained from depth estimation, we incorporate symmetry operations and point cloud filtering techniques to ensure a complete and precise position parameter for 3DGS. Subsequently, we adopt a two-stage strategy with symmetric priors for predicting the remaining 3DGS parameters. We begin by predicting Gaussian parameters for the visible facial regions of the source image. These parameters are subsequently utilized to improve the prediction of Gaussian parameters for the non-visible regions. Extensive experiments demonstrate that MGGTalk surpasses previous state-of-the-art methods, achieving superior performance across various metrics.",http://arxiv.org/abs/2504.00665v1,https://arxiv.org/pdf/2504.00665v1,Accepted by CVPR 2025
Learning to Normalize on the SPD Manifold under Bures-Wasserstein Geometry,Rui Wang; Shaocheng Jin; Ziheng Chen; Xiaoqing Luo; Xiao-Jun Wu,CVPR,2,0,0,2504.00660,"Covariance matrices have proven highly effective across many scientific fields. Since these matrices lie within the Symmetric Positive Definite (SPD) manifold - a Riemannian space with intrinsic non-Euclidean geometry, the primary challenge in representation learning is to respect this underlying geometric structure. Drawing inspiration from the success of Euclidean deep learning, researchers have developed neural networks on the SPD manifolds for more faithful covariance embedding learning. A notable advancement in this area is the implementation of Riemannian batch normalization (RBN), which has been shown to improve the performance of SPD network models. Nonetheless, the Riemannian metric beneath the existing RBN might fail to effectively deal with the ill-conditioned SPD matrices (ICSM), undermining the effectiveness of RBN. In contrast, the Bures-Wasserstein metric (BWM) demonstrates superior performance for ill-conditioning. In addition, the recently introduced Generalized BWM (GBWM) parameterizes the vanilla BWM via an SPD matrix, allowing for a more nuanced representation of vibrant geometries of the SPD manifold. Therefore, we propose a novel RBN algorithm based on the GBW geometry, incorporating a learnable metric parameter. Moreover, the deformation of GBWM by matrix power is also introduced to further enhance the representational capacity of GBWM-based RBN. Experimental results on different datasets validate the effectiveness of our proposed method.",http://arxiv.org/abs/2504.00660v1,https://arxiv.org/pdf/2504.00660v1,Accepted by CVPR 2025
SMILE: Infusing Spatial and Motion Semantics in Masked Video Learning,Fida Mohammad Thoker; Letian Jiang; Chen Zhao; Bernard Ghanem,CVPR,2,0,0,2504.00527,"Masked video modeling, such as VideoMAE, is an effective paradigm for video self-supervised learning (SSL). However, they are primarily based on reconstructing pixel-level details on natural videos which have substantial temporal redundancy, limiting their capability for semantic representation and sufficient encoding of motion dynamics. To address these issues, this paper introduces a novel SSL approach for video representation learning, dubbed as SMILE, by infusing both spatial and motion semantics. In SMILE, we leverage image-language pretrained models, such as CLIP, to guide the learning process with their high-level spatial semantics. We enhance the representation of motion by introducing synthetic motion patterns in the training data, allowing the model to capture more complex and dynamic content. Furthermore, using SMILE, we establish a new self-supervised video learning paradigm capable of learning strong video representations without requiring any natural video data. We have carried out extensive experiments on 7 datasets with various downstream scenarios. SMILE surpasses current state-of-the-art SSL methods, showcasing its effectiveness in learning more discriminative and generalizable video representations. Code is available: https://github.com/fmthoker/SMILE",http://arxiv.org/abs/2504.00527v1,https://arxiv.org/pdf/2504.00527v1,Accepted to CVPR 2025
Learned Image Compression with Dictionary-based Entropy Model,Jingbo Lu; Leheng Zhang; Xingyu Zhou; Mu Li; Wen Li; Shuhang Gu,CVPR,2,0,0,2504.00496,"Learned image compression methods have attracted great research interest and exhibited superior rate-distortion performance to the best classical image compression standards of the present. The entropy model plays a key role in learned image compression, which estimates the probability distribution of the latent representation for further entropy coding. Most existing methods employed hyper-prior and auto-regressive architectures to form their entropy models. However, they only aimed to explore the internal dependencies of latent representation while neglecting the importance of extracting prior from training data. In this work, we propose a novel entropy model named Dictionary-based Cross Attention Entropy model, which introduces a learnable dictionary to summarize the typical structures occurring in the training dataset to enhance the entropy model. Extensive experimental results have demonstrated that the proposed model strikes a better balance between performance and latency, achieving state-of-the-art results on various benchmark datasets.",http://arxiv.org/abs/2504.00496v2,https://arxiv.org/pdf/2504.00496v2,Accepted to CVPR 2025
"Think Small, Act Big: Primitive Prompt Learning for Lifelong Robot Manipulation",Yuanqi Yao; Siao Liu; Haoming Song; Delin Qu; Qizhi Chen; Yan Ding; Bin Zhao; Zhigang Wang; Xuelong Li; Dong Wang,CVPR,2,0,0,2504.00420,"Building a lifelong robot that can effectively leverage prior knowledge for continuous skill acquisition remains significantly challenging. Despite the success of experience replay and parameter-efficient methods in alleviating catastrophic forgetting problem, naively applying these methods causes a failure to leverage the shared primitives between skills. To tackle these issues, we propose Primitive Prompt Learning (PPL), to achieve lifelong robot manipulation via reusable and extensible primitives. Within our two stage learning scheme, we first learn a set of primitive prompts to represent shared primitives through multi-skills pre-training stage, where motion-aware prompts are learned to capture semantic and motion shared primitives across different skills. Secondly, when acquiring new skills in lifelong span, new prompts are appended and optimized with frozen pretrained prompts, boosting the learning via knowledge transfer from old skills to new ones. For evaluation, we construct a large-scale skill dataset and conduct extensive experiments in both simulation and real-world tasks, demonstrating PPL's superior performance over state-of-the-art methods.",http://arxiv.org/abs/2504.00420v2,https://arxiv.org/pdf/2504.00420v2,Accepted to CVPR 2025
Hierarchical Flow Diffusion for Efficient Frame Interpolation,Yang Hai; Guo Wang; Tan Su; Wenjie Jiang; Yinlin Hu,CVPR,2,0,0,2504.00380,"Most recent diffusion-based methods still show a large gap compared to non-diffusion methods for video frame interpolation, in both accuracy and efficiency. Most of them formulate the problem as a denoising procedure in latent space directly, which is less effective caused by the large latent space. We propose to model bilateral optical flow explicitly by hierarchical diffusion models, which has much smaller search space in the denoising procedure. Based on the flow diffusion model, we then use a flow-guided images synthesizer to produce the final result. We train the flow diffusion model and the image synthesizer end to end. Our method achieves state of the art in accuracy, and 10+ times faster than other diffusion-based methods. The project page is at: https://hfd-interpolation.github.io.",http://arxiv.org/abs/2504.00380v1,https://arxiv.org/pdf/2504.00380v1,Accepted by CVPR 2025
MPDrive: Improving Spatial Understanding with Marker-Based Prompt Learning for Autonomous Driving,Zhiyuan Zhang; Xiaofan Li; Zhihao Xu; Wenjie Peng; Zijian Zhou; Miaojing Shi; Shuangping Huang,CVPR,2,0,0,2504.00379,"Autonomous driving visual question answering (AD-VQA) aims to answer questions related to perception, prediction, and planning based on given driving scene images, heavily relying on the model's spatial understanding capabilities. Prior works typically express spatial information through textual representations of coordinates, resulting in semantic gaps between visual coordinate representations and textual descriptions. This oversight hinders the accurate transmission of spatial information and increases the expressive burden. To address this, we propose a novel Marker-based Prompt learning framework (MPDrive), which represents spatial coordinates by concise visual markers, ensuring linguistic expressive consistency and enhancing the accuracy of both visual perception and spatial expression in AD-VQA. Specifically, we create marker images by employing a detection expert to overlay object regions with numerical labels, converting complex textual coordinate generation into straightforward text-based visual marker predictions. Moreover, we fuse original and marker images as scene-level features and integrate them with detection priors to derive instance-level features. By combining these features, we construct dual-granularity visual prompts that stimulate the LLM's spatial perception capabilities. Extensive experiments on the DriveLM and CODA-LM datasets show that MPDrive achieves state-of-the-art performance, particularly in cases requiring sophisticated spatial understanding.",http://arxiv.org/abs/2504.00379v1,https://arxiv.org/pdf/2504.00379v1,Accepted by CVPR 2025
MultiMorph: On-demand Atlas Construction,S. Mazdak Abulnaga; Andrew Hoopes; Neel Dey; Malte Hoffmann; Marianne Rakic; Bruce Fischl; John Guttag; Adrian Dalca,CVPR,2,0,0,2504.00247,"We present MultiMorph, a fast and efficient method for constructing anatomical atlases on the fly. Atlases capture the canonical structure of a collection of images and are essential for quantifying anatomical variability across populations. However, current atlas construction methods often require days to weeks of computation, thereby discouraging rapid experimentation. As a result, many scientific studies rely on suboptimal, precomputed atlases from mismatched populations, negatively impacting downstream analyses. MultiMorph addresses these challenges with a feedforward model that rapidly produces high-quality, population-specific atlases in a single forward pass for any 3D brain dataset, without any fine-tuning or optimization. MultiMorph is based on a linear group-interaction layer that aggregates and shares features within the group of input images. Further, by leveraging auxiliary synthetic data, MultiMorph generalizes to new imaging modalities and population groups at test-time. Experimentally, MultiMorph outperforms state-of-the-art optimization-based and learning-based atlas construction methods in both small and large population settings, with a 100-fold reduction in time. This makes MultiMorph an accessible framework for biomedical researchers without machine learning expertise, enabling rapid, high-quality atlas generation for diverse studies.",http://arxiv.org/abs/2504.00247v1,https://arxiv.org/pdf/2504.00247v1,accepted to CVPR 2025
LITA-GS: Illumination-Agnostic Novel View Synthesis via Reference-Free 3D Gaussian Splatting and Physical Priors,Han Zhou; Wei Dong; Jun Chen,CVPR,2,0,0,2504.00219,"Directly employing 3D Gaussian Splatting (3DGS) on images with adverse illumination conditions exhibits considerable difficulty in achieving high-quality, normally-exposed representations due to: (1) The limited Structure from Motion (SfM) points estimated in adverse illumination scenarios fail to capture sufficient scene details; (2) Without ground-truth references, the intensive information loss, significant noise, and color distortion pose substantial challenges for 3DGS to produce high-quality results; (3) Combining existing exposure correction methods with 3DGS does not achieve satisfactory performance due to their individual enhancement processes, which lead to the illumination inconsistency between enhanced images from different viewpoints. To address these issues, we propose LITA-GS, a novel illumination-agnostic novel view synthesis method via reference-free 3DGS and physical priors. Firstly, we introduce an illumination-invariant physical prior extraction pipeline. Secondly, based on the extracted robust spatial structure prior, we develop the lighting-agnostic structure rendering strategy, which facilitates the optimization of the scene structure and object appearance. Moreover, a progressive denoising module is introduced to effectively mitigate the noise within the light-invariant representation. We adopt the unsupervised strategy for the training of LITA-GS and extensive experiments demonstrate that LITA-GS surpasses the state-of-the-art (SOTA) NeRF-based method while enjoying faster inference speed and costing reduced training time. The code is released at https://github.com/LowLevelAI/LITA-GS.",http://arxiv.org/abs/2504.00219v1,https://arxiv.org/pdf/2504.00219v1,"Accepted by CVPR 2025. 3DGS, Adverse illumination conditions, Reference-free, Physical priors"
Free360: Layered Gaussian Splatting for Unbounded 360-Degree View Synthesis from Extremely Sparse and Unposed Views,Chong Bao; Xiyu Zhang; Zehao Yu; Jiale Shi; Guofeng Zhang; Songyou Peng; Zhaopeng Cui,CVPR,2,0,0,2503.24382,"Neural rendering has demonstrated remarkable success in high-quality 3D neural reconstruction and novel view synthesis with dense input views and accurate poses. However, applying it to extremely sparse, unposed views in unbounded 360° scenes remains a challenging problem. In this paper, we propose a novel neural rendering framework to accomplish the unposed and extremely sparse-view 3D reconstruction in unbounded 360° scenes. To resolve the spatial ambiguity inherent in unbounded scenes with sparse input views, we propose a layered Gaussian-based representation to effectively model the scene with distinct spatial layers. By employing a dense stereo reconstruction model to recover coarse geometry, we introduce a layer-specific bootstrap optimization to refine the noise and fill occluded regions in the reconstruction. Furthermore, we propose an iterative fusion of reconstruction and generation alongside an uncertainty-aware training approach to facilitate mutual conditioning and enhancement between these two processes. Comprehensive experiments show that our approach outperforms existing state-of-the-art methods in terms of rendering quality and surface reconstruction accuracy. Project page: https://zju3dv.github.io/free360/",http://arxiv.org/abs/2503.24382v1,https://arxiv.org/pdf/2503.24382v1,Accepted to CVPR 2025. Project Page: https://zju3dv.github.io/free360/
ERUPT: Efficient Rendering with Unposed Patch Transformer,Maxim V. Shugaev; Vincent Chen; Maxim Karrenbach; Kyle Ashley; Bridget Kennedy; Naresh P. Cuntoor,CVPR,2,0,0,2503.24374,"This work addresses the problem of novel view synthesis in diverse scenes from small collections of RGB images. We propose ERUPT (Efficient Rendering with Unposed Patch Transformer) a state-of-the-art scene reconstruction model capable of efficient scene rendering using unposed imagery. We introduce patch-based querying, in contrast to existing pixel-based queries, to reduce the compute required to render a target view. This makes our model highly efficient both during training and at inference, capable of rendering at 600 fps on commercial hardware. Notably, our model is designed to use a learned latent camera pose which allows for training using unposed targets in datasets with sparse or inaccurate ground truth camera pose. We show that our approach can generalize on large real-world data and introduce a new benchmark dataset (MSVS-1M) for latent view synthesis using street-view imagery collected from Mapillary. In contrast to NeRF and Gaussian Splatting, which require dense imagery and precise metadata, ERUPT can render novel views of arbitrary scenes with as few as five unposed input images. ERUPT achieves better rendered image quality than current state-of-the-art methods for unposed image synthesis tasks, reduces labeled data requirements by ~95\% and decreases computational requirements by an order of magnitude, providing efficient novel view synthesis for diverse real-world scenes.",http://arxiv.org/abs/2503.24374v1,https://arxiv.org/pdf/2503.24374v1,Accepted to CVPR 2025
Towards Understanding How Knowledge Evolves in Large Vision-Language Models,Sudong Wang; Yunjian Zhang; Yao Zhu; Jianing Li; Zizhe Wang; Yanwei Liu; Xiangyang Ji,CVPR,2,0,0,2504.02862,"Large Vision-Language Models (LVLMs) are gradually becoming the foundation for many artificial intelligence applications. However, understanding their internal working mechanisms has continued to puzzle researchers, which in turn limits the further enhancement of their capabilities. In this paper, we seek to investigate how multimodal knowledge evolves and eventually induces natural languages in LVLMs. We design a series of novel strategies for analyzing internal knowledge within LVLMs, and delve into the evolution of multimodal knowledge from three levels, including single token probabilities, token probability distributions, and feature encodings. In this process, we identify two key nodes in knowledge evolution: the critical layers and the mutation layers, dividing the evolution process into three stages: rapid evolution, stabilization, and mutation. Our research is the first to reveal the trajectory of knowledge evolution in LVLMs, providing a fresh perspective for understanding their underlying mechanisms. Our codes are available at https://github.com/XIAO4579/Vlm-interpretability.",http://arxiv.org/abs/2504.02862v2,https://arxiv.org/pdf/2504.02862v2,Accepted by CVPR 2025
It's a (Blind) Match! Towards Vision-Language Correspondence without Parallel Data,Dominik Schnaus; Nikita Araslanov; Daniel Cremers,CVPR,2,0,0,2503.24129,"The platonic representation hypothesis suggests that vision and language embeddings become more homogeneous as model and dataset sizes increase. In particular, pairwise distances within each modality become more similar. This suggests that as foundation models mature, it may become possible to match vision and language embeddings in a fully unsupervised fashion, i.e. without parallel data. We present the first feasibility study, and investigate conformity of existing vision and language foundation models in the context of unsupervised, or ""blind"", matching. First, we formulate unsupervised matching as a quadratic assignment problem and introduce a novel heuristic that outperforms previous solvers. We also develop a technique to find optimal matching problems, for which a non-trivial match is very likely. Second, we conduct an extensive study deploying a range of vision and language models on four datasets. Our analysis reveals that for many problem instances, vision and language representations can be indeed matched without supervision. This finding opens up the exciting possibility of embedding semantic knowledge into other modalities virtually annotation-free. As a proof of concept, we showcase an unsupervised classifier, which achieves non-trivial classification accuracy without any image-text annotation.",http://arxiv.org/abs/2503.24129v2,https://arxiv.org/pdf/2503.24129v2,"Accepted to CVPR 2025, Project page: https://dominik-schnaus.github.io/itsamatch/"
GLane3D : Detecting Lanes with Graph of 3D Keypoints,Halil İbrahim Öztürk; Muhammet Esat Kalfaoğlu; Ozsel Kilinc,CVPR,2,0,0,2503.23882,"Accurate and efficient lane detection in 3D space is essential for autonomous driving systems, where robust generalization is the foremost requirement for 3D lane detection algorithms. Considering the extensive variation in lane structures worldwide, achieving high generalization capacity is particularly challenging, as algorithms must accurately identify a wide variety of lane patterns worldwide. Traditional top-down approaches rely heavily on learning lane characteristics from training datasets, often struggling with lanes exhibiting previously unseen attributes. To address this generalization limitation, we propose a method that detects keypoints of lanes and subsequently predicts sequential connections between them to construct complete 3D lanes. Each key point is essential for maintaining lane continuity, and we predict multiple proposals per keypoint by allowing adjacent grids to predict the same keypoint using an offset mechanism. PointNMS is employed to eliminate overlapping proposal keypoints, reducing redundancy in the estimated BEV graph and minimizing computational overhead from connection estimations. Our model surpasses previous state-of-the-art methods on both the Apollo and OpenLane datasets, demonstrating superior F1 scores and a strong generalization capacity when models trained on OpenLane are evaluated on the Apollo dataset, compared to prior approaches.",http://arxiv.org/abs/2503.23882v1,https://arxiv.org/pdf/2503.23882v1,Accepted to CVPR 2025
Consistency-aware Self-Training for Iterative-based Stereo Matching,Jingyi Zhou; Peng Ye; Haoyu Zhang; Jiakang Yuan; Rao Qiang; Liu YangChenXu; Wu Cailin; Feng Xu; Tao Chen,CVPR,2,0,0,2503.23747,"Iterative-based methods have become mainstream in stereo matching due to their high performance. However, these methods heavily rely on labeled data and face challenges with unlabeled real-world data. To this end, we propose a consistency-aware self-training framework for iterative-based stereo matching for the first time, leveraging real-world unlabeled data in a teacher-student manner. We first observe that regions with larger errors tend to exhibit more pronounced oscillation characteristics during model prediction.Based on this, we introduce a novel consistency-aware soft filtering module to evaluate the reliability of teacher-predicted pseudo-labels, which consists of a multi-resolution prediction consistency filter and an iterative prediction consistency filter to assess the prediction fluctuations of multiple resolutions and iterative optimization respectively. Further, we introduce a consistency-aware soft-weighted loss to adjust the weight of pseudo-labels accordingly, relieving the error accumulation and performance degradation problem due to incorrect pseudo-labels. Extensive experiments demonstrate that our method can improve the performance of various iterative-based stereo matching approaches in various scenarios. In particular, our method can achieve further enhancements over the current SOTA methods on several benchmark datasets.",http://arxiv.org/abs/2503.23747v1,https://arxiv.org/pdf/2503.23747v1,Accepted by CVPR 2025
Blurry-Edges: Photon-Limited Depth Estimation from Defocused Boundaries,Wei Xu; Charles James Wagner; Junjie Luo; Qi Guo,CVPR,2,0,0,2503.23606,"Extracting depth information from photon-limited, defocused images is challenging because depth from defocus (DfD) relies on accurate estimation of defocus blur, which is fundamentally sensitive to image noise. We present a novel approach to robustly measure object depths from photon-limited images along the defocused boundaries. It is based on a new image patch representation, Blurry-Edges, that explicitly stores and visualizes a rich set of low-level patch information, including boundaries, color, and smoothness. We develop a deep neural network architecture that predicts the Blurry-Edges representation from a pair of differently defocused images, from which depth can be calculated using a closed-form DfD relation we derive. The experimental results on synthetic and real data show that our method achieves the highest depth estimation accuracy on photon-limited images compared to a broad range of state-of-the-art DfD methods.",http://arxiv.org/abs/2503.23606v2,https://arxiv.org/pdf/2503.23606v2,Accepted to CVPR 2025. Project page: https://blurry-edges.qiguo.org/
COSMIC: Clique-Oriented Semantic Multi-space Integration for Robust CLIP Test-Time Adaptation,Fanding Huang; Jingyan Jiang; Qinting Jiang; Hebei Li; Faisal Nadeem Khan; Zhi Wang,CVPR,2,0,0,2503.23388,"Recent vision-language models (VLMs) face significant challenges in test-time adaptation to novel domains. While cache-based methods show promise by leveraging historical information, they struggle with both caching unreliable feature-label pairs and indiscriminately using single-class information during querying, significantly compromising adaptation accuracy. To address these limitations, we propose COSMIC (Clique-Oriented Semantic Multi-space Integration for CLIP), a robust test-time adaptation framework that enhances adaptability through multi-granular, cross-modal semantic caching and graph-based querying mechanisms. Our framework introduces two key innovations: Dual Semantics Graph (DSG) and Clique Guided Hyper-class (CGH). The Dual Semantics Graph constructs complementary semantic spaces by incorporating textual features, coarse-grained CLIP features, and fine-grained DINOv2 features to capture rich semantic relationships. Building upon these dual graphs, the Clique Guided Hyper-class component leverages structured class relationships to enhance prediction robustness through correlated class selection. Extensive experiments demonstrate COSMIC's superior performance across multiple benchmarks, achieving significant improvements over state-of-the-art methods: 15.81% gain on out-of-distribution tasks and 5.33% on cross-domain generation with CLIP RN-50. Code is available at github.com/hf618/COSMIC.",http://arxiv.org/abs/2503.23388v1,https://arxiv.org/pdf/2503.23388v1,Accepted to CVPR 2025
Large Self-Supervised Models Bridge the Gap in Domain Adaptive Object Detection,Marc-Antoine Lavoie; Anas Mahmoud; Steven L. Waslander,CVPR,2,0,0,2503.23220,"The current state-of-the-art methods in domain adaptive object detection (DAOD) use Mean Teacher self-labelling, where a teacher model, directly derived as an exponential moving average of the student model, is used to generate labels on the target domain which are then used to improve both models in a positive loop. This couples learning and generating labels on the target domain, and other recent works also leverage the generated labels to add additional domain alignment losses. We believe this coupling is brittle and excessively constrained: there is no guarantee that a student trained only on source data can generate accurate target domain labels and initiate the positive feedback loop, and much better target domain labels can likely be generated by using a large pretrained network that has been exposed to much more data. Vision foundational models are exactly such models, and they have shown impressive task generalization capabilities even when frozen. We want to leverage these models for DAOD and introduce DINO Teacher, which consists of two components. First, we train a new labeller on source data only using a large frozen DINOv2 backbone and show it generates more accurate labels than Mean Teacher. Next, we align the student's source and target image patch features with those from a DINO encoder, driving source and target representations closer to the generalizable DINO representation. We obtain state-of-the-art performance on multiple DAOD datasets. Code available at https://github.com/TRAILab/DINO_Teacher",http://arxiv.org/abs/2503.23220v1,https://arxiv.org/pdf/2503.23220v1,"16 pages (8 main), 5 figures, accepted at CVPR 2025"
FRAME: Floor-aligned Representation for Avatar Motion from Egocentric Video,Andrea Boscolo Camiletto; Jian Wang; Eduardo Alvarado; Rishabh Dabral; Thabo Beeler; Marc Habermann; Christian Theobalt,CVPR,2,0,0,2503.23094,"Egocentric motion capture with a head-mounted body-facing stereo camera is crucial for VR and AR applications but presents significant challenges such as heavy occlusions and limited annotated real-world data. Existing methods rely on synthetic pretraining and struggle to generate smooth and accurate predictions in real-world settings, particularly for lower limbs. Our work addresses these limitations by introducing a lightweight VR-based data collection setup with on-board, real-time 6D pose tracking. Using this setup, we collected the most extensive real-world dataset for ego-facing ego-mounted cameras to date in size and motion variability. Effectively integrating this multimodal input -- device pose and camera feeds -- is challenging due to the differing characteristics of each data source. To address this, we propose FRAME, a simple yet effective architecture that combines device pose and camera feeds for state-of-the-art body pose prediction through geometrically sound multimodal integration and can run at 300 FPS on modern hardware. Lastly, we showcase a novel training strategy to enhance the model's generalization capabilities. Our approach exploits the problem's geometric properties, yielding high-quality motion capture free from common artifacts in prior works. Qualitative and quantitative evaluations, along with extensive comparisons, demonstrate the effectiveness of our method. Data, code, and CAD designs will be available at https://vcai.mpi-inf.mpg.de/projects/FRAME/",http://arxiv.org/abs/2503.23094v1,https://arxiv.org/pdf/2503.23094v1,Accepted at CVPR 2025
Empowering Large Language Models with 3D Situation Awareness,Zhihao Yuan; Yibo Peng; Jinke Ren; Yinghong Liao; Yatong Han; Chun-Mei Feng; Hengshuang Zhao; Guanbin Li; Shuguang Cui; Zhen Li,CVPR,2,0,0,2503.23024,"Driven by the great success of Large Language Models (LLMs) in the 2D image domain, their applications in 3D scene understanding has emerged as a new trend. A key difference between 3D and 2D is that the situation of an egocentric observer in 3D scenes can change, resulting in different descriptions (e.g., ''left"" or ''right""). However, current LLM-based methods overlook the egocentric perspective and simply use datasets from a global viewpoint. To address this issue, we propose a novel approach to automatically generate a situation-aware dataset by leveraging the scanning trajectory during data collection and utilizing Vision-Language Models (VLMs) to produce high-quality captions and question-answer pairs. Furthermore, we introduce a situation grounding module to explicitly predict the position and orientation of observer's viewpoint, thereby enabling LLMs to ground situation description in 3D scenes. We evaluate our approach on several benchmarks, demonstrating that our method effectively enhances the 3D situational awareness of LLMs while significantly expanding existing datasets and reducing manual effort.",http://arxiv.org/abs/2503.23024v1,https://arxiv.org/pdf/2503.23024v1,Accepted by CVPR 2025
OmniMMI: A Comprehensive Multi-modal Interaction Benchmark in Streaming Video Contexts,Yuxuan Wang; Yueqian Wang; Bo Chen; Tong Wu; Dongyan Zhao; Zilong Zheng,CVPR,2,0,0,2503.22952,"The rapid advancement of multi-modal language models (MLLMs) like GPT-4o has propelled the development of Omni language models, designed to process and proactively respond to continuous streams of multi-modal data. Despite their potential, evaluating their real-world interactive capabilities in streaming video contexts remains a formidable challenge. In this work, we introduce OmniMMI, a comprehensive multi-modal interaction benchmark tailored for OmniLLMs in streaming video contexts. OmniMMI encompasses over 1,121 videos and 2,290 questions, addressing two critical yet underexplored challenges in existing video benchmarks: streaming video understanding and proactive reasoning, across six distinct subtasks. Moreover, we propose a novel framework, Multi-modal Multiplexing Modeling (M4), designed to enable an inference-efficient streaming model that can see, listen while generating.",http://arxiv.org/abs/2503.22952v1,https://arxiv.org/pdf/2503.22952v1,To appear at CVPR 2025
SemAlign3D: Semantic Correspondence between RGB-Images through Aligning 3D Object-Class Representations,Krispin Wandel; Hesheng Wang,CVPR,2,0,0,2503.22462,"Semantic correspondence made tremendous progress through the recent advancements of large vision models (LVM). While these LVMs have been shown to reliably capture local semantics, the same can currently not be said for capturing global geometric relationships between semantic object regions. This problem leads to unreliable performance for semantic correspondence between images with extreme view variation. In this work, we aim to leverage monocular depth estimates to capture these geometric relationships for more robust and data-efficient semantic correspondence. First, we introduce a simple but effective method to build 3D object-class representations from monocular depth estimates and LVM features using a sparsely annotated image correspondence dataset. Second, we formulate an alignment energy that can be minimized using gradient descent to obtain an alignment between the 3D object-class representation and the object-class instance in the input RGB-image. Our method achieves state-of-the-art matching accuracy in multiple categories on the challenging SPair-71k dataset, increasing the PCK@0.1 score by more than 10 points on three categories and overall by 3.3 points from 85.6% to 88.9%. Additional resources and code are available at https://dub.sh/semalign3d.",http://arxiv.org/abs/2503.22462v1,https://arxiv.org/pdf/2503.22462v1,Accepted to CVPR 2025. Poster: https://cvpr.thecvf.com/virtual/2025/poster/32799
A Dataset for Semantic Segmentation in the Presence of Unknowns,Zakaria Laskar; Tomas Vojir; Matej Grcic; Iaroslav Melekhov; Shankar Gangisettye; Juho Kannala; Jiri Matas; Giorgos Tolias; C. V. Jawahar,CVPR,2,0,0,2503.22309,"Before deployment in the real-world deep neural networks require thorough evaluation of how they handle both knowns, inputs represented in the training data, and unknowns (anomalies). This is especially important for scene understanding tasks with safety critical applications, such as in autonomous driving. Existing datasets allow evaluation of only knowns or unknowns - but not both, which is required to establish ""in the wild"" suitability of deep neural network models. To bridge this gap, we propose a novel anomaly segmentation dataset, ISSU, that features a diverse set of anomaly inputs from cluttered real-world environments. The dataset is twice larger than existing anomaly segmentation datasets, and provides a training, validation and test set for controlled in-domain evaluation. The test set consists of a static and temporal part, with the latter comprised of videos. The dataset provides annotations for both closed-set (knowns) and anomalies, enabling closed-set and open-set evaluation. The dataset covers diverse conditions, such as domain and cross-sensor shift, illumination variation and allows ablation of anomaly detection methods with respect to these variations. Evaluation results of current state-of-the-art methods confirm the need for improvements especially in domain-generalization, small and large object segmentation.",http://arxiv.org/abs/2503.22309v1,https://arxiv.org/pdf/2503.22309v1,Accepted to CVPR 2025
Mono2Stereo: A Benchmark and Empirical Study for Stereo Conversion,Songsong Yu; Yuxin Chen; Zhongang Qi; Zeke Xie; Yifan Wang; Lijun Wang; Ying Shan; Huchuan Lu,CVPR,2,0,0,2503.22262,"With the rapid proliferation of 3D devices and the shortage of 3D content, stereo conversion is attracting increasing attention. Recent works introduce pretrained Diffusion Models (DMs) into this task. However, due to the scarcity of large-scale training data and comprehensive benchmarks, the optimal methodologies for employing DMs in stereo conversion and the accurate evaluation of stereo effects remain largely unexplored. In this work, we introduce the Mono2Stereo dataset, providing high-quality training data and benchmark to support in-depth exploration of stereo conversion. With this dataset, we conduct an empirical study that yields two primary findings. 1) The differences between the left and right views are subtle, yet existing metrics consider overall pixels, failing to concentrate on regions critical to stereo effects. 2) Mainstream methods adopt either one-stage left-to-right generation or warp-and-inpaint pipeline, facing challenges of degraded stereo effect and image distortion respectively. Based on these findings, we introduce a new evaluation metric, Stereo Intersection-over-Union, which prioritizes disparity and achieves a high correlation with human judgments on stereo effect. Moreover, we propose a strong baseline model, harmonizing the stereo effect and image quality simultaneously, and notably surpassing current mainstream methods. Our code and data will be open-sourced to promote further research in stereo conversion. Our models are available at mono2stereo-bench.github.io.",http://arxiv.org/abs/2503.22262v1,https://arxiv.org/pdf/2503.22262v1,Accepted by CVPR 2025 Project webpage: https://mono2stereo-bench.github.io/
Multi-modal Knowledge Distillation-based Human Trajectory Forecasting,Jaewoo Jeong; Seohee Lee; Daehee Park; Giwon Lee; Kuk-Jin Yoon,CVPR,2,0,0,2503.22201,"Pedestrian trajectory forecasting is crucial in various applications such as autonomous driving and mobile robot navigation. In such applications, camera-based perception enables the extraction of additional modalities (human pose, text) to enhance prediction accuracy. Indeed, we find that textual descriptions play a crucial role in integrating additional modalities into a unified understanding. However, online extraction of text requires the use of VLM, which may not be feasible for resource-constrained systems. To address this challenge, we propose a multi-modal knowledge distillation framework: a student model with limited modality is distilled from a teacher model trained with full range of modalities. The comprehensive knowledge of a teacher model trained with trajectory, human pose, and text is distilled into a student model using only trajectory or human pose as a sole supplement. In doing so, we separately distill the core locomotion insights from intra-agent multi-modality and inter-agent interaction. Our generalizable framework is validated with two state-of-the-art models across three datasets on both ego-view (JRDB, SIT) and BEV-view (ETH/UCY) setups, utilizing both annotated and VLM-generated text captions. Distilled student models show consistent improvement in all prediction metrics for both full and instantaneous observations, improving up to ~13%. The code is available at https://github.com/Jaewoo97/KDTF.",http://arxiv.org/abs/2503.22201v1,https://arxiv.org/pdf/2503.22201v1,Accepted to CVPR 2025
T-CIL: Temperature Scaling using Adversarial Perturbation for Calibration in Class-Incremental Learning,Seong-Hyeon Hwang; Minsu Kim; Steven Euijong Whang,CVPR,2,0,0,2503.22163,"We study model confidence calibration in class-incremental learning, where models learn from sequential tasks with different class sets. While existing works primarily focus on accuracy, maintaining calibrated confidence has been largely overlooked. Unfortunately, most post-hoc calibration techniques are not designed to work with the limited memories of old-task data typical in class-incremental learning, as retaining a sufficient validation set would be impractical. Thus, we propose T-CIL, a novel temperature scaling approach for class-incremental learning without a validation set for old tasks, that leverages adversarially perturbed exemplars from memory. Directly using exemplars is inadequate for temperature optimization, since they are already used for training. The key idea of T-CIL is to perturb exemplars more strongly for old tasks than for the new task by adjusting the perturbation direction based on feature distance, with the single magnitude determined using the new-task validation set. This strategy makes the perturbation magnitude computed from the new task also applicable to old tasks, leveraging the tendency that the accuracy of old tasks is lower than that of the new task. We empirically show that T-CIL significantly outperforms various baselines in terms of calibration on real datasets and can be integrated with existing class-incremental learning techniques with minimal impact on accuracy.",http://arxiv.org/abs/2503.22163v1,https://arxiv.org/pdf/2503.22163v1,Accepted to CVPR 2025
A Unified Image-Dense Annotation Generation Model for Underwater Scenes,Hongkai Lin; Dingkang Liang; Zhenghao Qi; Xiang Bai,CVPR,2,0,0,2503.21771,"Underwater dense prediction, especially depth estimation and semantic segmentation, is crucial for gaining a comprehensive understanding of underwater scenes. Nevertheless, high-quality and large-scale underwater datasets with dense annotations remain scarce because of the complex environment and the exorbitant data collection costs. This paper proposes a unified Text-to-Image and DEnse annotation generation method (TIDE) for underwater scenes. It relies solely on text as input to simultaneously generate realistic underwater images and multiple highly consistent dense annotations. Specifically, we unify the generation of text-to-image and text-to-dense annotations within a single model. The Implicit Layout Sharing mechanism (ILS) and cross-modal interaction method called Time Adaptive Normalization (TAN) are introduced to jointly optimize the consistency between image and dense annotations. We synthesize a large-scale underwater dataset using TIDE to validate the effectiveness of our method in underwater dense prediction tasks. The results demonstrate that our method effectively improves the performance of existing underwater dense prediction models and mitigates the scarcity of underwater data with dense annotations. We hope our method can offer new perspectives on alleviating data scarcity issues in other fields. The code is available at https://github.com/HongkLin/TIDE",http://arxiv.org/abs/2503.21771v2,https://arxiv.org/pdf/2503.21771v2,Accepted by CVPR 2025. The code is available at https://github.com/HongkLin/TIDE
Stable-SCore: A Stable Registration-based Framework for 3D Shape Correspondence,Haolin Liu; Xiaohang Zhan; Zizheng Yan; Zhongjin Luo; Yuxin Wen; Xiaoguang Han,CVPR,2,0,0,2503.21766,"Establishing character shape correspondence is a critical and fundamental task in computer vision and graphics, with diverse applications including re-topology, attribute transfer, and shape interpolation. Current dominant functional map methods, while effective in controlled scenarios, struggle in real situations with more complex challenges such as non-isometric shape discrepancies. In response, we revisit registration-for-correspondence methods and tap their potential for more stable shape correspondence estimation. To overcome their common issues including unstable deformations and the necessity for careful pre-alignment or high-quality initial 3D correspondences, we introduce Stable-SCore: A Stable Registration-based Framework for 3D Shape Correspondence. We first re-purpose a foundation model for 2D character correspondence that ensures reliable and stable 2D mappings. Crucially, we propose a novel Semantic Flow Guided Registration approach that leverages 2D correspondence to guide mesh deformations. Our framework significantly surpasses existing methods in challenging scenarios, and brings possibilities for a wide array of real applications, as demonstrated in our results.",http://arxiv.org/abs/2503.21766v1,https://arxiv.org/pdf/2503.21766v1,Accepted by CVPR 2025. Homepage: https://haolinliu97.github.io/Stable-Score/
CTRL-O: Language-Controllable Object-Centric Visual Representation Learning,Aniket Didolkar; Andrii Zadaianchuk; Rabiul Awal; Maximilian Seitzer; Efstratios Gavves; Aishwarya Agrawal,CVPR,2,0,0,2503.21747,"Object-centric representation learning aims to decompose visual scenes into fixed-size vectors called ""slots"" or ""object files"", where each slot captures a distinct object. Current state-of-the-art object-centric models have shown remarkable success in object discovery in diverse domains, including complex real-world scenes. However, these models suffer from a key limitation: they lack controllability. Specifically, current object-centric models learn representations based on their preconceived understanding of objects, without allowing user input to guide which objects are represented. Introducing controllability into object-centric models could unlock a range of useful capabilities, such as the ability to extract instance-specific representations from a scene. In this work, we propose a novel approach for user-directed control over slot representations by conditioning slots on language descriptions. The proposed ConTRoLlable Object-centric representation learning approach, which we term CTRL-O, achieves targeted object-language binding in complex real-world scenes without requiring mask supervision. Next, we apply these controllable slot representations on two downstream vision language tasks: text-to-image generation and visual question answering. The proposed approach enables instance-specific text-to-image generation and also achieves strong performance on visual question answering.",http://arxiv.org/abs/2503.21747v1,https://arxiv.org/pdf/2503.21747v1,Accepted at CVPR 2025
ManipTrans: Efficient Dexterous Bimanual Manipulation Transfer via Residual Learning,Kailin Li; Puhao Li; Tengyu Liu; Yuyang Li; Siyuan Huang,CVPR,2,0,0,2503.21860,"Human hands play a central role in interacting, motivating increasing research in dexterous robotic manipulation. Data-driven embodied AI algorithms demand precise, large-scale, human-like manipulation sequences, which are challenging to obtain with conventional reinforcement learning or real-world teleoperation. To address this, we introduce ManipTrans, a novel two-stage method for efficiently transferring human bimanual skills to dexterous robotic hands in simulation. ManipTrans first pre-trains a generalist trajectory imitator to mimic hand motion, then fine-tunes a specific residual module under interaction constraints, enabling efficient learning and accurate execution of complex bimanual tasks. Experiments show that ManipTrans surpasses state-of-the-art methods in success rate, fidelity, and efficiency. Leveraging ManipTrans, we transfer multiple hand-object datasets to robotic hands, creating DexManipNet, a large-scale dataset featuring previously unexplored tasks like pen capping and bottle unscrewing. DexManipNet comprises 3.3K episodes of robotic manipulation and is easily extensible, facilitating further policy training for dexterous hands and enabling real-world deployments.",http://arxiv.org/abs/2503.21860v1,https://arxiv.org/pdf/2503.21860v1,Accepted to CVPR 2025
Progressive Rendering Distillation: Adapting Stable Diffusion for Instant Text-to-Mesh Generation without 3D Data,Zhiyuan Ma; Xinyue Liang; Rongyuan Wu; Xiangyu Zhu; Zhen Lei; Lei Zhang,CVPR,2,0,0,2503.21694,"It is highly desirable to obtain a model that can generate high-quality 3D meshes from text prompts in just seconds. While recent attempts have adapted pre-trained text-to-image diffusion models, such as Stable Diffusion (SD), into generators of 3D representations (e.g., Triplane), they often suffer from poor quality due to the lack of sufficient high-quality 3D training data. Aiming at overcoming the data shortage, we propose a novel training scheme, termed as Progressive Rendering Distillation (PRD), eliminating the need for 3D ground-truths by distilling multi-view diffusion models and adapting SD into a native 3D generator. In each iteration of training, PRD uses the U-Net to progressively denoise the latent from random noise for a few steps, and in each step it decodes the denoised latent into 3D output. Multi-view diffusion models, including MVDream and RichDreamer, are used in joint with SD to distill text-consistent textures and geometries into the 3D outputs through score distillation. Since PRD supports training without 3D ground-truths, we can easily scale up the training data and improve generation quality for challenging text prompts with creative concepts. Meanwhile, PRD can accelerate the inference speed of the generation model in just a few steps. With PRD, we train a Triplane generator, namely TriplaneTurbo, which adds only $2.5\%$ trainable parameters to adapt SD for Triplane generation. TriplaneTurbo outperforms previous text-to-3D generators in both efficiency and quality. Specifically, it can produce high-quality 3D meshes in 1.2 seconds and generalize well for challenging text input. The code is available at https://github.com/theEricMa/TriplaneTurbo.",http://arxiv.org/abs/2503.21694v1,https://arxiv.org/pdf/2503.21694v1,Accepted to CVPR 2025. Code:https://github.com/theEricMa/TriplaneTurbo. Demo:https://huggingface.co/spaces/ZhiyuanthePony/TriplaneTurbo
BOLT: Boost Large Vision-Language Model Without Training for Long-form Video Understanding,Shuming Liu; Chen Zhao; Tianqi Xu; Bernard Ghanem,CVPR,2,0,0,2503.21483,"Large video-language models (VLMs) have demonstrated promising progress in various video understanding tasks. However, their effectiveness in long-form video analysis is constrained by limited context windows. Traditional approaches, such as uniform frame sampling, often inevitably allocate resources to irrelevant content, diminishing their effectiveness in real-world scenarios. In this paper, we introduce BOLT, a method to BOost Large VLMs without additional Training through a comprehensive study of frame selection strategies. First, to enable a more realistic evaluation of VLMs in long-form video understanding, we propose a multi-source retrieval evaluation setting. Our findings reveal that uniform sampling performs poorly in noisy contexts, underscoring the importance of selecting the right frames. Second, we explore several frame selection strategies based on query-frame similarity and analyze their effectiveness at inference time. Our results show that inverse transform sampling yields the most significant performance improvement, increasing accuracy on the Video-MME benchmark from 53.8% to 56.1% and MLVU benchmark from 58.9% to 63.4%. Our code is available at https://github.com/sming256/BOLT.",http://arxiv.org/abs/2503.21483v1,https://arxiv.org/pdf/2503.21483v1,Accepted to CVPR 2025
RoadSocial: A Diverse VideoQA Dataset and Benchmark for Road Event Understanding from Social Video Narratives,Chirag Parikh; Deepti Rawat; Rakshitha R. T.; Tathagata Ghosh; Ravi Kiran Sarvadevabhatla,CVPR,2,0,0,2503.21459,"We introduce RoadSocial, a large-scale, diverse VideoQA dataset tailored for generic road event understanding from social media narratives. Unlike existing datasets limited by regional bias, viewpoint bias and expert-driven annotations, RoadSocial captures the global complexity of road events with varied geographies, camera viewpoints (CCTV, handheld, drones) and rich social discourse. Our scalable semi-automatic annotation framework leverages Text LLMs and Video LLMs to generate comprehensive question-answer pairs across 12 challenging QA tasks, pushing the boundaries of road event understanding. RoadSocial is derived from social media videos spanning 14M frames and 414K social comments, resulting in a dataset with 13.2K videos, 674 tags and 260K high-quality QA pairs. We evaluate 18 Video LLMs (open-source and proprietary, driving-specific and general-purpose) on our road event understanding benchmark. We also demonstrate RoadSocial's utility in improving road event understanding capabilities of general-purpose Video LLMs.",http://arxiv.org/abs/2503.21459v1,https://arxiv.org/pdf/2503.21459v1,Accepted at CVPR 2025; Project Page: https://roadsocial.github.io/
The Devil is in Low-Level Features for Cross-Domain Few-Shot Segmentation,Yuhan Liu; Yixiong Zou; Yuhua Li; Ruixuan Li,CVPR,2,0,0,2503.21150,"Cross-Domain Few-Shot Segmentation (CDFSS) is proposed to transfer the pixel-level segmentation capabilities learned from large-scale source-domain datasets to downstream target-domain datasets, with only a few annotated images per class. In this paper, we focus on a well-observed but unresolved phenomenon in CDFSS: for target domains, particularly those distant from the source domain, segmentation performance peaks at the very early epochs, and declines sharply as the source-domain training proceeds. We delve into this phenomenon for an interpretation: low-level features are vulnerable to domain shifts, leading to sharper loss landscapes during the source-domain training, which is the devil of CDFSS. Based on this phenomenon and interpretation, we further propose a method that includes two plug-and-play modules: one to flatten the loss landscapes for low-level features during source-domain training as a novel sharpness-aware minimization method, and the other to directly supplement target-domain information to the model during target-domain testing by low-level-based calibration. Extensive experiments on four target datasets validate our rationale and demonstrate that our method surpasses the state-of-the-art method in CDFSS signifcantly by 3.71% and 5.34% average MIoU in 1-shot and 5-shot scenarios, respectively.",http://arxiv.org/abs/2503.21150v1,https://arxiv.org/pdf/2503.21150v1,Accepted by CVPR 2025
Learning Class Prototypes for Unified Sparse Supervised 3D Object Detection,Yun Zhu; Le Hui; Hang Yang; Jianjun Qian; Jin Xie; Jian Yang,CVPR,2,0,0,2503.21099,"Both indoor and outdoor scene perceptions are essential for embodied intelligence. However, current sparse supervised 3D object detection methods focus solely on outdoor scenes without considering indoor settings. To this end, we propose a unified sparse supervised 3D object detection method for both indoor and outdoor scenes through learning class prototypes to effectively utilize unlabeled objects. Specifically, we first propose a prototype-based object mining module that converts the unlabeled object mining into a matching problem between class prototypes and unlabeled features. By using optimal transport matching results, we assign prototype labels to high-confidence features, thereby achieving the mining of unlabeled objects. We then present a multi-label cooperative refinement module to effectively recover missed detections through pseudo label quality control and prototype label cooperation. Experiments show that our method achieves state-of-the-art performance under the one object per scene sparse supervised setting across indoor and outdoor datasets. With only one labeled object per scene, our method achieves about 78%, 90%, and 96% performance compared to the fully supervised detector on ScanNet V2, SUN RGB-D, and KITTI, respectively, highlighting the scalability of our method. Code is available at https://github.com/zyrant/CPDet3D.",http://arxiv.org/abs/2503.21099v2,https://arxiv.org/pdf/2503.21099v2,Accepted by CVPR 2025
UniSTD: Towards Unified Spatio-Temporal Learning across Diverse Disciplines,Chen Tang; Xinzhu Ma; Encheng Su; Xiufeng Song; Xiaohong Liu; Wei-Hong Li; Lei Bai; Wanli Ouyang; Xiangyu Yue,CVPR,2,0,0,2503.20748,"Traditional spatiotemporal models generally rely on task-specific architectures, which limit their generalizability and scalability across diverse tasks due to domain-specific design requirements. In this paper, we introduce \textbf{UniSTD}, a unified Transformer-based framework for spatiotemporal modeling, which is inspired by advances in recent foundation models with the two-stage pretraining-then-adaption paradigm. Specifically, our work demonstrates that task-agnostic pretraining on 2D vision and vision-text datasets can build a generalizable model foundation for spatiotemporal learning, followed by specialized joint training on spatiotemporal datasets to enhance task-specific adaptability. To improve the learning capabilities across domains, our framework employs a rank-adaptive mixture-of-expert adaptation by using fractional interpolation to relax the discrete variables so that can be optimized in the continuous space. Additionally, we introduce a temporal module to incorporate temporal dynamics explicitly. We evaluate our approach on a large-scale dataset covering 10 tasks across 4 disciplines, demonstrating that a unified spatiotemporal model can achieve scalable, cross-task learning and support up to 10 tasks simultaneously within one model while reducing training costs in multi-domain applications. Code will be available at https://github.com/1hunters/UniSTD.",http://arxiv.org/abs/2503.20748v1,https://arxiv.org/pdf/2503.20748v1,Accepted to CVPR 2025
BizGen: Advancing Article-level Visual Text Rendering for Infographics Generation,Yuyang Peng; Shishi Xiao; Keming Wu; Qisheng Liao; Bohan Chen; Kevin Lin; Danqing Huang; Ji Li; Yuhui Yuan,CVPR,2,0,0,2503.20672,"Recently, state-of-the-art text-to-image generation models, such as Flux and Ideogram 2.0, have made significant progress in sentence-level visual text rendering. In this paper, we focus on the more challenging scenarios of article-level visual text rendering and address a novel task of generating high-quality business content, including infographics and slides, based on user provided article-level descriptive prompts and ultra-dense layouts. The fundamental challenges are twofold: significantly longer context lengths and the scarcity of high-quality business content data. In contrast to most previous works that focus on a limited number of sub-regions and sentence-level prompts, ensuring precise adherence to ultra-dense layouts with tens or even hundreds of sub-regions in business content is far more challenging. We make two key technical contributions: (i) the construction of scalable, high-quality business content dataset, i.e., Infographics-650K, equipped with ultra-dense layouts and prompts by implementing a layer-wise retrieval-augmented infographic generation scheme; and (ii) a layout-guided cross attention scheme, which injects tens of region-wise prompts into a set of cropped region latent space according to the ultra-dense layouts, and refine each sub-regions flexibly during inference using a layout conditional CFG. We demonstrate the strong results of our system compared to previous SOTA systems such as Flux and SD3 on our BizEval prompt set. Additionally, we conduct thorough ablation experiments to verify the effectiveness of each component. We hope our constructed Infographics-650K and BizEval can encourage the broader community to advance the progress of business content generation.",http://arxiv.org/abs/2503.20672v2,https://arxiv.org/pdf/2503.20672v2,Accepted by CVPR 2025. Project Page: https://bizgen-msra.github.io
SURGEON: Memory-Adaptive Fully Test-Time Adaptation via Dynamic Activation Sparsity,Ke Ma; Jiaqi Tang; Bin Guo; Fan Dang; Sicong Liu; Zhui Zhu; Lei Wu; Cheng Fang; Ying-Cong Chen; Zhiwen Yu; Yunhao Liu,CVPR,2,0,0,2503.20354,"Despite the growing integration of deep models into mobile terminals, the accuracy of these models declines significantly due to various deployment interferences. Test-time adaptation (TTA) has emerged to improve the performance of deep models by adapting them to unlabeled target data online. Yet, the significant memory cost, particularly in resource-constrained terminals, impedes the effective deployment of most backward-propagation-based TTA methods. To tackle memory constraints, we introduce SURGEON, a method that substantially reduces memory cost while preserving comparable accuracy improvements during fully test-time adaptation (FTTA) without relying on specific network architectures or modifications to the original training procedure. Specifically, we propose a novel dynamic activation sparsity strategy that directly prunes activations at layer-specific dynamic ratios during adaptation, allowing for flexible control of learning ability and memory cost in a data-sensitive manner. Among this, two metrics, Gradient Importance and Layer Activation Memory, are considered to determine the layer-wise pruning ratios, reflecting accuracy contribution and memory efficiency, respectively. Experimentally, our method surpasses the baselines by not only reducing memory usage but also achieving superior accuracy, delivering SOTA performance across diverse datasets, architectures, and tasks.",http://arxiv.org/abs/2503.20354v1,https://arxiv.org/pdf/2503.20354v1,Accepted to CVPR 2025
Recovering Dynamic 3D Sketches from Videos,Jaeah Lee; Changwoon Choi; Young Min Kim; Jaesik Park,CVPR,2,0,0,2503.20321,"Understanding 3D motion from videos presents inherent challenges due to the diverse types of movement, ranging from rigid and deformable objects to articulated structures. To overcome this, we propose Liv3Stroke, a novel approach for abstracting objects in motion with deformable 3D strokes. The detailed movements of an object may be represented by unstructured motion vectors or a set of motion primitives using a pre-defined articulation from a template model. Just as a free-hand sketch can intuitively visualize scenes or intentions with a sparse set of lines, we utilize a set of parametric 3D curves to capture a set of spatially smooth motion elements for general objects with unknown structures. We first extract noisy, 3D point cloud motion guidance from video frames using semantic features, and our approach deforms a set of curves to abstract essential motion features as a set of explicit 3D representations. Such abstraction enables an understanding of prominent components of motions while maintaining robustness to environmental factors. Our approach allows direct analysis of 3D object movements from video, tackling the uncertainty that typically occurs when translating real-world motion into recorded footage. The project page is accessible via: https://jaeah.me/liv3stroke_web",http://arxiv.org/abs/2503.20321v2,https://arxiv.org/pdf/2503.20321v2,Accepted to CVPR 2025
Protecting Your Video Content: Disrupting Automated Video-based LLM Annotations,Haitong Liu; Kuofeng Gao; Yang Bai; Jinmin Li; Jinxiao Shan; Tao Dai; Shu-Tao Xia,CVPR,2,0,0,2503.21824,"Recently, video-based large language models (video-based LLMs) have achieved impressive performance across various video comprehension tasks. However, this rapid advancement raises significant privacy and security concerns, particularly regarding the unauthorized use of personal video data in automated annotation by video-based LLMs. These unauthorized annotated video-text pairs can then be used to improve the performance of downstream tasks, such as text-to-video generation. To safeguard personal videos from unauthorized use, we propose two series of protective video watermarks with imperceptible adversarial perturbations, named Ramblings and Mutes. Concretely, Ramblings aim to mislead video-based LLMs into generating inaccurate captions for the videos, thereby degrading the quality of video annotations through inconsistencies between video content and captions. Mutes, on the other hand, are designed to prompt video-based LLMs to produce exceptionally brief captions, lacking descriptive detail. Extensive experiments demonstrate that our video watermarking methods effectively protect video data by significantly reducing video annotation performance across various video-based LLMs, showcasing both stealthiness and robustness in protecting personal video content. Our code is available at https://github.com/ttthhl/Protecting_Your_Video_Content.",http://arxiv.org/abs/2503.21824v1,https://arxiv.org/pdf/2503.21824v1,Accepted by CVPR 2025
Attribute-formed Class-specific Concept Space: Endowing Language Bottleneck Model with Better Interpretability and Scalability,Jianyang Zhang; Qianli Luo; Guowu Yang; Wenjing Yang; Weide Liu; Guosheng Lin; Fengmao Lv,CVPR,2,0,0,2503.20301,"Language Bottleneck Models (LBMs) are proposed to achieve interpretable image recognition by classifying images based on textual concept bottlenecks. However, current LBMs simply list all concepts together as the bottleneck layer, leading to the spurious cue inference problem and cannot generalized to unseen classes. To address these limitations, we propose the Attribute-formed Language Bottleneck Model (ALBM). ALBM organizes concepts in the attribute-formed class-specific space, where concepts are descriptions of specific attributes for specific classes. In this way, ALBM can avoid the spurious cue inference problem by classifying solely based on the essential concepts of each class. In addition, the cross-class unified attribute set also ensures that the concept spaces of different classes have strong correlations, as a result, the learned concept classifier can be easily generalized to unseen classes. Moreover, to further improve interpretability, we propose Visual Attribute Prompt Learning (VAPL) to extract visual features on fine-grained attributes. Furthermore, to avoid labor-intensive concept annotation, we propose the Description, Summary, and Supplement (DSS) strategy to automatically generate high-quality concept sets with a complete and precise attribute. Extensive experiments on 9 widely used few-shot benchmarks demonstrate the interpretability, transferability, and performance of our approach. The code and collected concept sets are available at https://github.com/tiggers23/ALBM.",http://arxiv.org/abs/2503.20301v1,https://arxiv.org/pdf/2503.20301v1,This paper has been accepted to CVPR 2025
Leveraging 3D Geometric Priors in 2D Rotation Symmetry Detection,Ahyun Seo; Minsu Cho,CVPR,2,0,0,2503.20235,"Symmetry plays a vital role in understanding structural patterns, aiding object recognition and scene interpretation. This paper focuses on rotation symmetry, where objects remain unchanged when rotated around a central axis, requiring detection of rotation centers and supporting vertices. Traditional methods relied on hand-crafted feature matching, while recent segmentation models based on convolutional neural networks detect rotation centers but struggle with 3D geometric consistency due to viewpoint distortions. To overcome this, we propose a model that directly predicts rotation centers and vertices in 3D space and projects the results back to 2D while preserving structural integrity. By incorporating a vertex reconstruction stage enforcing 3D geometric priors -- such as equal side lengths and interior angles -- our model enhances robustness and accuracy. Experiments on the DENDI dataset show superior performance in rotation axis detection and validate the impact of 3D priors through ablation studies.",http://arxiv.org/abs/2503.20235v2,https://arxiv.org/pdf/2503.20235v2,Accepted to CVPR 2025
Hyperdimensional Uncertainty Quantification for Multimodal Uncertainty Fusion in Autonomous Vehicles Perception,Luke Chen; Junyao Wang; Trier Mortlock; Pramod Khargonekar; Mohammad Abdullah Al Faruque,CVPR,2,0,0,2503.20011,"Uncertainty Quantification (UQ) is crucial for ensuring the reliability of machine learning models deployed in real-world autonomous systems. However, existing approaches typically quantify task-level output prediction uncertainty without considering epistemic uncertainty at the multimodal feature fusion level, leading to sub-optimal outcomes. Additionally, popular uncertainty quantification methods, e.g., Bayesian approximations, remain challenging to deploy in practice due to high computational costs in training and inference. In this paper, we propose HyperDUM, a novel deterministic uncertainty method (DUM) that efficiently quantifies feature-level epistemic uncertainty by leveraging hyperdimensional computing. Our method captures the channel and spatial uncertainties through channel and patch -wise projection and bundling techniques respectively. Multimodal sensor features are then adaptively weighted to mitigate uncertainty propagation and improve feature fusion. Our evaluations show that HyperDUM on average outperforms the state-of-the-art (SOTA) algorithms by up to 2.01%/1.27% in 3D Object Detection and up to 1.29% improvement over baselines in semantic segmentation tasks under various types of uncertainties. Notably, HyperDUM requires 2.36x less Floating Point Operations and up to 38.30x less parameters than SOTA methods, providing an efficient solution for real-world autonomous systems.",http://arxiv.org/abs/2503.20011v1,https://arxiv.org/pdf/2503.20011v1,Accepted at CVPR 2025
PartRM: Modeling Part-Level Dynamics with Large Cross-State Reconstruction Model,Mingju Gao; Yike Pan; Huan-ang Gao; Zongzheng Zhang; Wenyi Li; Hao Dong; Hao Tang; Li Yi; Hao Zhao,CVPR,2,0,0,2503.19913,"As interest grows in world models that predict future states from current observations and actions, accurately modeling part-level dynamics has become increasingly relevant for various applications. Existing approaches, such as Puppet-Master, rely on fine-tuning large-scale pre-trained video diffusion models, which are impractical for real-world use due to the limitations of 2D video representation and slow processing times. To overcome these challenges, we present PartRM, a novel 4D reconstruction framework that simultaneously models appearance, geometry, and part-level motion from multi-view images of a static object. PartRM builds upon large 3D Gaussian reconstruction models, leveraging their extensive knowledge of appearance and geometry in static objects. To address data scarcity in 4D, we introduce the PartDrag-4D dataset, providing multi-view observations of part-level dynamics across over 20,000 states. We enhance the model's understanding of interaction conditions with a multi-scale drag embedding module that captures dynamics at varying granularities. To prevent catastrophic forgetting during fine-tuning, we implement a two-stage training process that focuses sequentially on motion and appearance learning. Experimental results show that PartRM establishes a new state-of-the-art in part-level motion learning and can be applied in manipulation tasks in robotics. Our code, data, and models are publicly available to facilitate future research.",http://arxiv.org/abs/2503.19913v1,https://arxiv.org/pdf/2503.19913v1,Accepted to CVPR 2025. Project Page: https://partrm.c7w.tech/
AvatarArtist: Open-Domain 4D Avatarization,Hongyu Liu; Xuan Wang; Ziyu Wan; Yue Ma; Jingye Chen; Yanbo Fan; Yujun Shen; Yibing Song; Qifeng Chen,CVPR,2,0,0,2503.19906,"This work focuses on open-domain 4D avatarization, with the purpose of creating a 4D avatar from a portrait image in an arbitrary style. We select parametric triplanes as the intermediate 4D representation and propose a practical training paradigm that takes advantage of both generative adversarial networks (GANs) and diffusion models. Our design stems from the observation that 4D GANs excel at bridging images and triplanes without supervision yet usually face challenges in handling diverse data distributions. A robust 2D diffusion prior emerges as the solution, assisting the GAN in transferring its expertise across various domains. The synergy between these experts permits the construction of a multi-domain image-triplane dataset, which drives the development of a general 4D avatar creator. Extensive experiments suggest that our model, AvatarArtist, is capable of producing high-quality 4D avatars with strong robustness to various source image domains. The code, the data, and the models will be made publicly available to facilitate future studies.",http://arxiv.org/abs/2503.19906v2,https://arxiv.org/pdf/2503.19906v2,Accepted to CVPR 2025. Project page: https://kumapowerliu.github.io/AvatarArtist
Scaling Down Text Encoders of Text-to-Image Diffusion Models,Lifu Wang; Daqing Liu; Xinchen Liu; Xiaodong He,CVPR,2,0,0,2503.19897,"Text encoders in diffusion models have rapidly evolved, transitioning from CLIP to T5-XXL. Although this evolution has significantly enhanced the models' ability to understand complex prompts and generate text, it also leads to a substantial increase in the number of parameters. Despite T5 series encoders being trained on the C4 natural language corpus, which includes a significant amount of non-visual data, diffusion models with T5 encoder do not respond to those non-visual prompts, indicating redundancy in representational power. Therefore, it raises an important question: ""Do we really need such a large text encoder?"" In pursuit of an answer, we employ vision-based knowledge distillation to train a series of T5 encoder models. To fully inherit its capabilities, we constructed our dataset based on three criteria: image quality, semantic understanding, and text-rendering. Our results demonstrate the scaling down pattern that the distilled T5-base model can generate images of comparable quality to those produced by T5-XXL, while being 50 times smaller in size. This reduction in model size significantly lowers the GPU requirements for running state-of-the-art models such as FLUX and SD3, making high-quality text-to-image generation more accessible.",http://arxiv.org/abs/2503.19897v1,https://arxiv.org/pdf/2503.19897v1,accepted by CVPR 2025
Mask$^2$DiT: Dual Mask-based Diffusion Transformer for Multi-Scene Long Video Generation,Tianhao Qi; Jianlong Yuan; Wanquan Feng; Shancheng Fang; Jiawei Liu; SiYu Zhou; Qian He; Hongtao Xie; Yongdong Zhang,CVPR,2,0,0,2503.19881,"Sora has unveiled the immense potential of the Diffusion Transformer (DiT) architecture in single-scene video generation. However, the more challenging task of multi-scene video generation, which offers broader applications, remains relatively underexplored. To bridge this gap, we propose Mask$^2$DiT, a novel approach that establishes fine-grained, one-to-one alignment between video segments and their corresponding text annotations. Specifically, we introduce a symmetric binary mask at each attention layer within the DiT architecture, ensuring that each text annotation applies exclusively to its respective video segment while preserving temporal coherence across visual tokens. This attention mechanism enables precise segment-level textual-to-visual alignment, allowing the DiT architecture to effectively handle video generation tasks with a fixed number of scenes. To further equip the DiT architecture with the ability to generate additional scenes based on existing ones, we incorporate a segment-level conditional mask, which conditions each newly generated segment on the preceding video segments, thereby enabling auto-regressive scene extension. Both qualitative and quantitative experiments confirm that Mask$^2$DiT excels in maintaining visual consistency across segments while ensuring semantic alignment between each segment and its corresponding text description. Our project page is https://tianhao-qi.github.io/Mask2DiTProject.",http://arxiv.org/abs/2503.19881v1,https://arxiv.org/pdf/2503.19881v1,Accepted by CVPR 2025
GENIUS: A Generative Framework for Universal Multimodal Search,Sungyeon Kim; Xinliang Zhu; Xiaofan Lin; Muhammet Bastan; Douglas Gray; Suha Kwak,CVPR,2,0,0,2503.19868,"Generative retrieval is an emerging approach in information retrieval that generates identifiers (IDs) of target data based on a query, providing an efficient alternative to traditional embedding-based retrieval methods. However, existing models are task-specific and fall short of embedding-based retrieval in performance. This paper proposes GENIUS, a universal generative retrieval framework supporting diverse tasks across multiple modalities and domains. At its core, GENIUS introduces modality-decoupled semantic quantization, transforming multimodal data into discrete IDs encoding both modality and semantics. Moreover, to enhance generalization, we propose a query augmentation that interpolates between a query and its target, allowing GENIUS to adapt to varied query forms. Evaluated on the M-BEIR benchmark, it surpasses prior generative methods by a clear margin. Unlike embedding-based retrieval, GENIUS consistently maintains high retrieval speed across database size, with competitive performance across multiple benchmarks. With additional re-ranking, GENIUS often achieves results close to those of embedding-based methods while preserving efficiency.",http://arxiv.org/abs/2503.19868v2,https://arxiv.org/pdf/2503.19868v2,Accepted to CVPR 2025
Attention IoU: Examining Biases in CelebA using Attention Maps,Aaron Serianni; Tyler Zhu; Olga Russakovsky; Vikram V. Ramaswamy,CVPR,2,0,0,2503.19846,"Computer vision models have been shown to exhibit and amplify biases across a wide array of datasets and tasks. Existing methods for quantifying bias in classification models primarily focus on dataset distribution and model performance on subgroups, overlooking the internal workings of a model. We introduce the Attention-IoU (Attention Intersection over Union) metric and related scores, which use attention maps to reveal biases within a model's internal representations and identify image features potentially causing the biases. First, we validate Attention-IoU on the synthetic Waterbirds dataset, showing that the metric accurately measures model bias. We then analyze the CelebA dataset, finding that Attention-IoU uncovers correlations beyond accuracy disparities. Through an investigation of individual attributes through the protected attribute of Male, we examine the distinct ways biases are represented in CelebA. Lastly, by subsampling the training set to change attribute correlations, we demonstrate that Attention-IoU reveals potential confounding variables not present in dataset labels.",http://arxiv.org/abs/2503.19846v2,https://arxiv.org/pdf/2503.19846v2,"To appear in CVPR 2025. Code and data is available at https://github.com/aaronserianni/attention-iou . 15 pages, 14 figures, including appendix"
FireEdit: Fine-grained Instruction-based Image Editing via Region-aware Vision Language Model,Jun Zhou; Jiahao Li; Zunnan Xu; Hanhui Li; Yiji Cheng; Fa-Ting Hong; Qin Lin; Qinglin Lu; Xiaodan Liang,CVPR,2,0,0,2503.19839,"Currently, instruction-based image editing methods have made significant progress by leveraging the powerful cross-modal understanding capabilities of vision language models (VLMs). However, they still face challenges in three key areas: 1) complex scenarios; 2) semantic consistency; and 3) fine-grained editing. To address these issues, we propose FireEdit, an innovative Fine-grained Instruction-based image editing framework that exploits a REgion-aware VLM. FireEdit is designed to accurately comprehend user instructions and ensure effective control over the editing process. Specifically, we enhance the fine-grained visual perception capabilities of the VLM by introducing additional region tokens. Relying solely on the output of the LLM to guide the diffusion model may lead to suboptimal editing results. Therefore, we propose a Time-Aware Target Injection module and a Hybrid Visual Cross Attention module. The former dynamically adjusts the guidance strength at various denoising stages by integrating timestep embeddings with the text embeddings. The latter enhances visual details for image editing, thereby preserving semantic consistency between the edited result and the source image. By combining the VLM enhanced with fine-grained region tokens and the time-dependent diffusion model, FireEdit demonstrates significant advantages in comprehending editing instructions and maintaining high semantic consistency. Extensive experiments indicate that our approach surpasses the state-of-the-art instruction-based image editing methods. Our project is available at https://zjgans.github.io/fireedit.github.io.",http://arxiv.org/abs/2503.19839v2,https://arxiv.org/pdf/2503.19839v2,Accepted to CVPR 2025
Fine-Grained Erasure in Text-to-Image Diffusion-based Foundation Models,Kartik Thakral; Tamar Glaser; Tal Hassner; Mayank Vatsa; Richa Singh,CVPR,2,0,0,2503.19783,"Existing unlearning algorithms in text-to-image generative models often fail to preserve the knowledge of semantically related concepts when removing specific target concepts: a challenge known as adjacency. To address this, we propose FADE (Fine grained Attenuation for Diffusion Erasure), introducing adjacency aware unlearning in diffusion models. FADE comprises two components: (1) the Concept Neighborhood, which identifies an adjacency set of related concepts, and (2) Mesh Modules, employing a structured combination of Expungement, Adjacency, and Guidance loss components. These enable precise erasure of target concepts while preserving fidelity across related and unrelated concepts. Evaluated on datasets like Stanford Dogs, Oxford Flowers, CUB, I2P, Imagenette, and ImageNet1k, FADE effectively removes target concepts with minimal impact on correlated concepts, achieving atleast a 12% improvement in retention performance over state-of-the-art methods.",http://arxiv.org/abs/2503.19783v1,https://arxiv.org/pdf/2503.19783v1,Published in CVPR 2025
Resilient Sensor Fusion under Adverse Sensor Failures via Multi-Modal Expert Fusion,Konyul Park; Yecheol Kim; Daehun Kim; Jun Won Choi,CVPR,2,0,0,2503.19776,"Modern autonomous driving perception systems utilize complementary multi-modal sensors, such as LiDAR and cameras. Although sensor fusion architectures enhance performance in challenging environments, they still suffer significant performance drops under severe sensor failures, such as LiDAR beam reduction, LiDAR drop, limited field of view, camera drop, and occlusion. This limitation stems from inter-modality dependencies in current sensor fusion frameworks. In this study, we introduce an efficient and robust LiDAR-camera 3D object detector, referred to as MoME, which can achieve robust performance through a mixture of experts approach. Our MoME fully decouples modality dependencies using three parallel expert decoders, which use camera features, LiDAR features, or a combination of both to decode object queries, respectively. We propose Multi-Expert Decoding (MED) framework, where each query is decoded selectively using one of three expert decoders. MoME utilizes an Adaptive Query Router (AQR) to select the most appropriate expert decoder for each query based on the quality of camera and LiDAR features. This ensures that each query is processed by the best-suited expert, resulting in robust performance across diverse sensor failure scenarios. We evaluated the performance of MoME on the nuScenes-R benchmark. Our MoME achieved state-of-the-art performance in extreme weather and sensor failure conditions, significantly outperforming the existing models across various sensor failure scenarios.",http://arxiv.org/abs/2503.19776v2,https://arxiv.org/pdf/2503.19776v2,Accepted to CVPR 2025
PCM : Picard Consistency Model for Fast Parallel Sampling of Diffusion Models,Junhyuk So; Jiwoong Shin; Chaeyeon Jang; Eunhyeok Park,CVPR,2,0,0,2503.19731,"Recently, diffusion models have achieved significant advances in vision, text, and robotics. However, they still face slow generation speeds due to sequential denoising processes. To address this, a parallel sampling method based on Picard iteration was introduced, effectively reducing sequential steps while ensuring exact convergence to the original output. Nonetheless, Picard iteration does not guarantee faster convergence, which can still result in slow generation in practice. In this work, we propose a new parallelization scheme, the Picard Consistency Model (PCM), which significantly reduces the number of generation steps in Picard iteration. Inspired by the consistency model, PCM is directly trained to predict the fixed-point solution, or the final output, at any stage of the convergence trajectory. Additionally, we introduce a new concept called model switching, which addresses PCM's limitations and ensures exact convergence. Extensive experiments demonstrate that PCM achieves up to a 2.71x speedup over sequential sampling and a 1.77x speedup over Picard iteration across various tasks, including image generation and robotic control.",http://arxiv.org/abs/2503.19731v1,https://arxiv.org/pdf/2503.19731v1,Accepted to the CVPR 2025
MultimodalStudio: A Heterogeneous Sensor Dataset and Framework for Neural Rendering across Multiple Imaging Modalities,Federico Lincetto; Gianluca Agresti; Mattia Rossi; Pietro Zanuttigh,CVPR,2,0,0,2503.19673,"Neural Radiance Fields (NeRF) have shown impressive performances in the rendering of 3D scenes from arbitrary viewpoints. While RGB images are widely preferred for training volume rendering models, the interest in other radiance modalities is also growing. However, the capability of the underlying implicit neural models to learn and transfer information across heterogeneous imaging modalities has seldom been explored, mostly due to the limited training data availability. For this purpose, we present MultimodalStudio (MMS): it encompasses MMS-DATA and MMS-FW. MMS-DATA is a multimodal multi-view dataset containing 32 scenes acquired with 5 different imaging modalities: RGB, monochrome, near-infrared, polarization and multispectral. MMS-FW is a novel modular multimodal NeRF framework designed to handle multimodal raw data and able to support an arbitrary number of multi-channel devices. Through extensive experiments, we demonstrate that MMS-FW trained on MMS-DATA can transfer information between different imaging modalities and produce higher quality renderings than using single modalities alone. We publicly release the dataset and the framework, to promote the research on multimodal volume rendering and beyond.",http://arxiv.org/abs/2503.19673v1,https://arxiv.org/pdf/2503.19673v1,Accepted at CVPR 2025
CoMapGS: Covisibility Map-based Gaussian Splatting for Sparse Novel View Synthesis,Youngkyoon Jang; Eduardo Pérez-Pellitero,CVPR,2,0,0,2503.20998,"We propose Covisibility Map-based Gaussian Splatting (CoMapGS), designed to recover underrepresented sparse regions in sparse novel view synthesis. CoMapGS addresses both high- and low-uncertainty regions by constructing covisibility maps, enhancing initial point clouds, and applying uncertainty-aware weighted supervision using a proximity classifier. Our contributions are threefold: (1) CoMapGS reframes novel view synthesis by leveraging covisibility maps as a core component to address region-specific uncertainty; (2) Enhanced initial point clouds for both low- and high-uncertainty regions compensate for sparse COLMAP-derived point clouds, improving reconstruction quality and benefiting few-shot 3DGS methods; (3) Adaptive supervision with covisibility-score-based weighting and proximity classification achieves consistent performance gains across scenes with varying sparsity scores derived from covisibility maps. Experimental results demonstrate that CoMapGS outperforms state-of-the-art methods on datasets including Mip-NeRF 360 and LLFF.",http://arxiv.org/abs/2503.20998v1,https://arxiv.org/pdf/2503.20998v1,"Accepted to CVPR 2025, Mistakenly submitted as a replacement for arXiv:2402.11057"
Scene-agnostic Pose Regression for Visual Localization,Junwei Zheng; Ruiping Liu; Yufan Chen; Zhenfang Chen; Kailun Yang; Jiaming Zhang; Rainer Stiefelhagen,CVPR,2,0,0,2503.19543,"Absolute Pose Regression (APR) predicts 6D camera poses but lacks the adaptability to unknown environments without retraining, while Relative Pose Regression (RPR) generalizes better yet requires a large image retrieval database. Visual Odometry (VO) generalizes well in unseen environments but suffers from accumulated error in open trajectories. To address this dilemma, we introduce a new task, Scene-agnostic Pose Regression (SPR), which can achieve accurate pose regression in a flexible way while eliminating the need for retraining or databases. To benchmark SPR, we created a large-scale dataset, 360SPR, with over 200K photorealistic panoramas, 3.6M pinhole images and camera poses in 270 scenes at three different sensor heights. Furthermore, a SPR-Mamba model is initially proposed to address SPR in a dual-branch manner. Extensive experiments and studies demonstrate the effectiveness of our SPR paradigm, dataset, and model. In the unknown scenes of both 360SPR and 360Loc datasets, our method consistently outperforms APR, RPR and VO. The dataset and code are available at https://junweizheng93.github.io/publications/SPR/SPR.html.",http://arxiv.org/abs/2503.19543v1,https://arxiv.org/pdf/2503.19543v1,Accepted by CVPR 2025. Project page: https://junweizheng93.github.io/publications/SPR/SPR.html
GaussianUDF: Inferring Unsigned Distance Functions through 3D Gaussian Splatting,Shujuan Li; Yu-Shen Liu; Zhizhong Han,CVPR,2,0,0,2503.19458,"Reconstructing open surfaces from multi-view images is vital in digitalizing complex objects in daily life. A widely used strategy is to learn unsigned distance functions (UDFs) by checking if their appearance conforms to the image observations through neural rendering. However, it is still hard to learn continuous and implicit UDF representations through 3D Gaussians splatting (3DGS) due to the discrete and explicit scene representation, i.e., 3D Gaussians. To resolve this issue, we propose a novel approach to bridge the gap between 3D Gaussians and UDFs. Our key idea is to overfit thin and flat 2D Gaussian planes on surfaces, and then, leverage the self-supervision and gradient-based inference to supervise unsigned distances in both near and far area to surfaces. To this end, we introduce novel constraints and strategies to constrain the learning of 2D Gaussians to pursue more stable optimization and more reliable self-supervision, addressing the challenges brought by complicated gradient field on or near the zero level set of UDFs. We report numerical and visual comparisons with the state-of-the-art on widely used benchmarks and real data to show our advantages in terms of accuracy, efficiency, completeness, and sharpness of reconstructed open surfaces with boundaries.",http://arxiv.org/abs/2503.19458v2,https://arxiv.org/pdf/2503.19458v2,Accepted by CVPR 2025. Project page: https://lisj575.github.io/GaussianUDF/
COB-GS: Clear Object Boundaries in 3DGS Segmentation Based on Boundary-Adaptive Gaussian Splitting,Jiaxin Zhang; Junjun Jiang; Youyu Chen; Kui Jiang; Xianming Liu,CVPR,2,0,0,2503.19443,"Accurate object segmentation is crucial for high-quality scene understanding in the 3D vision domain. However, 3D segmentation based on 3D Gaussian Splatting (3DGS) struggles with accurately delineating object boundaries, as Gaussian primitives often span across object edges due to their inherent volume and the lack of semantic guidance during training. In order to tackle these challenges, we introduce Clear Object Boundaries for 3DGS Segmentation (COB-GS), which aims to improve segmentation accuracy by clearly delineating blurry boundaries of interwoven Gaussian primitives within the scene. Unlike existing approaches that remove ambiguous Gaussians and sacrifice visual quality, COB-GS, as a 3DGS refinement method, jointly optimizes semantic and visual information, allowing the two different levels to cooperate with each other effectively. Specifically, for the semantic guidance, we introduce a boundary-adaptive Gaussian splitting technique that leverages semantic gradient statistics to identify and split ambiguous Gaussians, aligning them closely with object boundaries. For the visual optimization, we rectify the degraded suboptimal texture of the 3DGS scene, particularly along the refined boundary structures. Experimental results show that COB-GS substantially improves segmentation accuracy and robustness against inaccurate masks from pre-trained model, yielding clear boundaries while preserving high visual quality. Code is available at https://github.com/ZestfulJX/COB-GS.",http://arxiv.org/abs/2503.19443v2,https://arxiv.org/pdf/2503.19443v2,Accepted by CVPR 2025
TraF-Align: Trajectory-aware Feature Alignment for Asynchronous Multi-agent Perception,Zhiying Song; Lei Yang; Fuxi Wen; Jun Li,CVPR,2,0,0,2503.19391,"Cooperative perception presents significant potential for enhancing the sensing capabilities of individual vehicles, however, inter-agent latency remains a critical challenge. Latencies cause misalignments in both spatial and semantic features, complicating the fusion of real-time observations from the ego vehicle with delayed data from others. To address these issues, we propose TraF-Align, a novel framework that learns the flow path of features by predicting the feature-level trajectory of objects from past observations up to the ego vehicle's current time. By generating temporally ordered sampling points along these paths, TraF-Align directs attention from the current-time query to relevant historical features along each trajectory, supporting the reconstruction of current-time features and promoting semantic interaction across multiple frames. This approach corrects spatial misalignment and ensures semantic consistency across agents, effectively compensating for motion and achieving coherent feature fusion. Experiments on two real-world datasets, V2V4Real and DAIR-V2X-Seq, show that TraF-Align sets a new benchmark for asynchronous cooperative perception.",http://arxiv.org/abs/2503.19391v1,https://arxiv.org/pdf/2503.19391v1,Accepted to CVPR 2025
DeClotH: Decomposable 3D Cloth and Human Body Reconstruction from a Single Image,Hyeongjin Nam; Donghwan Kim; Jeongtaek Oh; Kyoung Mu Lee,CVPR,2,0,0,2503.19373,"Most existing methods of 3D clothed human reconstruction from a single image treat the clothed human as a single object without distinguishing between cloth and human body. In this regard, we present DeClotH, which separately reconstructs 3D cloth and human body from a single image. This task remains largely unexplored due to the extreme occlusion between cloth and the human body, making it challenging to infer accurate geometries and textures. Moreover, while recent 3D human reconstruction methods have achieved impressive results using text-to-image diffusion models, directly applying such an approach to this problem often leads to incorrect guidance, particularly in reconstructing 3D cloth. To address these challenges, we propose two core designs in our framework. First, to alleviate the occlusion issue, we leverage 3D template models of cloth and human body as regularizations, which provide strong geometric priors to prevent erroneous reconstruction by the occlusion. Second, we introduce a cloth diffusion model specifically designed to provide contextual information about cloth appearance, thereby enhancing the reconstruction of 3D cloth. Qualitative and quantitative experiments demonstrate that our proposed approach is highly effective in reconstructing both 3D cloth and the human body. More qualitative results are provided at https://hygenie1228.github.io/DeClotH/.",http://arxiv.org/abs/2503.19373v1,https://arxiv.org/pdf/2503.19373v1,"Published at CVPR 2025, 17 pages including the supplementary material"
Learning Hazing to Dehazing: Towards Realistic Haze Generation for Real-World Image Dehazing,Ruiyi Wang; Yushuo Zheng; Zicheng Zhang; Chunyi Li; Shuaicheng Liu; Guangtao Zhai; Xiaohong Liu,CVPR,2,0,0,2503.19262,"Existing real-world image dehazing methods primarily attempt to fine-tune pre-trained models or adapt their inference procedures, thus heavily relying on the pre-trained models and associated training data. Moreover, restoring heavily distorted information under dense haze requires generative diffusion models, whose potential in dehazing remains underutilized partly due to their lengthy sampling processes. To address these limitations, we introduce a novel hazing-dehazing pipeline consisting of a Realistic Hazy Image Generation framework (HazeGen) and a Diffusion-based Dehazing framework (DiffDehaze). Specifically, HazeGen harnesses robust generative diffusion priors of real-world hazy images embedded in a pre-trained text-to-image diffusion model. By employing specialized hybrid training and blended sampling strategies, HazeGen produces realistic and diverse hazy images as high-quality training data for DiffDehaze. To alleviate the inefficiency and fidelity concerns associated with diffusion-based methods, DiffDehaze adopts an Accelerated Fidelity-Preserving Sampling process (AccSamp). The core of AccSamp is the Tiled Statistical Alignment Operation (AlignOp), which can provide a clean and faithful dehazing estimate within a small fraction of sampling steps to reduce complexity and enable effective fidelity guidance. Extensive experiments demonstrate the superior dehazing performance and visual quality of our approach over existing methods. The code is available at https://github.com/ruiyi-w/Learning-Hazing-to-Dehazing.",http://arxiv.org/abs/2503.19262v1,https://arxiv.org/pdf/2503.19262v1,Accepted by CVPR 2025
FRESA: Feedforward Reconstruction of Personalized Skinned Avatars from Few Images,Rong Wang; Fabian Prada; Ziyan Wang; Zhongshi Jiang; Chengxiang Yin; Junxuan Li; Shunsuke Saito; Igor Santesteban; Javier Romero; Rohan Joshi; Hongdong Li; Jason Saragih; Yaser Sheikh,CVPR,2,0,0,2503.19207,"We present a novel method for reconstructing personalized 3D human avatars with realistic animation from only a few images. Due to the large variations in body shapes, poses, and cloth types, existing methods mostly require hours of per-subject optimization during inference, which limits their practical applications. In contrast, we learn a universal prior from over a thousand clothed humans to achieve instant feedforward generation and zero-shot generalization. Specifically, instead of rigging the avatar with shared skinning weights, we jointly infer personalized avatar shape, skinning weights, and pose-dependent deformations, which effectively improves overall geometric fidelity and reduces deformation artifacts. Moreover, to normalize pose variations and resolve coupled ambiguity between canonical shapes and skinning weights, we design a 3D canonicalization process to produce pixel-aligned initial conditions, which helps to reconstruct fine-grained geometric details. We then propose a multi-frame feature aggregation to robustly reduce artifacts introduced in canonicalization and fuse a plausible avatar preserving person-specific identities. Finally, we train the model in an end-to-end framework on a large-scale capture dataset, which contains diverse human subjects paired with high-quality 3D scans. Extensive experiments show that our method generates more authentic reconstruction and animation than state-of-the-arts, and can be directly generalized to inputs from casually taken phone photos. Project page and code is available at https://github.com/rongakowang/FRESA.",http://arxiv.org/abs/2503.19207v2,https://arxiv.org/pdf/2503.19207v2,Published in CVPR 2025
Benchmarking Object Detectors under Real-World Distribution Shifts in Satellite Imagery,Sara Al-Emadi; Yin Yang; Ferda Ofli,CVPR,2,0,0,2503.19202,"Object detectors have achieved remarkable performance in many applications; however, these deep learning models are typically designed under the i.i.d. assumption, meaning they are trained and evaluated on data sampled from the same (source) distribution. In real-world deployment, however, target distributions often differ from source data, leading to substantial performance degradation. Domain Generalisation (DG) seeks to bridge this gap by enabling models to generalise to Out-Of-Distribution (OOD) data without access to target distributions during training, enhancing robustness to unseen conditions. In this work, we examine the generalisability and robustness of state-of-the-art object detectors under real-world distribution shifts, focusing particularly on spatial domain shifts. Despite the need, a standardised benchmark dataset specifically designed for assessing object detection under realistic DG scenarios is currently lacking. To address this, we introduce Real-World Distribution Shifts (RWDS), a suite of three novel DG benchmarking datasets that focus on humanitarian and climate change applications. These datasets enable the investigation of domain shifts across (i) climate zones and (ii) various disasters and geographic regions. To our knowledge, these are the first DG benchmarking datasets tailored for object detection in real-world, high-impact contexts. We aim for these datasets to serve as valuable resources for evaluating the robustness and generalisation of future object detection models. Our datasets and code are available at https://github.com/RWGAI/RWDS.",http://arxiv.org/abs/2503.19202v1,https://arxiv.org/pdf/2503.19202v1,Accepted at CVPR 2025
Open-Vocabulary Functional 3D Scene Graphs for Real-World Indoor Spaces,Chenyangguang Zhang; Alexandros Delitzas; Fangjinhua Wang; Ruida Zhang; Xiangyang Ji; Marc Pollefeys; Francis Engelmann,CVPR,2,0,0,2503.19199,"We introduce the task of predicting functional 3D scene graphs for real-world indoor environments from posed RGB-D images. Unlike traditional 3D scene graphs that focus on spatial relationships of objects, functional 3D scene graphs capture objects, interactive elements, and their functional relationships. Due to the lack of training data, we leverage foundation models, including visual language models (VLMs) and large language models (LLMs), to encode functional knowledge. We evaluate our approach on an extended SceneFun3D dataset and a newly collected dataset, FunGraph3D, both annotated with functional 3D scene graphs. Our method significantly outperforms adapted baselines, including Open3DSG and ConceptGraph, demonstrating its effectiveness in modeling complex scene functionalities. We also demonstrate downstream applications such as 3D question answering and robotic manipulation using functional 3D scene graphs. See our project page at https://openfungraph.github.io",http://arxiv.org/abs/2503.19199v1,https://arxiv.org/pdf/2503.19199v1,Accepted at CVPR 2025
Video-ColBERT: Contextualized Late Interaction for Text-to-Video Retrieval,Arun Reddy; Alexander Martin; Eugene Yang; Andrew Yates; Kate Sanders; Kenton Murray; Reno Kriz; Celso M. de Melo; Benjamin Van Durme; Rama Chellappa,CVPR,2,0,0,2503.19009,"In this work, we tackle the problem of text-to-video retrieval (T2VR). Inspired by the success of late interaction techniques in text-document, text-image, and text-video retrieval, our approach, Video-ColBERT, introduces a simple and efficient mechanism for fine-grained similarity assessment between queries and videos. Video-ColBERT is built upon 3 main components: a fine-grained spatial and temporal token-wise interaction, query and visual expansions, and a dual sigmoid loss during training. We find that this interaction and training paradigm leads to strong individual, yet compatible, representations for encoding video content. These representations lead to increases in performance on common text-to-video retrieval benchmarks compared to other bi-encoder methods.",http://arxiv.org/abs/2503.19009v1,https://arxiv.org/pdf/2503.19009v1,"Accepted at CVPR 2025. 13 pages, 4 figures. Approved for public release: distribution unlimited"
HunyuanPortrait: Implicit Condition Control for Enhanced Portrait Animation,Zunnan Xu; Zhentao Yu; Zixiang Zhou; Jun Zhou; Xiaoyu Jin; Fa-Ting Hong; Xiaozhong Ji; Junwei Zhu; Chengfei Cai; Shiyu Tang; Qin Lin; Xiu Li; Qinglin Lu,CVPR,2,0,0,2503.18860,"We introduce HunyuanPortrait, a diffusion-based condition control method that employs implicit representations for highly controllable and lifelike portrait animation. Given a single portrait image as an appearance reference and video clips as driving templates, HunyuanPortrait can animate the character in the reference image by the facial expression and head pose of the driving videos. In our framework, we utilize pre-trained encoders to achieve the decoupling of portrait motion information and identity in videos. To do so, implicit representation is adopted to encode motion information and is employed as control signals in the animation phase. By leveraging the power of stable video diffusion as the main building block, we carefully design adapter layers to inject control signals into the denoising unet through attention mechanisms. These bring spatial richness of details and temporal consistency. HunyuanPortrait also exhibits strong generalization performance, which can effectively disentangle appearance and motion under different image styles. Our framework outperforms existing methods, demonstrating superior temporal consistency and controllability. Our project is available at https://kkakkkka.github.io/HunyuanPortrait.",http://arxiv.org/abs/2503.18860v2,https://arxiv.org/pdf/2503.18860v2,Accepted to CVPR 2025
Change3D: Revisiting Change Detection and Captioning from A Video Modeling Perspective,Duowang Zhu; Xiaohu Huang; Haiyan Huang; Hao Zhou; Zhenfeng Shao,CVPR,2,0,0,2503.18803,"In this paper, we present Change3D, a framework that reconceptualizes the change detection and captioning tasks through video modeling. Recent methods have achieved remarkable success by regarding each pair of bi-temporal images as separate frames. They employ a shared-weight image encoder to extract spatial features and then use a change extractor to capture differences between the two images. However, image feature encoding, being a task-agnostic process, cannot attend to changed regions effectively. Furthermore, different change extractors designed for various change detection and captioning tasks make it difficult to have a unified framework. To tackle these challenges, Change3D regards the bi-temporal images as comprising two frames akin to a tiny video. By integrating learnable perception frames between the bi-temporal images, a video encoder enables the perception frames to interact with the images directly and perceive their differences. Therefore, we can get rid of the intricate change extractors, providing a unified framework for different change detection and captioning tasks. We verify Change3D on multiple tasks, encompassing change detection (including binary change detection, semantic change detection, and building damage assessment) and change captioning, across eight standard benchmarks. Without bells and whistles, this simple yet effective framework can achieve superior performance with an ultra-light video model comprising only ~6%-13% of the parameters and ~8%-34% of the FLOPs compared to state-of-the-art methods. We hope that Change3D could be an alternative to 2D-based models and facilitate future research.",http://arxiv.org/abs/2503.18803v1,https://arxiv.org/pdf/2503.18803v1,"conference paper, accepted by CVPR 2025"
NexusGS: Sparse View Synthesis with Epipolar Depth Priors in 3D Gaussian Splatting,Yulong Zheng; Zicheng Jiang; Shengfeng He; Yandu Sun; Junyu Dong; Huaidong Zhang; Yong Du,CVPR,2,0,0,2503.18794,"Neural Radiance Field (NeRF) and 3D Gaussian Splatting (3DGS) have noticeably advanced photo-realistic novel view synthesis using images from densely spaced camera viewpoints. However, these methods struggle in few-shot scenarios due to limited supervision. In this paper, we present NexusGS, a 3DGS-based approach that enhances novel view synthesis from sparse-view images by directly embedding depth information into point clouds, without relying on complex manual regularizations. Exploiting the inherent epipolar geometry of 3DGS, our method introduces a novel point cloud densification strategy that initializes 3DGS with a dense point cloud, reducing randomness in point placement while preventing over-smoothing and overfitting. Specifically, NexusGS comprises three key steps: Epipolar Depth Nexus, Flow-Resilient Depth Blending, and Flow-Filtered Depth Pruning. These steps leverage optical flow and camera poses to compute accurate depth maps, while mitigating the inaccuracies often associated with optical flow. By incorporating epipolar depth priors, NexusGS ensures reliable dense point cloud coverage and supports stable 3DGS training under sparse-view conditions. Experiments demonstrate that NexusGS significantly enhances depth accuracy and rendering quality, surpassing state-of-the-art methods by a considerable margin. Furthermore, we validate the superiority of our generated point clouds by substantially boosting the performance of competing methods. Project page: https://usmizuki.github.io/NexusGS/.",http://arxiv.org/abs/2503.18794v1,https://arxiv.org/pdf/2503.18794v1,This paper is accepted by CVPR 2025
Frequency Dynamic Convolution for Dense Image Prediction,Linwei Chen; Lin Gu; Liang Li; Chenggang Yan; Ying Fu,CVPR,2,0,0,2503.18783,"While Dynamic Convolution (DY-Conv) has shown promising performance by enabling adaptive weight selection through multiple parallel weights combined with an attention mechanism, the frequency response of these weights tends to exhibit high similarity, resulting in high parameter costs but limited adaptability. In this work, we introduce Frequency Dynamic Convolution (FDConv), a novel approach that mitigates these limitations by learning a fixed parameter budget in the Fourier domain. FDConv divides this budget into frequency-based groups with disjoint Fourier indices, enabling the construction of frequency-diverse weights without increasing the parameter cost. To further enhance adaptability, we propose Kernel Spatial Modulation (KSM) and Frequency Band Modulation (FBM). KSM dynamically adjusts the frequency response of each filter at the spatial level, while FBM decomposes weights into distinct frequency bands in the frequency domain and modulates them dynamically based on local content. Extensive experiments on object detection, segmentation, and classification validate the effectiveness of FDConv. We demonstrate that when applied to ResNet-50, FDConv achieves superior performance with a modest increase of +3.6M parameters, outperforming previous methods that require substantial increases in parameter budgets (e.g., CondConv +90M, KW +76.5M). Moreover, FDConv seamlessly integrates into a variety of architectures, including ConvNeXt, Swin-Transformer, offering a flexible and efficient solution for modern vision tasks. The code is made publicly available at https://github.com/Linwei-Chen/FDConv.",http://arxiv.org/abs/2503.18783v2,https://arxiv.org/pdf/2503.18783v2,Accepted by CVPR 2025
OCRT: Boosting Foundation Models in the Open World with Object-Concept-Relation Triad,Luyao Tang; Yuxuan Yuan; Chaoqi Chen; Zeyu Zhang; Yue Huang; Kun Zhang,CVPR,2,0,0,2503.18695,"Although foundation models (FMs) claim to be powerful, their generalization ability significantly decreases when faced with distribution shifts, weak supervision, or malicious attacks in the open world. On the other hand, most domain generalization or adversarial fine-tuning methods are task-related or model-specific, ignoring the universality in practical applications and the transferability between FMs. This paper delves into the problem of generalizing FMs to the out-of-domain data. We propose a novel framework, the Object-Concept-Relation Triad (OCRT), that enables FMs to extract sparse, high-level concepts and intricate relational structures from raw visual inputs. The key idea is to bind objects in visual scenes and a set of object-centric representations through unsupervised decoupling and iterative refinement. To be specific, we project the object-centric representations onto a semantic concept space that the model can readily interpret and estimate their importance to filter out irrelevant elements. Then, a concept-based graph, which has a flexible degree, is constructed to incorporate the set of concepts and their corresponding importance, enabling the extraction of high-order factors from informative concepts and facilitating relational reasoning among these concepts. Extensive experiments demonstrate that OCRT can substantially boost the generalizability and robustness of SAM and CLIP across multiple downstream tasks.",http://arxiv.org/abs/2503.18695v1,https://arxiv.org/pdf/2503.18695v1,Accepted by CVPR 2025
Unbiasing through Textual Descriptions: Mitigating Representation Bias in Video Benchmarks,Nina Shvetsova; Arsha Nagrani; Bernt Schiele; Hilde Kuehne; Christian Rupprecht,CVPR,2,0,0,2503.18637,"We propose a new ""Unbiased through Textual Description (UTD)"" video benchmark based on unbiased subsets of existing video classification and retrieval datasets to enable a more robust assessment of video understanding capabilities. Namely, we tackle the problem that current video benchmarks may suffer from different representation biases, e.g., object bias or single-frame bias, where mere recognition of objects or utilization of only a single frame is sufficient for correct prediction. We leverage VLMs and LLMs to analyze and debias benchmarks from such representation biases. Specifically, we generate frame-wise textual descriptions of videos, filter them for specific information (e.g. only objects) and leverage them to examine representation biases across three dimensions: 1) concept bias - determining if a specific concept (e.g., objects) alone suffice for prediction; 2) temporal bias - assessing if temporal information contributes to prediction; and 3) common sense vs. dataset bias - evaluating whether zero-shot reasoning or dataset correlations contribute to prediction. We conduct a systematic analysis of 12 popular video classification and retrieval datasets and create new object-debiased test splits for these datasets. Moreover, we benchmark 30 state-of-the-art video models on original and debiased splits and analyze biases in the models. To facilitate the future development of more robust video understanding benchmarks and models, we release: ""UTD-descriptions"", a dataset with our rich structured descriptions for each dataset, and ""UTD-splits"", a dataset of object-debiased test splits.",http://arxiv.org/abs/2503.18637v1,https://arxiv.org/pdf/2503.18637v1,"To be published at CVPR 2025, project webpage https://utd-project.github.io/"
Unified Uncertainty-Aware Diffusion for Multi-Agent Trajectory Modeling,Guillem Capellera; Antonio Rubio; Luis Ferraz; Antonio Agudo,CVPR,2,0,0,2503.18589,"Multi-agent trajectory modeling has primarily focused on forecasting future states, often overlooking broader tasks like trajectory completion, which are crucial for real-world applications such as correcting tracking data. Existing methods also generally predict agents' states without offering any state-wise measure of uncertainty. Moreover, popular multi-modal sampling methods lack any error probability estimates for each generated scene under the same prior observations, making it difficult to rank the predictions during inference time. We introduce U2Diff, a \textbf{unified} diffusion model designed to handle trajectory completion while providing state-wise \textbf{uncertainty} estimates jointly. This uncertainty estimation is achieved by augmenting the simple denoising loss with the negative log-likelihood of the predicted noise and propagating latent space uncertainty to the real state space. Additionally, we incorporate a Rank Neural Network in post-processing to enable \textbf{error probability} estimation for each generated mode, demonstrating a strong correlation with the error relative to ground truth. Our method outperforms the state-of-the-art solutions in trajectory completion and forecasting across four challenging sports datasets (NBA, Basketball-U, Football-U, Soccer-U), highlighting the effectiveness of uncertainty and error probability estimation. Video at https://youtu.be/ngw4D4eJToE",http://arxiv.org/abs/2503.18589v2,https://arxiv.org/pdf/2503.18589v2,Accepted to CVPR 2025 conference
LookCloser: Frequency-aware Radiance Field for Tiny-Detail Scene,Xiaoyu Zhang; Weihong Pan; Chong Bao; Xiyu Zhang; Xiaojun Xiang; Hanqing Jiang; Hujun Bao,CVPR,2,0,0,2503.18513,"Humans perceive and comprehend their surroundings through information spanning multiple frequencies. In immersive scenes, people naturally scan their environment to grasp its overall structure while examining fine details of objects that capture their attention. However, current NeRF frameworks primarily focus on modeling either high-frequency local views or the broad structure of scenes with low-frequency information, which is limited to balancing both. We introduce FA-NeRF, a novel frequency-aware framework for view synthesis that simultaneously captures the overall scene structure and high-definition details within a single NeRF model. To achieve this, we propose a 3D frequency quantification method that analyzes the scene's frequency distribution, enabling frequency-aware rendering. Our framework incorporates a frequency grid for fast convergence and querying, a frequency-aware feature re-weighting strategy to balance features across different frequency contents. Extensive experiments show that our method significantly outperforms existing approaches in modeling entire scenes while preserving fine details. Project page: https://coscatter.github.io/LookCloser/",http://arxiv.org/abs/2503.18513v3,https://arxiv.org/pdf/2503.18513v3,Accepted to CVPR 2025. Project page: https://coscatter.github.io/LookCloser
Uncertainty-guided Perturbation for Image Super-Resolution Diffusion Model,Leheng Zhang; Weiyi You; Kexuan Shi; Shuhang Gu,CVPR,2,0,0,2503.18512,"Diffusion-based image super-resolution methods have demonstrated significant advantages over GAN-based approaches, particularly in terms of perceptual quality. Building upon a lengthy Markov chain, diffusion-based methods possess remarkable modeling capacity, enabling them to achieve outstanding performance in real-world scenarios. Unlike previous methods that focus on modifying the noise schedule or sampling process to enhance performance, our approach emphasizes the improved utilization of LR information. We find that different regions of the LR image can be viewed as corresponding to different timesteps in a diffusion process, where flat areas are closer to the target HR distribution but edge and texture regions are farther away. In these flat areas, applying a slight noise is more advantageous for the reconstruction. We associate this characteristic with uncertainty and propose to apply uncertainty estimate to guide region-specific noise level control, a technique we refer to as Uncertainty-guided Noise Weighting. Pixels with lower uncertainty (i.e., flat regions) receive reduced noise to preserve more LR information, therefore improving performance. Furthermore, we modify the network architecture of previous methods to develop our Uncertainty-guided Perturbation Super-Resolution (UPSR) model. Extensive experimental results demonstrate that, despite reduced model size and training overhead, the proposed UWSR method outperforms current state-of-the-art methods across various datasets, both quantitatively and qualitatively.",http://arxiv.org/abs/2503.18512v1,https://arxiv.org/pdf/2503.18512v1,Accepted to CVPR 2025
Deterministic Certification of Graph Neural Networks against Graph Poisoning Attacks with Arbitrary Perturbations,Jiate Li; Meng Pang; Yun Dong; Binghui Wang,CVPR,2,0,0,2503.18503,"Graph neural networks (GNNs) are becoming the de facto method to learn on the graph data and have achieved the state-of-the-art on node and graph classification tasks. However, recent works show GNNs are vulnerable to training-time poisoning attacks -- marginally perturbing edges, nodes, or/and node features of training graph(s) can largely degrade GNNs' testing performance. Most previous defenses against graph poisoning attacks are empirical and are soon broken by adaptive / stronger ones. A few provable defenses provide robustness guarantees, but have large gaps when applied in practice: 1) restrict the attacker on only one type of perturbation; 2) design for a particular GNN architecture or task; and 3) robustness guarantees are not 100\% accurate. In this work, we bridge all these gaps by developing PGNNCert, the first certified defense of GNNs against poisoning attacks under arbitrary (edge, node, and node feature) perturbations with deterministic robustness guarantees. Extensive evaluations on multiple node and graph classification datasets and GNNs demonstrate the effectiveness of PGNNCert to provably defend against arbitrary poisoning perturbations. PGNNCert is also shown to significantly outperform the state-of-the-art certified defenses against edge perturbation or node perturbation during GNN training.",http://arxiv.org/abs/2503.18503v1,https://arxiv.org/pdf/2503.18503v1,Accepted at CVPR 2025
Global-Local Tree Search in VLMs for 3D Indoor Scene Generation,Wei Deng; Mengshi Qi; Huadong Ma,CVPR,2,0,0,2503.18476,"Large Vision-Language Models (VLMs), such as GPT-4, have achieved remarkable success across various fields. However, there are few studies on 3D indoor scene generation with VLMs. This paper considers this task as a planning problem subject to spatial and layout common sense constraints. To solve the problem with a VLM, we propose a new global-local tree search algorithm. Globally, the method places each object sequentially and explores multiple placements during each placement process, where the problem space is represented as a tree. To reduce the depth of the tree, we decompose the scene structure hierarchically, i.e. room level, region level, floor object level, and supported object level. The algorithm independently generates the floor objects in different regions and supported objects placed on different floor objects. Locally, we also decompose the sub-task, the placement of each object, into multiple steps. The algorithm searches the tree of problem space. To leverage the VLM model to produce positions of objects, we discretize the top-down view space as a dense grid and fill each cell with diverse emojis to make to cells distinct. We prompt the VLM with the emoji grid and the VLM produces a reasonable location for the object by describing the position with the name of emojis. The quantitative and qualitative experimental results illustrate our approach generates more plausible 3D scenes than state-of-the-art approaches. Our source code is available at https://github.com/dw-dengwei/TreeSearchGen .",http://arxiv.org/abs/2503.18476v2,https://arxiv.org/pdf/2503.18476v2,Accepted by CVPR 2025
Latent Space Super-Resolution for Higher-Resolution Image Generation with Diffusion Models,Jinho Jeong; Sangmin Han; Jinwoo Kim; Seon Joo Kim,CVPR,2,0,0,2503.18446,"In this paper, we propose LSRNA, a novel framework for higher-resolution (exceeding 1K) image generation using diffusion models by leveraging super-resolution directly in the latent space. Existing diffusion models struggle with scaling beyond their training resolutions, often leading to structural distortions or content repetition. Reference-based methods address the issues by upsampling a low-resolution reference to guide higher-resolution generation. However, they face significant challenges: upsampling in latent space often causes manifold deviation, which degrades output quality. On the other hand, upsampling in RGB space tends to produce overly smoothed outputs. To overcome these limitations, LSRNA combines Latent space Super-Resolution (LSR) for manifold alignment and Region-wise Noise Addition (RNA) to enhance high-frequency details. Our extensive experiments demonstrate that integrating LSRNA outperforms state-of-the-art reference-based methods across various resolutions and metrics, while showing the critical role of latent space upsampling in preserving detail and sharpness. The code is available at https://github.com/3587jjh/LSRNA.",http://arxiv.org/abs/2503.18446v2,https://arxiv.org/pdf/2503.18446v2,Accepted by CVPR 2025
MonoInstance: Enhancing Monocular Priors via Multi-view Instance Alignment for Neural Rendering and Reconstruction,Wenyuan Zhang; Yixiao Yang; Han Huang; Liang Han; Kanle Shi; Yu-Shen Liu; Zhizhong Han,CVPR,2,0,0,2503.18363,"Monocular depth priors have been widely adopted by neural rendering in multi-view based tasks such as 3D reconstruction and novel view synthesis. However, due to the inconsistent prediction on each view, how to more effectively leverage monocular cues in a multi-view context remains a challenge. Current methods treat the entire estimated depth map indiscriminately, and use it as ground truth supervision, while ignoring the inherent inaccuracy and cross-view inconsistency in monocular priors. To resolve these issues, we propose MonoInstance, a general approach that explores the uncertainty of monocular depths to provide enhanced geometric priors for neural rendering and reconstruction. Our key insight lies in aligning each segmented instance depths from multiple views within a common 3D space, thereby casting the uncertainty estimation of monocular depths into a density measure within noisy point clouds. For high-uncertainty areas where depth priors are unreliable, we further introduce a constraint term that encourages the projected instances to align with corresponding instance masks on nearby views. MonoInstance is a versatile strategy which can be seamlessly integrated into various multi-view neural rendering frameworks. Our experimental results demonstrate that MonoInstance significantly improves the performance in both reconstruction and novel view synthesis under various benchmarks.",http://arxiv.org/abs/2503.18363v2,https://arxiv.org/pdf/2503.18363v2,Accepted by CVPR 2025. Project page: https://wen-yuan-zhang.github.io/MonoInstance/
NeRFPrior: Learning Neural Radiance Field as a Prior for Indoor Scene Reconstruction,Wenyuan Zhang; Emily Yue-ting Jia; Junsheng Zhou; Baorui Ma; Kanle Shi; Yu-Shen Liu; Zhizhong Han,CVPR,2,0,0,2503.18361,"Recently, it has shown that priors are vital for neural implicit functions to reconstruct high-quality surfaces from multi-view RGB images. However, current priors require large-scale pre-training, and merely provide geometric clues without considering the importance of color. In this paper, we present NeRFPrior, which adopts a neural radiance field as a prior to learn signed distance fields using volume rendering for surface reconstruction. Our NeRF prior can provide both geometric and color clues, and also get trained fast under the same scene without additional data. Based on the NeRF prior, we are enabled to learn a signed distance function (SDF) by explicitly imposing a multi-view consistency constraint on each ray intersection for surface inference. Specifically, at each ray intersection, we use the density in the prior as a coarse geometry estimation, while using the color near the surface as a clue to check its visibility from another view angle. For the textureless areas where the multi-view consistency constraint does not work well, we further introduce a depth consistency loss with confidence weights to infer the SDF. Our experimental results outperform the state-of-the-art methods under the widely used benchmarks.",http://arxiv.org/abs/2503.18361v2,https://arxiv.org/pdf/2503.18361v2,Accepted by CVPR 2025. Project page: https://wen-yuan-zhang.github.io/NeRFPrior/
Context-Enhanced Memory-Refined Transformer for Online Action Detection,Zhanzhong Pang; Fadime Sener; Angela Yao,CVPR,2,0,0,2503.18359,"Online Action Detection (OAD) detects actions in streaming videos using past observations. State-of-the-art OAD approaches model past observations and their interactions with an anticipated future. The past is encoded using short- and long-term memories to capture immediate and long-range dependencies, while anticipation compensates for missing future context. We identify a training-inference discrepancy in existing OAD methods that hinders learning effectiveness. The training uses varying lengths of short-term memory, while inference relies on a full-length short-term memory. As a remedy, we propose a Context-enhanced Memory-Refined Transformer (CMeRT). CMeRT introduces a context-enhanced encoder to improve frame representations using additional near-past context. It also features a memory-refined decoder to leverage near-future generation to enhance performance. CMeRT achieves state-of-the-art in online detection and anticipation on THUMOS'14, CrossTask, and EPIC-Kitchens-100.",http://arxiv.org/abs/2503.18359v1,https://arxiv.org/pdf/2503.18359v1,Accepted by CVPR 2025
Diffusion-4K: Ultra-High-Resolution Image Synthesis with Latent Diffusion Models,Jinjin Zhang; Qiuyu Huang; Junjie Liu; Xiefan Guo; Di Huang,CVPR,2,0,0,2503.18352,"In this paper, we present Diffusion-4K, a novel framework for direct ultra-high-resolution image synthesis using text-to-image diffusion models. The core advancements include: (1) Aesthetic-4K Benchmark: addressing the absence of a publicly available 4K image synthesis dataset, we construct Aesthetic-4K, a comprehensive benchmark for ultra-high-resolution image generation. We curated a high-quality 4K dataset with carefully selected images and captions generated by GPT-4o. Additionally, we introduce GLCM Score and Compression Ratio metrics to evaluate fine details, combined with holistic measures such as FID, Aesthetics and CLIPScore for a comprehensive assessment of ultra-high-resolution images. (2) Wavelet-based Fine-tuning: we propose a wavelet-based fine-tuning approach for direct training with photorealistic 4K images, applicable to various latent diffusion models, demonstrating its effectiveness in synthesizing highly detailed 4K images. Consequently, Diffusion-4K achieves impressive performance in high-quality image synthesis and text prompt adherence, especially when powered by modern large-scale diffusion models (e.g., SD3-2B and Flux-12B). Extensive experimental results from our benchmark demonstrate the superiority of Diffusion-4K in ultra-high-resolution image synthesis.",http://arxiv.org/abs/2503.18352v2,https://arxiv.org/pdf/2503.18352v2,Accepted to CVPR 2025
Towards Training-free Anomaly Detection with Vision and Language Foundation Models,Jinjin Zhang; Guodong Wang; Yizhou Jin; Di Huang,CVPR,2,0,0,2503.18325,"Anomaly detection is valuable for real-world applications, such as industrial quality inspection. However, most approaches focus on detecting local structural anomalies while neglecting compositional anomalies incorporating logical constraints. In this paper, we introduce LogSAD, a novel multi-modal framework that requires no training for both Logical and Structural Anomaly Detection. First, we propose a match-of-thought architecture that employs advanced large multi-modal models (i.e. GPT-4V) to generate matching proposals, formulating interests and compositional rules of thought for anomaly detection. Second, we elaborate on multi-granularity anomaly detection, consisting of patch tokens, sets of interests, and composition matching with vision and language foundation models. Subsequently, we present a calibration module to align anomaly scores from different detectors, followed by integration strategies for the final decision. Consequently, our approach addresses both logical and structural anomaly detection within a unified framework and achieves state-of-the-art results without the need for training, even when compared to supervised approaches, highlighting its robustness and effectiveness. Code is available at https://github.com/zhang0jhon/LogSAD.",http://arxiv.org/abs/2503.18325v1,https://arxiv.org/pdf/2503.18325v1,Accepted to CVPR 2025
TopV: Compatible Token Pruning with Inference Time Optimization for Fast and Low-Memory Multimodal Vision Language Model,Cheng Yang; Yang Sui; Jinqi Xiao; Lingyi Huang; Yu Gong; Chendi Li; Jinghua Yan; Yu Bai; Ponnuswamy Sadayappan; Xia Hu; Bo Yuan,CVPR,2,0,0,2503.18278,"Vision-Language Models (VLMs) demand substantial computational resources during inference, largely due to the extensive visual input tokens for representing visual information. Previous studies have noted that visual tokens tend to receive less attention than text tokens, suggesting their lower importance during inference and potential for pruning. However, their methods encounter several challenges: reliance on greedy heuristic criteria for token importance and incompatibility with FlashAttention and KV cache. To address these issues, we introduce \textbf{TopV}, a compatible \textbf{TO}ken \textbf{P}runing with inference Time Optimization for fast and low-memory \textbf{V}LM, achieving efficient pruning without additional training or fine-tuning. Instead of relying on attention scores, we formulate token pruning as an optimization problem, accurately identifying important visual tokens while remaining compatible with FlashAttention. Additionally, since we only perform this pruning once during the prefilling stage, it effectively reduces KV cache size. Our optimization framework incorporates a visual-aware cost function considering factors such as Feature Similarity, Relative Spatial Distance, and Absolute Central Distance, to measure the importance of each source visual token, enabling effective pruning of low-importance tokens. Extensive experiments demonstrate that our method outperforms previous token pruning methods, validating the effectiveness and efficiency of our approach.",http://arxiv.org/abs/2503.18278v2,https://arxiv.org/pdf/2503.18278v2,Accepted by CVPR 2025
Enhancing Dataset Distillation via Non-Critical Region Refinement,Minh-Tuan Tran; Trung Le; Xuan-May Le; Thanh-Toan Do; Dinh Phung,CVPR,2,0,0,2503.18267,"Dataset distillation has become a popular method for compressing large datasets into smaller, more efficient representations while preserving critical information for model training. Data features are broadly categorized into two types: instance-specific features, which capture unique, fine-grained details of individual examples, and class-general features, which represent shared, broad patterns across a class. However, previous approaches often struggle to balance these features-some focus solely on class-general patterns, neglecting finer instance details, while others prioritize instance-specific features, overlooking the shared characteristics essential for class-level understanding. In this paper, we introduce the Non-Critical Region Refinement Dataset Distillation (NRR-DD) method, which preserves instance-specific details and fine-grained regions in synthetic data while enriching non-critical regions with class-general information. This approach enables models to leverage all pixel information, capturing both feature types and enhancing overall performance. Additionally, we present Distance-Based Representative (DBR) knowledge transfer, which eliminates the need for soft labels in training by relying on the distance between synthetic data predictions and one-hot encoded labels. Experimental results show that NRR-DD achieves state-of-the-art performance on both small- and large-scale datasets. Furthermore, by storing only two distances per instance, our method delivers comparable results across various settings. The code is available at https://github.com/tmtuan1307/NRR-DD.",http://arxiv.org/abs/2503.18267v1,https://arxiv.org/pdf/2503.18267v1,Accepted at CVPR 2025
CustomKD: Customizing Large Vision Foundation for Edge Model Improvement via Knowledge Distillation,Jungsoo Lee; Debasmit Das; Munawar Hayat; Sungha Choi; Kyuwoong Hwang; Fatih Porikli,CVPR,2,0,0,2503.18244,"We propose a novel knowledge distillation approach, CustomKD, that effectively leverages large vision foundation models (LVFMs) to enhance the performance of edge models (e.g., MobileNetV3). Despite recent advancements in LVFMs, such as DINOv2 and CLIP, their potential in knowledge distillation for enhancing edge models remains underexplored. While knowledge distillation is a promising approach for improving the performance of edge models, the discrepancy in model capacities and heterogeneous architectures between LVFMs and edge models poses a significant challenge. Our observation indicates that although utilizing larger backbones (e.g., ViT-S to ViT-L) in teacher models improves their downstream task performances, the knowledge distillation from the large teacher models fails to bring as much performance gain for student models as for teacher models due to the large model discrepancy. Our simple yet effective CustomKD customizes the well-generalized features inherent in LVFMs to a given student model in order to reduce model discrepancies. Specifically, beyond providing well-generalized original knowledge from teachers, CustomKD aligns the features of teachers to those of students, making it easy for students to understand and overcome the large model discrepancy overall. CustomKD significantly improves the performances of edge models in scenarios with unlabeled data such as unsupervised domain adaptation (e.g., OfficeHome and DomainNet) and semi-supervised learning (e.g., CIFAR-100 with 400 labeled samples and ImageNet with 1% labeled samples), achieving the new state-of-the-art performances.",http://arxiv.org/abs/2503.18244v1,https://arxiv.org/pdf/2503.18244v1,Accepted to CVPR 2025
End-to-End Implicit Neural Representations for Classification,Alexander Gielisse; Jan van Gemert,CVPR,2,0,0,2503.18123,"Implicit neural representations (INRs) such as NeRF and SIREN encode a signal in neural network parameters and show excellent results for signal reconstruction. Using INRs for downstream tasks, such as classification, is however not straightforward. Inherent symmetries in the parameters pose challenges and current works primarily focus on designing architectures that are equivariant to these symmetries. However, INR-based classification still significantly under-performs compared to pixel-based methods like CNNs. This work presents an end-to-end strategy for initializing SIRENs together with a learned learning-rate scheme, to yield representations that improve classification accuracy. We show that a simple, straightforward, Transformer model applied to a meta-learned SIREN, without incorporating explicit symmetry equivariances, outperforms the current state-of-the-art. On the CIFAR-10 SIREN classification task, we improve the state-of-the-art without augmentations from 38.8% to 59.6%, and from 63.4% to 64.7% with augmentations. We demonstrate scalability on the high-resolution Imagenette dataset achieving reasonable reconstruction quality with a classification accuracy of 60.8% and are the first to do INR classification on the full ImageNet-1K dataset where we achieve a SIREN classification performance of 23.6%. To the best of our knowledge, no other SIREN classification approach has managed to set a classification baseline for any high-resolution image dataset. Our code is available at https://github.com/SanderGielisse/MWT",http://arxiv.org/abs/2503.18123v1,https://arxiv.org/pdf/2503.18123v1,"Accepted to CVPR 2025. 8 pages, supplementary material included"
PolarFree: Polarization-based Reflection-free Imaging,Mingde Yao; Menglu Wang; King-Man Tam; Lingen Li; Tianfan Xue; Jinwei Gu,CVPR,2,0,0,2503.18055,"Reflection removal is challenging due to complex light interactions, where reflections obscure important details and hinder scene understanding. Polarization naturally provides a powerful cue to distinguish between reflected and transmitted light, enabling more accurate reflection removal. However, existing methods often rely on small-scale or synthetic datasets, which fail to capture the diversity and complexity of real-world scenarios. To this end, we construct a large-scale dataset, PolaRGB, for Polarization-based reflection removal of RGB images, which enables us to train models that generalize effectively across a wide range of real-world scenarios. The PolaRGB dataset contains 6,500 well-aligned mixed-transmission image pairs, 8x larger than existing polarization datasets, and is the first to include both RGB and polarization images captured across diverse indoor and outdoor environments with varying lighting conditions. Besides, to fully exploit the potential of polarization cues for reflection removal, we introduce PolarFree, which leverages diffusion process to generate reflection-free cues for accurate reflection removal. Extensive experiments show that PolarFree significantly enhances image clarity in challenging reflective scenarios, setting a new benchmark for polarized imaging and reflection removal. Code and dataset are available at https://github.com/mdyao/PolarFree.",http://arxiv.org/abs/2503.18055v1,https://arxiv.org/pdf/2503.18055v1,Accepted to CVPR 2025
"Taste More, Taste Better: Diverse Data and Strong Model Boost Semi-Supervised Crowd Counting",Maochen Yang; Zekun Li; Jian Zhang; Lei Qi; Yinghuan Shi,CVPR,2,0,0,2503.17984,"Semi-supervised crowd counting is crucial for addressing the high annotation costs of densely populated scenes. Although several methods based on pseudo-labeling have been proposed, it remains challenging to effectively and accurately utilize unlabeled data. In this paper, we propose a novel framework called Taste More Taste Better (TMTB), which emphasizes both data and model aspects. Firstly, we explore a data augmentation technique well-suited for the crowd counting task. By inpainting the background regions, this technique can effectively enhance data diversity while preserving the fidelity of the entire scenes. Secondly, we introduce the Visual State Space Model as backbone to capture the global context information from crowd scenes, which is crucial for extremely crowded, low-light, and adverse weather scenarios. In addition to the traditional regression head for exact prediction, we employ an Anti-Noise classification head to provide less exact but more accurate supervision, since the regression head is sensitive to noise in manual annotations. We conduct extensive experiments on four benchmark datasets and show that our method outperforms state-of-the-art methods by a large margin. Code is publicly available on https://github.com/syhien/taste_more_taste_better.",http://arxiv.org/abs/2503.17984v1,https://arxiv.org/pdf/2503.17984v1,Accepted by CVPR 2025
LoRA Subtraction for Drift-Resistant Space in Exemplar-Free Continual Learning,Xuan Liu; Xiaobin Chang,CVPR,2,0,0,2503.18985,"In continual learning (CL), catastrophic forgetting often arises due to feature drift. This challenge is particularly prominent in the exemplar-free continual learning (EFCL) setting, where samples from previous tasks cannot be retained, making it difficult to preserve prior knowledge. To address this issue, some EFCL methods aim to identify feature spaces that minimize the impact on previous tasks while accommodating new ones. However, they rely on static features or outdated statistics stored from old tasks, which prevents them from capturing the dynamic evolution of the feature space in CL, leading to performance degradation over time. In this paper, we introduce the Drift-Resistant Space (DRS), which effectively handles feature drifts without requiring explicit feature modeling or the storage of previous tasks. A novel parameter-efficient fine-tuning approach called Low-Rank Adaptation Subtraction (LoRA-) is proposed to develop the DRS. This method subtracts the LoRA weights of old tasks from the initial pre-trained weight before processing new task data to establish the DRS for model training. Therefore, LoRA- enhances stability, improves efficiency, and simplifies implementation. Furthermore, stabilizing feature drifts allows for better plasticity by learning with a triplet loss. Our method consistently achieves state-of-the-art results, especially for long task sequences, across multiple datasets.",http://arxiv.org/abs/2503.18985v2,https://arxiv.org/pdf/2503.18985v2,Accepted to CVPR 2025
Progressive Prompt Detailing for Improved Alignment in Text-to-Image Generative Models,Ketan Suhaas Saichandran; Xavier Thomas; Prakhar Kaushik; Deepti Ghadiyaram,CVPR,2,0,0,2503.17794,"Text-to-image generative models often struggle with long prompts detailing complex scenes, diverse objects with distinct visual characteristics and spatial relationships. In this work, we propose SCoPE (Scheduled interpolation of Coarse-to-fine Prompt Embeddings), a training-free method to improve text-to-image alignment by progressively refining the input prompt in a coarse-to-fine-grained manner. Given a detailed input prompt, we first decompose it into multiple sub-prompts which evolve from describing broad scene layout to highly intricate details. During inference, we interpolate between these sub-prompts and thus progressively introduce finer-grained details into the generated image. Our training-free plug-and-play approach significantly enhances prompt alignment, achieves an average improvement of more than +8 in Visual Question Answering (VQA) scores over the Stable Diffusion baselines on 83% of the prompts from the GenAI-Bench dataset.",http://arxiv.org/abs/2503.17794v4,https://arxiv.org/pdf/2503.17794v4,Accepted at CVPR 2025 workshops (AI4CC (oral) & GMCV (poster))
HiLoTs: High-Low Temporal Sensitive Representation Learning for Semi-Supervised LiDAR Segmentation in Autonomous Driving,R. D. Lin; Pengcheng Weng; Yinqiao Wang; Han Ding; Jinsong Han; Fei Wang,CVPR,2,0,0,2503.17752,"LiDAR point cloud semantic segmentation plays a crucial role in autonomous driving. In recent years, semi-supervised methods have gained popularity due to their significant reduction in annotation labor and time costs. Current semi-supervised methods typically focus on point cloud spatial distribution or consider short-term temporal representations, e.g., only two adjacent frames, often overlooking the rich long-term temporal properties inherent in autonomous driving scenarios. In driving experience, we observe that nearby objects, such as roads and vehicles, remain stable while driving, whereas distant objects exhibit greater variability in category and shape. This natural phenomenon is also captured by LiDAR, which reflects lower temporal sensitivity for nearby objects and higher sensitivity for distant ones. To leverage these characteristics, we propose HiLoTs, which learns high-temporal sensitivity and low-temporal sensitivity representations from continuous LiDAR frames. These representations are further enhanced and fused using a cross-attention mechanism. Additionally, we employ a teacher-student framework to align the representations learned by the labeled and unlabeled branches, effectively utilizing the large amounts of unlabeled data. Experimental results on the SemanticKITTI and nuScenes datasets demonstrate that our proposed HiLoTs outperforms state-of-the-art semi-supervised methods, and achieves performance close to LiDAR+Camera multimodal approaches. Code is available on https://github.com/rdlin118/HiLoTs",http://arxiv.org/abs/2503.17752v1,https://arxiv.org/pdf/2503.17752v1,accepted by CVPR 2025
Co-op: Correspondence-based Novel Object Pose Estimation,Sungphill Moon; Hyeontae Son; Dongcheol Hur; Sangwook Kim,CVPR,2,0,0,2503.17731,"We propose Co-op, a novel method for accurately and robustly estimating the 6DoF pose of objects unseen during training from a single RGB image. Our method requires only the CAD model of the target object and can precisely estimate its pose without any additional fine-tuning. While existing model-based methods suffer from inefficiency due to using a large number of templates, our method enables fast and accurate estimation with a small number of templates. This improvement is achieved by finding semi-dense correspondences between the input image and the pre-rendered templates. Our method achieves strong generalization performance by leveraging a hybrid representation that combines patch-level classification and offset regression. Additionally, our pose refinement model estimates probabilistic flow between the input image and the rendered image, refining the initial estimate to an accurate pose using a differentiable PnP layer. We demonstrate that our method not only estimates object poses rapidly but also outperforms existing methods by a large margin on the seven core datasets of the BOP Challenge, achieving state-of-the-art accuracy.",http://arxiv.org/abs/2503.17731v1,https://arxiv.org/pdf/2503.17731v1,Accepted at CVPR 2025
CountLLM: Towards Generalizable Repetitive Action Counting via Large Language Model,Ziyu Yao; Xuxin Cheng; Zhiqi Huang; Lei Li,CVPR,2,0,0,2503.17690,"Repetitive action counting, which aims to count periodic movements in a video, is valuable for video analysis applications such as fitness monitoring. However, existing methods largely rely on regression networks with limited representational capacity, which hampers their ability to accurately capture variable periodic patterns. Additionally, their supervised learning on narrow, limited training sets leads to overfitting and restricts their ability to generalize across diverse scenarios. To address these challenges, we propose CountLLM, the first large language model (LLM)-based framework that takes video data and periodic text prompts as inputs and outputs the desired counting value. CountLLM leverages the rich clues from explicit textual instructions and the powerful representational capabilities of pre-trained LLMs for repetitive action counting. To effectively guide CountLLM, we develop a periodicity-based structured template for instructions that describes the properties of periodicity and implements a standardized answer format to ensure consistency. Additionally, we propose a progressive multimodal training paradigm to enhance the periodicity-awareness of the LLM. Empirical evaluations on widely recognized benchmarks demonstrate CountLLM's superior performance and generalization, particularly in handling novel and out-of-domain actions that deviate significantly from the training data, offering a promising avenue for repetitive action counting.",http://arxiv.org/abs/2503.17690v2,https://arxiv.org/pdf/2503.17690v2,Accepted by CVPR 2025
Reducing Class-wise Confusion for Incremental Learning with Disentangled Manifolds,Huitong Chen; Yu Wang; Yan Fan; Guosong Jiang; Qinghua Hu,CVPR,2,0,0,2503.17677,"Class incremental learning (CIL) aims to enable models to continuously learn new classes without catastrophically forgetting old ones. A promising direction is to learn and use prototypes of classes during incremental updates. Despite simplicity and intuition, we find that such methods suffer from inadequate representation capability and unsatisfied feature overlap. These two factors cause class-wise confusion and limited performance. In this paper, we develop a Confusion-REduced AuTo-Encoder classifier (CREATE) for CIL. Specifically, our method employs a lightweight auto-encoder module to learn compact manifold for each class in the latent subspace, constraining samples to be well reconstructed only on the semantically correct auto-encoder. Thus, the representation stability and capability of class distributions are enhanced, alleviating the potential class-wise confusion problem. To further distinguish the overlapped features, we propose a confusion-aware latent space separation loss that ensures samples are closely distributed in their corresponding low-dimensional manifold while keeping away from the distributions of features from other classes. Our method demonstrates stronger representational capacity and discrimination ability by learning disentangled manifolds and reduces class confusion. Extensive experiments on multiple datasets and settings show that CREATE outperforms other state-of-the-art methods up to 5.41%.",http://arxiv.org/abs/2503.17677v1,https://arxiv.org/pdf/2503.17677v1,Accepted to CVPR 2025
Towards Transformer-Based Aligned Generation with Self-Coherence Guidance,Shulei Wang; Wang Lin; Hai Huang; Hanting Wang; Sihang Cai; WenKang Han; Tao Jin; Jingyuan Chen; Jiacheng Sun; Jieming Zhu; Zhou Zhao,CVPR,2,0,0,2503.17675,"We introduce a novel, training-free approach for enhancing alignment in Transformer-based Text-Guided Diffusion Models (TGDMs). Existing TGDMs often struggle to generate semantically aligned images, particularly when dealing with complex text prompts or multi-concept attribute binding challenges. Previous U-Net-based methods primarily optimized the latent space, but their direct application to Transformer-based architectures has shown limited effectiveness. Our method addresses these challenges by directly optimizing cross-attention maps during the generation process. Specifically, we introduce Self-Coherence Guidance, a method that dynamically refines attention maps using masks derived from previous denoising steps, ensuring precise alignment without additional training. To validate our approach, we constructed more challenging benchmarks for evaluating coarse-grained attribute binding, fine-grained attribute binding, and style binding. Experimental results demonstrate the superior performance of our method, significantly surpassing other state-of-the-art methods across all evaluated tasks. Our code is available at https://scg-diffusion.github.io/scg-diffusion.",http://arxiv.org/abs/2503.17675v1,https://arxiv.org/pdf/2503.17675v1,Accepted by CVPR 2025
DCEvo: Discriminative Cross-Dimensional Evolutionary Learning for Infrared and Visible Image Fusion,Jinyuan Liu; Bowei Zhang; Qingyun Mei; Xingyuan Li; Yang Zou; Zhiying Jiang; Long Ma; Risheng Liu; Xin Fan,CVPR,2,0,0,2503.17673,"Infrared and visible image fusion integrates information from distinct spectral bands to enhance image quality by leveraging the strengths and mitigating the limitations of each modality. Existing approaches typically treat image fusion and subsequent high-level tasks as separate processes, resulting in fused images that offer only marginal gains in task performance and fail to provide constructive feedback for optimizing the fusion process. To overcome these limitations, we propose a Discriminative Cross-Dimension Evolutionary Learning Framework, termed DCEvo, which simultaneously enhances visual quality and perception accuracy. Leveraging the robust search capabilities of Evolutionary Learning, our approach formulates the optimization of dual tasks as a multi-objective problem by employing an Evolutionary Algorithm (EA) to dynamically balance loss function parameters. Inspired by visual neuroscience, we integrate a Discriminative Enhancer (DE) within both the encoder and decoder, enabling the effective learning of complementary features from different modalities. Additionally, our Cross-Dimensional Embedding (CDE) block facilitates mutual enhancement between high-dimensional task features and low-dimensional fusion features, ensuring a cohesive and efficient feature integration process. Experimental results on three benchmarks demonstrate that our method significantly outperforms state-of-the-art approaches, achieving an average improvement of 9.32% in visual quality while also enhancing subsequent high-level tasks. The code is available at https://github.com/Beate-Suy-Zhang/DCEvo.",http://arxiv.org/abs/2503.17673v1,https://arxiv.org/pdf/2503.17673v1,Accepted by CVPR 2025
Cross-Modal Interactive Perception Network with Mamba for Lung Tumor Segmentation in PET-CT Images,Jie Mei; Chenyu Lin; Yu Qiu; Yaonan Wang; Hui Zhang; Ziyang Wang; Dong Dai,CVPR,2,0,0,2503.17261,"Lung cancer is a leading cause of cancer-related deaths globally. PET-CT is crucial for imaging lung tumors, providing essential metabolic and anatomical information, while it faces challenges such as poor image quality, motion artifacts, and complex tumor morphology. Deep learning-based models are expected to address these problems, however, existing small-scale and private datasets limit significant performance improvements for these methods. Hence, we introduce a large-scale PET-CT lung tumor segmentation dataset, termed PCLT20K, which comprises 21,930 pairs of PET-CT images from 605 patients. Furthermore, we propose a cross-modal interactive perception network with Mamba (CIPA) for lung tumor segmentation in PET-CT images. Specifically, we design a channel-wise rectification module (CRM) that implements a channel state space block across multi-modal features to learn correlated representations and helps filter out modality-specific noise. A dynamic cross-modality interaction module (DCIM) is designed to effectively integrate position and context information, which employs PET images to learn regional position information and serves as a bridge to assist in modeling the relationships between local features of CT images. Extensive experiments on a comprehensive benchmark demonstrate the effectiveness of our CIPA compared to the current state-of-the-art segmentation methods. We hope our research can provide more exploration opportunities for medical image segmentation. The dataset and code are available at https://github.com/mj129/CIPA.",http://arxiv.org/abs/2503.17261v1,https://arxiv.org/pdf/2503.17261v1,Accepted to CVPR 2025
A New Statistical Model of Star Speckles for Learning to Detect and Characterize Exoplanets in Direct Imaging Observations,Théo Bodrito; Olivier Flasseur; Julien Mairal; Jean Ponce; Maud Langlois; Anne-Marie Lagrange,CVPR,2,0,0,2503.17117,"The search for exoplanets is an active field in astronomy, with direct imaging as one of the most challenging methods due to faint exoplanet signals buried within stronger residual starlight. Successful detection requires advanced image processing to separate the exoplanet signal from this nuisance component. This paper presents a novel statistical model that captures nuisance fluctuations using a multi-scale approach, leveraging problem symmetries and a joint spectral channel representation grounded in physical principles. Our model integrates into an interpretable, end-to-end learnable framework for simultaneous exoplanet detection and flux estimation. The proposed algorithm is evaluated against the state of the art using datasets from the SPHERE instrument operating at the Very Large Telescope (VLT). It significantly improves the precision-recall trade-off, notably on challenging datasets that are otherwise unusable by astronomers. The proposed approach is computationally efficient, robust to varying data quality, and well suited for large-scale observational surveys.",http://arxiv.org/abs/2503.17117v1,https://arxiv.org/pdf/2503.17117v1,Accepted to CVPR 2025
Missing Target-Relevant Information Prediction with World Model for Accurate Zero-Shot Composed Image Retrieval,Yuanmin Tang; Jing Yu; Keke Gai; Jiamin Zhuang; Gang Xiong; Gaopeng Gou; Qi Wu,CVPR,2,0,0,2503.17109,"Zero-Shot Composed Image Retrieval (ZS-CIR) involves diverse tasks with a broad range of visual content manipulation intent across domain, scene, object, and attribute. The key challenge for ZS-CIR tasks is to modify a reference image according to manipulation text to accurately retrieve a target image, especially when the reference image is missing essential target content. In this paper, we propose a novel prediction-based mapping network, named PrediCIR, to adaptively predict the missing target visual content in reference images in the latent space before mapping for accurate ZS-CIR. Specifically, a world view generation module first constructs a source view by omitting certain visual content of a target view, coupled with an action that includes the manipulation intent derived from existing image-caption pairs. Then, a target content prediction module trains a world model as a predictor to adaptively predict the missing visual information guided by user intention in manipulating text at the latent space. The two modules map an image with the predicted relevant information to a pseudo-word token without extra supervision. Our model shows strong generalization ability on six ZS-CIR tasks. It obtains consistent and significant performance boosts ranging from 1.73% to 4.45% over the best methods and achieves new state-of-the-art results on ZS-CIR. Our code is available at https://github.com/Pter61/predicir.",http://arxiv.org/abs/2503.17109v2,https://arxiv.org/pdf/2503.17109v2,This work has been accepted to CVPR 2025
Seeing What Matters: Empowering CLIP with Patch Generation-to-Selection,Gensheng Pei; Tao Chen; Yujia Wang; Xinhao Cai; Xiangbo Shu; Tianfei Zhou; Yazhou Yao,CVPR,2,0,0,2503.17080,"The CLIP model has demonstrated significant advancements in aligning visual and language modalities through large-scale pre-training on image-text pairs, enabling strong zero-shot classification and retrieval capabilities on various domains. However, CLIP's training remains computationally intensive, with high demands on both data processing and memory. To address these challenges, recent masking strategies have emerged, focusing on the selective removal of image patches to improve training efficiency. Although effective, these methods often compromise key semantic information, resulting in suboptimal alignment between visual features and text descriptions. In this work, we present a concise yet effective approach called Patch Generation-to-Selection to enhance CLIP's training efficiency while preserving critical semantic content. Our method introduces a gradual masking process in which a small set of candidate patches is first pre-selected as potential mask regions. Then, we apply Sobel edge detection across the entire image to generate an edge mask that prioritizes the retention of the primary object areas. Finally, similarity scores between the candidate mask patches and their neighboring patches are computed, with optimal transport normalization refining the selection process to ensure a balanced similarity matrix. Our approach, CLIP-PGS, sets new state-of-the-art results in zero-shot classification and retrieval tasks, achieving superior performance in robustness evaluation and language compositionality benchmarks.",http://arxiv.org/abs/2503.17080v1,https://arxiv.org/pdf/2503.17080v1,accepted by CVPR 2025
TaoAvatar: Real-Time Lifelike Full-Body Talking Avatars for Augmented Reality via 3D Gaussian Splatting,Jianchuan Chen; Jingchuan Hu; Gaige Wang; Zhonghua Jiang; Tiansong Zhou; Zhiwen Chen; Chengfei Lv,CVPR,2,0,0,2503.17032,"Realistic 3D full-body talking avatars hold great potential in AR, with applications ranging from e-commerce live streaming to holographic communication. Despite advances in 3D Gaussian Splatting (3DGS) for lifelike avatar creation, existing methods struggle with fine-grained control of facial expressions and body movements in full-body talking tasks. Additionally, they often lack sufficient details and cannot run in real-time on mobile devices. We present TaoAvatar, a high-fidelity, lightweight, 3DGS-based full-body talking avatar driven by various signals. Our approach starts by creating a personalized clothed human parametric template that binds Gaussians to represent appearances. We then pre-train a StyleUnet-based network to handle complex pose-dependent non-rigid deformation, which can capture high-frequency appearance details but is too resource-intensive for mobile devices. To overcome this, we ""bake"" the non-rigid deformations into a lightweight MLP-based network using a distillation technique and develop blend shapes to compensate for details. Extensive experiments show that TaoAvatar achieves state-of-the-art rendering quality while running in real-time across various devices, maintaining 90 FPS on high-definition stereo devices such as the Apple Vision Pro.",http://arxiv.org/abs/2503.17032v2,https://arxiv.org/pdf/2503.17032v2,"Accepted by CVPR 2025 (Highlight), project page: https://PixelAI-Team.github.io/TaoAvatar"
Steady Progress Beats Stagnation: Mutual Aid of Foundation and Conventional Models in Mixed Domain Semi-Supervised Medical Image Segmentation,Qinghe Ma; Jian Zhang; Zekun Li; Lei Qi; Qian Yu; Yinghuan Shi,CVPR,2,0,0,2503.16997,"Large pretrained visual foundation models exhibit impressive general capabilities. However, the extensive prior knowledge inherent in these models can sometimes be a double-edged sword when adapting them to downstream tasks in specific domains. In the context of semi-supervised medical image segmentation with domain shift, foundation models like MedSAM tend to make overconfident predictions, some of which are incorrect. The error accumulation hinders the effective utilization of unlabeled data and limits further improvements. In this paper, we introduce a Synergistic training framework for Foundation and Conventional models (SynFoC) to address the issue. We observe that a conventional model trained from scratch has the ability to correct the high-confidence mispredictions of the foundation model, while the foundation model can supervise it with high-quality pseudo-labels in the early training stages. Furthermore, to enhance the collaborative training effectiveness of both models and promote reliable convergence towards optimization, the consensus-divergence consistency regularization is proposed. We demonstrate the superiority of our method across four public multi-domain datasets. In particular, our method improves the Dice score by 10.31\% on the Prostate dataset. Our code is available at https://github.com/MQinghe/SynFoC .",http://arxiv.org/abs/2503.16997v1,https://arxiv.org/pdf/2503.16997v1,Accepted by CVPR 2025
Re-HOLD: Video Hand Object Interaction Reenactment via adaptive Layout-instructed Diffusion Model,Yingying Fan; Quanwei Yang; Kaisiyuan Wang; Hang Zhou; Yingying Li; Haocheng Feng; Errui Ding; Yu Wu; Jingdong Wang,CVPR,2,0,0,2503.16942,"Current digital human studies focusing on lip-syncing and body movement are no longer sufficient to meet the growing industrial demand, while human video generation techniques that support interacting with real-world environments (e.g., objects) have not been well investigated. Despite human hand synthesis already being an intricate problem, generating objects in contact with hands and their interactions presents an even more challenging task, especially when the objects exhibit obvious variations in size and shape. To tackle these issues, we present a novel video Reenactment framework focusing on Human-Object Interaction (HOI) via an adaptive Layout-instructed Diffusion model (Re-HOLD). Our key insight is to employ specialized layout representation for hands and objects, respectively. Such representations enable effective disentanglement of hand modeling and object adaptation to diverse motion sequences. To further improve the generation quality of HOI, we design an interactive textural enhancement module for both hands and objects by introducing two independent memory banks. We also propose a layout adjustment strategy for the cross-object reenactment scenario to adaptively adjust unreasonable layouts caused by diverse object sizes during inference. Comprehensive qualitative and quantitative evaluations demonstrate that our proposed framework significantly outperforms existing methods. Project page: https://fyycs.github.io/Re-HOLD.",http://arxiv.org/abs/2503.16942v3,https://arxiv.org/pdf/2503.16942v3,Accepted to CVPR 2025
Temporal Action Detection Model Compression by Progressive Block Drop,Xiaoyong Chen; Yong Guo; Jiaming Liang; Sitong Zhuang; Runhao Zeng; Xiping Hu,CVPR,2,0,0,2503.16916,"Temporal action detection (TAD) aims to identify and localize action instances in untrimmed videos, which is essential for various video understanding tasks. However, recent improvements in model performance, driven by larger feature extractors and datasets, have led to increased computational demands. This presents a challenge for applications like autonomous driving and robotics, which rely on limited computational resources. While existing channel pruning methods can compress these models, reducing the number of channels often hinders the parallelization efficiency of GPU, due to the inefficient multiplication between small matrices. Instead of pruning channels, we propose a Progressive Block Drop method that reduces model depth while retaining layer width. In this way, we still use large matrices for computation but reduce the number of multiplications. Our approach iteratively removes redundant blocks in two steps: first, we drop blocks with minimal impact on model performance; and second, we employ a parameter-efficient cross-depth alignment technique, fine-tuning the pruned model to restore model accuracy. Our method achieves a 25% reduction in computational overhead on two TAD benchmarks (THUMOS14 and ActivityNet-1.3) to achieve lossless compression. More critically, we empirically show that our method is orthogonal to channel pruning methods and can be combined with it to yield further efficiency gains.",http://arxiv.org/abs/2503.16916v1,https://arxiv.org/pdf/2503.16916v1,Accepted to CVPR 2025
LoRASculpt: Sculpting LoRA for Harmonizing General and Specialized Knowledge in Multimodal Large Language Models,Jian Liang; Wenke Huang; Guancheng Wan; Qu Yang; Mang Ye,CVPR,2,0,0,2503.16843,"While Multimodal Large Language Models (MLLMs) excel at generalizing across modalities and tasks, effectively adapting them to specific downstream tasks while simultaneously retaining both general and specialized knowledge remains challenging. Although Low-Rank Adaptation (LoRA) is widely used to efficiently acquire specialized knowledge in MLLMs, it introduces substantial harmful redundancy during visual instruction tuning, which exacerbates the forgetting of general knowledge and degrades downstream task performance. To address this issue, we propose LoRASculpt to eliminate harmful redundant parameters, thereby harmonizing general and specialized knowledge. Specifically, under theoretical guarantees, we introduce sparse updates into LoRA to discard redundant parameters effectively. Furthermore, we propose a Conflict Mitigation Regularizer to refine the update trajectory of LoRA, mitigating knowledge conflicts with the pretrained weights. Extensive experimental results demonstrate that even at very high degree of sparsity ($\le$ 5%), our method simultaneously enhances generalization and downstream task performance. This confirms that our approach effectively mitigates the catastrophic forgetting issue and further promotes knowledge harmonization in MLLMs.",http://arxiv.org/abs/2503.16843v1,https://arxiv.org/pdf/2503.16843v1,Accepted by CVPR 2025
Generative Modeling of Class Probability for Multi-Modal Representation Learning,Jungkyoo Shin; Bumsoo Kim; Eunwoo Kim,CVPR,2,0,0,2503.17417,"Multi-modal understanding plays a crucial role in artificial intelligence by enabling models to jointly interpret inputs from different modalities. However, conventional approaches such as contrastive learning often struggle with modality discrepancies, leading to potential misalignments. In this paper, we propose a novel class anchor alignment approach that leverages class probability distributions for multi-modal representation learning. Our method, Class-anchor-ALigned generative Modeling (CALM), encodes class anchors as prompts to generate and align class probability distributions for each modality, enabling more effective alignment. Furthermore, we introduce a cross-modal probabilistic variational autoencoder to model uncertainty in the alignment, enhancing the ability to capture deeper relationships between modalities and data variations. Extensive experiments on four benchmark datasets demonstrate that our approach significantly outperforms state-of-the-art methods, especially in out-of-domain evaluations. This highlights its superior generalization capabilities in multi-modal representation learning.",http://arxiv.org/abs/2503.17417v2,https://arxiv.org/pdf/2503.17417v2,To appear in CVPR 2025 (Highlight)
QuartDepth: Post-Training Quantization for Real-Time Depth Estimation on the Edge,Xuan Shen; Weize Ma; Jing Liu; Changdi Yang; Rui Ding; Quanyi Wang; Henghui Ding; Wei Niu; Yanzhi Wang; Pu Zhao; Jun Lin; Jiuxiang Gu,CVPR,2,0,0,2503.16709,"Monocular Depth Estimation (MDE) has emerged as a pivotal task in computer vision, supporting numerous real-world applications. However, deploying accurate depth estimation models on resource-limited edge devices, especially Application-Specific Integrated Circuits (ASICs), is challenging due to the high computational and memory demands. Recent advancements in foundational depth estimation deliver impressive results but further amplify the difficulty of deployment on ASICs. To address this, we propose QuartDepth which adopts post-training quantization to quantize MDE models with hardware accelerations for ASICs. Our approach involves quantizing both weights and activations to 4-bit precision, reducing the model size and computation cost. To mitigate the performance degradation, we introduce activation polishing and compensation algorithm applied before and after activation quantization, as well as a weight reconstruction method for minimizing errors in weight quantization. Furthermore, we design a flexible and programmable hardware accelerator by supporting kernel fusion and customized instruction programmability, enhancing throughput and efficiency. Experimental results demonstrate that our framework achieves competitive accuracy while enabling fast inference and higher energy efficiency on ASICs, bridging the gap between high-performance depth estimation and practical edge-device applicability. Code: https://github.com/shawnricecake/quart-depth",http://arxiv.org/abs/2503.16709v1,https://arxiv.org/pdf/2503.16709v1,Accepted by CVPR 2025
Cross-Modal and Uncertainty-Aware Agglomeration for Open-Vocabulary 3D Scene Understanding,Jinlong Li; Cristiano Saltori; Fabio Poiesi; Nicu Sebe,CVPR,2,0,0,2503.16707,"The lack of a large-scale 3D-text corpus has led recent works to distill open-vocabulary knowledge from vision-language models (VLMs). However, these methods typically rely on a single VLM to align the feature spaces of 3D models within a common language space, which limits the potential of 3D models to leverage the diverse spatial and semantic capabilities encapsulated in various foundation models. In this paper, we propose Cross-modal and Uncertainty-aware Agglomeration for Open-vocabulary 3D Scene Understanding dubbed CUA-O3D, the first model to integrate multiple foundation models-such as CLIP, DINOv2, and Stable Diffusion-into 3D scene understanding. We further introduce a deterministic uncertainty estimation to adaptively distill and harmonize the heterogeneous 2D feature embeddings from these models. Our method addresses two key challenges: (1) incorporating semantic priors from VLMs alongside the geometric knowledge of spatially-aware vision foundation models, and (2) using a novel deterministic uncertainty estimation to capture model-specific uncertainties across diverse semantic and geometric sensitivities, helping to reconcile heterogeneous representations during training. Extensive experiments on ScanNetV2 and Matterport3D demonstrate that our method not only advances open-vocabulary segmentation but also achieves robust cross-domain alignment and competitive spatial perception capabilities. The code will be available at: https://github.com/TyroneLi/CUA_O3D.",http://arxiv.org/abs/2503.16707v2,https://arxiv.org/pdf/2503.16707v2,Accepted by CVPR 2025
VerbDiff: Text-Only Diffusion Models with Enhanced Interaction Awareness,SeungJu Cha; Kwanyoung Lee; Ye-Chan Kim; Hyunwoo Oh; Dong-Jin Kim,CVPR,2,0,0,2503.16406,"Recent large-scale text-to-image diffusion models generate photorealistic images but often struggle to accurately depict interactions between humans and objects due to their limited ability to differentiate various interaction words. In this work, we propose VerbDiff to address the challenge of capturing nuanced interactions within text-to-image diffusion models. VerbDiff is a novel text-to-image generation model that weakens the bias between interaction words and objects, enhancing the understanding of interactions. Specifically, we disentangle various interaction words from frequency-based anchor words and leverage localized interaction regions from generated images to help the model better capture semantics in distinctive words without extra conditions. Our approach enables the model to accurately understand the intended interaction between humans and objects, producing high-quality images with accurate interactions aligned with specified verbs. Extensive experiments on the HICO-DET dataset demonstrate the effectiveness of our method compared to previous approaches.",http://arxiv.org/abs/2503.16406v1,https://arxiv.org/pdf/2503.16406v1,"Accepted at CVPR 2025, code : https://github.com/SeungJuCha/VerbDiff.git"
Generalized Few-shot 3D Point Cloud Segmentation with Vision-Language Model,Zhaochong An; Guolei Sun; Yun Liu; Runjia Li; Junlin Han; Ender Konukoglu; Serge Belongie,CVPR,2,0,0,2503.16282,"Generalized few-shot 3D point cloud segmentation (GFS-PCS) adapts models to new classes with few support samples while retaining base class segmentation. Existing GFS-PCS methods enhance prototypes via interacting with support or query features but remain limited by sparse knowledge from few-shot samples. Meanwhile, 3D vision-language models (3D VLMs), generalizing across open-world novel classes, contain rich but noisy novel class knowledge. In this work, we introduce a GFS-PCS framework that synergizes dense but noisy pseudo-labels from 3D VLMs with precise yet sparse few-shot samples to maximize the strengths of both, named GFS-VL. Specifically, we present a prototype-guided pseudo-label selection to filter low-quality regions, followed by an adaptive infilling strategy that combines knowledge from pseudo-label contexts and few-shot samples to adaptively label the filtered, unlabeled areas. Additionally, we design a novel-base mix strategy to embed few-shot samples into training scenes, preserving essential context for improved novel class learning. Moreover, recognizing the limited diversity in current GFS-PCS benchmarks, we introduce two challenging benchmarks with diverse novel classes for comprehensive generalization evaluation. Experiments validate the effectiveness of our framework across models and datasets. Our approach and benchmarks provide a solid foundation for advancing GFS-PCS in the real world. The code is at https://github.com/ZhaochongAn/GFS-VL",http://arxiv.org/abs/2503.16282v2,https://arxiv.org/pdf/2503.16282v2,Accepted to CVPR 2025
From Head to Tail: Efficient Black-box Model Inversion Attack via Long-tailed Learning,Ziang Li; Hongguang Zhang; Juan Wang; Meihui Chen; Hongxin Hu; Wenzhe Yi; Xiaoyang Xu; Mengda Yang; Chenjun Ma,CVPR,2,0,0,2503.16266,"Model Inversion Attacks (MIAs) aim to reconstruct private training data from models, leading to privacy leakage, particularly in facial recognition systems. Although many studies have enhanced the effectiveness of white-box MIAs, less attention has been paid to improving efficiency and utility under limited attacker capabilities. Existing black-box MIAs necessitate an impractical number of queries, incurring significant overhead. Therefore, we analyze the limitations of existing MIAs and introduce Surrogate Model-based Inversion with Long-tailed Enhancement (SMILE), a high-resolution oriented and query-efficient MIA for the black-box setting. We begin by analyzing the initialization of MIAs from a data distribution perspective and propose a long-tailed surrogate training method to obtain high-quality initial points. We then enhance the attack's effectiveness by employing the gradient-free black-box optimization algorithm selected by NGOpt. Our experiments show that SMILE outperforms existing state-of-the-art black-box MIAs while requiring only about 5% of the query overhead.",http://arxiv.org/abs/2503.16266v1,https://arxiv.org/pdf/2503.16266v1,Accepted to CVPR 2025
Binarized Mamba-Transformer for Lightweight Quad Bayer HybridEVS Demosaicing,Shiyang Zhou; Haijin Zeng; Yunfan Lu; Tong Shao; Ke Tang; Yongyong Chen; Jie Liu; Jingyong Su,CVPR,2,0,0,2503.16134,"Quad Bayer demosaicing is the central challenge for enabling the widespread application of Hybrid Event-based Vision Sensors (HybridEVS). Although existing learning-based methods that leverage long-range dependency modeling have achieved promising results, their complexity severely limits deployment on mobile devices for real-world applications. To address these limitations, we propose a lightweight Mamba-based binary neural network designed for efficient and high-performing demosaicing of HybridEVS RAW images. First, to effectively capture both global and local dependencies, we introduce a hybrid Binarized Mamba-Transformer architecture that combines the strengths of the Mamba and Swin Transformer architectures. Next, to significantly reduce computational complexity, we propose a binarized Mamba (Bi-Mamba), which binarizes all projections while retaining the core Selective Scan in full precision. Bi-Mamba also incorporates additional global visual information to enhance global context and mitigate precision loss. We conduct quantitative and qualitative experiments to demonstrate the effectiveness of BMTNet in both performance and computational efficiency, providing a lightweight demosaicing solution suited for real-world edge devices. Our codes and models are available at https://github.com/Clausy9/BMTNet.",http://arxiv.org/abs/2503.16134v1,https://arxiv.org/pdf/2503.16134v1,Accepted by CVPR 2025
Uncertainty Meets Diversity: A Comprehensive Active Learning Framework for Indoor 3D Object Detection,Jiangyi Wang; Na Zhao,CVPR,2,0,0,2503.16125,"Active learning has emerged as a promising approach to reduce the substantial annotation burden in 3D object detection tasks, spurring several initiatives in outdoor environments. However, its application in indoor environments remains unexplored. Compared to outdoor 3D datasets, indoor datasets face significant challenges, including fewer training samples per class, a greater number of classes, more severe class imbalance, and more diverse scene types and intra-class variances. This paper presents the first study on active learning for indoor 3D object detection, where we propose a novel framework tailored for this task. Our method incorporates two key criteria - uncertainty and diversity - to actively select the most ambiguous and informative unlabeled samples for annotation. The uncertainty criterion accounts for both inaccurate detections and undetected objects, ensuring that the most ambiguous samples are prioritized. Meanwhile, the diversity criterion is formulated as a joint optimization problem that maximizes the diversity of both object class distributions and scene types, using a new Class-aware Adaptive Prototype (CAP) bank. The CAP bank dynamically allocates representative prototypes to each class, helping to capture varying intra-class diversity across different categories. We evaluate our method on SUN RGB-D and ScanNetV2, where it outperforms baselines by a significant margin, achieving over 85% of fully-supervised performance with just 10% of the annotation budget.",http://arxiv.org/abs/2503.16125v1,https://arxiv.org/pdf/2503.16125v1,Accepted by CVPR 2025
Probabilistic Prompt Distribution Learning for Animal Pose Estimation,Jiyong Rao; Brian Nlong Zhao; Yu Wang,CVPR,2,0,0,2503.16120,"Multi-species animal pose estimation has emerged as a challenging yet critical task, hindered by substantial visual diversity and uncertainty. This paper challenges the problem by efficient prompt learning for Vision-Language Pretrained (VLP) models, \textit{e.g.} CLIP, aiming to resolve the cross-species generalization problem. At the core of the solution lies in the prompt designing, probabilistic prompt modeling and cross-modal adaptation, thereby enabling prompts to compensate for cross-modal information and effectively overcome large data variances under unbalanced data distribution. To this end, we propose a novel probabilistic prompting approach to fully explore textual descriptions, which could alleviate the diversity issues caused by long-tail property and increase the adaptability of prompts on unseen category instance. Specifically, we first introduce a set of learnable prompts and propose a diversity loss to maintain distinctiveness among prompts, thus representing diverse image attributes. Diverse textual probabilistic representations are sampled and used as the guidance for the pose estimation. Subsequently, we explore three different cross-modal fusion strategies at spatial level to alleviate the adverse impacts of visual uncertainty. Extensive experiments on multi-species animal pose benchmarks show that our method achieves the state-of-the-art performance under both supervised and zero-shot settings. The code is available at https://github.com/Raojiyong/PPAP.",http://arxiv.org/abs/2503.16120v1,https://arxiv.org/pdf/2503.16120v1,Accepted by CVPR 2025
OSLoPrompt: Bridging Low-Supervision Challenges and Open-Set Domain Generalization in CLIP,Mohamad Hassan N C; Divyam Gupta; Mainak Singha; Sai Bhargav Rongali; Ankit Jha; Muhammad Haris Khan; Biplab Banerjee,CVPR,2,0,0,2503.16106,"We introduce Low-Shot Open-Set Domain Generalization (LSOSDG), a novel paradigm unifying low-shot learning with open-set domain generalization (ODG). While prompt-based methods using models like CLIP have advanced DG, they falter in low-data regimes (e.g., 1-shot) and lack precision in detecting open-set samples with fine-grained semantics related to training classes. To address these challenges, we propose OSLOPROMPT, an advanced prompt-learning framework for CLIP with two core innovations. First, to manage limited supervision across source domains and improve DG, we introduce a domain-agnostic prompt-learning mechanism that integrates adaptable domain-specific cues and visually guided semantic attributes through a novel cross-attention module, besides being supported by learnable domain- and class-generic visual prompts to enhance cross-modal adaptability. Second, to improve outlier rejection during inference, we classify unfamiliar samples as ""unknown"" and train specialized prompts with systematically synthesized pseudo-open samples that maintain fine-grained relationships to known classes, generated through a targeted query strategy with off-the-shelf foundation models. This strategy enhances feature learning, enabling our model to detect open samples with varied granularity more effectively. Extensive evaluations across five benchmarks demonstrate that OSLOPROMPT establishes a new state-of-the-art in LSOSDG, significantly outperforming existing methods.",http://arxiv.org/abs/2503.16106v1,https://arxiv.org/pdf/2503.16106v1,Accepted to CVPR 2025
BadToken: Token-level Backdoor Attacks to Multi-modal Large Language Models,Zenghui Yuan; Jiawen Shi; Pan Zhou; Neil Zhenqiang Gong; Lichao Sun,CVPR,2,0,0,2503.16023,"Multi-modal large language models (MLLMs) extend large language models (LLMs) to process multi-modal information, enabling them to generate responses to image-text inputs. MLLMs have been incorporated into diverse multi-modal applications, such as autonomous driving and medical diagnosis, via plug-and-play without fine-tuning. This deployment paradigm increases the vulnerability of MLLMs to backdoor attacks. However, existing backdoor attacks against MLLMs achieve limited effectiveness and stealthiness. In this work, we propose BadToken, the first token-level backdoor attack to MLLMs. BadToken introduces two novel backdoor behaviors: Token-substitution and Token-addition, which enable flexible and stealthy attacks by making token-level modifications to the original output for backdoored inputs. We formulate a general optimization problem that considers the two backdoor behaviors to maximize the attack effectiveness. We evaluate BadToken on two open-source MLLMs and various tasks. Our results show that our attack maintains the model's utility while achieving high attack success rates and stealthiness. We also show the real-world threats of BadToken in two scenarios, i.e., autonomous driving and medical diagnosis. Furthermore, we consider defenses including fine-tuning and input purification. Our results highlight the threat of our attack.",http://arxiv.org/abs/2503.16023v1,https://arxiv.org/pdf/2503.16023v1,This paper is accepted by CVPR 2025
Reconstructing In-the-Wild Open-Vocabulary Human-Object Interactions,Boran Wen; Dingbang Huang; Zichen Zhang; Jiahong Zhou; Jianbin Deng; Jingyu Gong; Yulong Chen; Lizhuang Ma; Yong-Lu Li,CVPR,2,0,0,2503.15898,"Reconstructing human-object interactions (HOI) from single images is fundamental in computer vision. Existing methods are primarily trained and tested on indoor scenes due to the lack of 3D data, particularly constrained by the object variety, making it challenging to generalize to real-world scenes with a wide range of objects. The limitations of previous 3D HOI datasets were primarily due to the difficulty in acquiring 3D object assets. However, with the development of 3D reconstruction from single images, recently it has become possible to reconstruct various objects from 2D HOI images. We therefore propose a pipeline for annotating fine-grained 3D humans, objects, and their interactions from single images. We annotated 2.5k+ 3D HOI assets from existing 2D HOI datasets and built the first open-vocabulary in-the-wild 3D HOI dataset Open3DHOI, to serve as a future test set. Moreover, we design a novel Gaussian-HOI optimizer, which efficiently reconstructs the spatial interactions between humans and objects while learning the contact regions. Besides the 3D HOI reconstruction, we also propose several new tasks for 3D HOI understanding to pave the way for future work. Data and code will be publicly available at https://wenboran2002.github.io/3dhoi.",http://arxiv.org/abs/2503.15898v1,https://arxiv.org/pdf/2503.15898v1,Accepted to CVPR 2025
Zero-1-to-A: Zero-Shot One Image to Animatable Head Avatars Using Video Diffusion,Zhenglin Zhou; Fan Ma; Hehe Fan; Tat-Seng Chua,CVPR,2,0,0,2503.15851,"Animatable head avatar generation typically requires extensive data for training. To reduce the data requirements, a natural solution is to leverage existing data-free static avatar generation methods, such as pre-trained diffusion models with score distillation sampling (SDS), which align avatars with pseudo ground-truth outputs from the diffusion model. However, directly distilling 4D avatars from video diffusion often leads to over-smooth results due to spatial and temporal inconsistencies in the generated video. To address this issue, we propose Zero-1-to-A, a robust method that synthesizes a spatial and temporal consistency dataset for 4D avatar reconstruction using the video diffusion model. Specifically, Zero-1-to-A iteratively constructs video datasets and optimizes animatable avatars in a progressive manner, ensuring that avatar quality increases smoothly and consistently throughout the learning process. This progressive learning involves two stages: (1) Spatial Consistency Learning fixes expressions and learns from front-to-side views, and (2) Temporal Consistency Learning fixes views and learns from relaxed to exaggerated expressions, generating 4D avatars in a simple-to-complex manner. Extensive experiments demonstrate that Zero-1-to-A improves fidelity, animation quality, and rendering speed compared to existing diffusion-based methods, providing a solution for lifelike avatar creation. Code is publicly available at: https://github.com/ZhenglinZhou/Zero-1-to-A.",http://arxiv.org/abs/2503.15851v2,https://arxiv.org/pdf/2503.15851v2,"Accepted by CVPR 2025, project page: https://zhenglinzhou.github.io/Zero-1-to-A/"
OffsetOPT: Explicit Surface Reconstruction without Normals,Huan Lei,CVPR,2,0,0,2503.15763,"Neural surface reconstruction has been dominated by implicit representations with marching cubes for explicit surface extraction. However, those methods typically require high-quality normals for accurate reconstruction. We propose OffsetOPT, a method that reconstructs explicit surfaces directly from 3D point clouds and eliminates the need for point normals. The approach comprises two stages: first, we train a neural network to predict surface triangles based on local point geometry, given uniformly distributed training point clouds. Next, we apply the frozen network to reconstruct surfaces from unseen point clouds by optimizing a per-point offset to maximize the accuracy of triangle predictions. Compared to state-of-the-art methods, OffsetOPT not only excels at reconstructing overall surfaces but also significantly preserves sharp surface features. We demonstrate its accuracy on popular benchmarks, including small-scale shapes and large-scale open surfaces.",http://arxiv.org/abs/2503.15763v1,https://arxiv.org/pdf/2503.15763v1,Accepted to CVPR 2025
EfficientLLaVA:Generalizable Auto-Pruning for Large Vision-language Models,Yinan Liang; Ziwei Wang; Xiuwei Xu; Jie Zhou; Jiwen Lu,CVPR,2,0,0,2503.15369,"While multimodal large language models demonstrate strong performance in complex reasoning tasks, they pose significant challenges related to model complexity during deployment, especially for resource-limited devices. In this paper, we propose an automatic pruning method for large vision-language models to enhance the efficiency of multimodal reasoning. Conventional methods rely on the training data of the original model to select the proper pruning ratio for different network components. However, these methods are impractical for large vision-language models due to the unaffordable search costs caused by web-scale training corpus. In contrast, our approach only leverages a small number of samples to search for the desired pruning policy by maximizing its generalization ability on unknown training data while maintaining the model accuracy, which enables the achievement of an optimal trade-off between accuracy and efficiency for large visual language models. Specifically, we formulate the generalization gap of the pruning strategy using the structural risk minimization principle. Based on both task performance and generalization capability, we iteratively search for the optimal pruning policy within a given search space and optimize the vision projector to evolve the search space with higher upper bound of performance. We conduct extensive experiments on the ScienceQA, Vizwiz, MM-vet, and LLaVA-Bench datasets for the task of visual question answering. Using only 64 samples for pruning policy search, EfficientLLaVA achieves an accuracy of 83.05% on ScienceQA, along with a $\times$ 1.8 speedup compared to the dense LLaVA-v1.5-7B model.",http://arxiv.org/abs/2503.15369v1,https://arxiv.org/pdf/2503.15369v1,Accepted by CVPR 2025
Test-Time Backdoor Detection for Object Detection Models,Hangtao Zhang; Yichen Wang; Shihui Yan; Chenyu Zhu; Ziqi Zhou; Linshan Hou; Shengshan Hu; Minghui Li; Yanjun Zhang; Leo Yu Zhang,CVPR,2,0,0,2503.15293,"Object detection models are vulnerable to backdoor attacks, where attackers poison a small subset of training samples by embedding a predefined trigger to manipulate prediction. Detecting poisoned samples (i.e., those containing triggers) at test time can prevent backdoor activation. However, unlike image classification tasks, the unique characteristics of object detection -- particularly its output of numerous objects -- pose fresh challenges for backdoor detection. The complex attack effects (e.g., ""ghost"" object emergence or ""vanishing"" object) further render current defenses fundamentally inadequate. To this end, we design TRAnsformation Consistency Evaluation (TRACE), a brand-new method for detecting poisoned samples at test time in object detection. Our journey begins with two intriguing observations: (1) poisoned samples exhibit significantly more consistent detection results than clean ones across varied backgrounds. (2) clean samples show higher detection consistency when introduced to different focal information. Based on these phenomena, TRACE applies foreground and background transformations to each test sample, then assesses transformation consistency by calculating the variance in objects confidences. TRACE achieves black-box, universal backdoor detection, with extensive experiments showing a 30% improvement in AUROC over state-of-the-art defenses and resistance to adaptive attacks.",http://arxiv.org/abs/2503.15293v1,https://arxiv.org/pdf/2503.15293v1,Accepted to CVPR 2025
When the Future Becomes the Past: Taming Temporal Correspondence for Self-supervised Video Representation Learning,Yang Liu; Qianqian Xu; Peisong Wen; Siran Dai; Qingming Huang,CVPR,2,0,0,2503.15096,"The past decade has witnessed notable achievements in self-supervised learning for video tasks. Recent efforts typically adopt the Masked Video Modeling (MVM) paradigm, leading to significant progress on multiple video tasks. However, two critical challenges remain: 1) Without human annotations, the random temporal sampling introduces uncertainty, increasing the difficulty of model training. 2) Previous MVM methods primarily recover the masked patches in the pixel space, leading to insufficient information compression for downstream tasks. To address these challenges jointly, we propose a self-supervised framework that leverages Temporal Correspondence for video Representation learning (T-CoRe). For challenge 1), we propose a sandwich sampling strategy that selects two auxiliary frames to reduce reconstruction uncertainty in a two-side-squeezing manner. Addressing challenge 2), we introduce an auxiliary branch into a self-distillation architecture to restore representations in the latent space, generating high-level semantic representations enriched with temporal information. Experiments of T-CoRe consistently present superior performance across several downstream tasks, demonstrating its effectiveness for video representation learning. The code is available at https://github.com/yafeng19/T-CORE.",http://arxiv.org/abs/2503.15096v1,https://arxiv.org/pdf/2503.15096v1,Accepted at CVPR 2025
xMOD: Cross-Modal Distillation for 2D/3D Multi-Object Discovery from 2D motion,Saad Lahlali; Sandra Kara; Hejer Ammar; Florian Chabot; Nicolas Granger; Hervé Le Borgne; Quoc-Cuong Pham,CVPR,2,0,0,2503.15022,"Object discovery, which refers to the task of localizing objects without human annotations, has gained significant attention in 2D image analysis. However, despite this growing interest, it remains under-explored in 3D data, where approaches rely exclusively on 3D motion, despite its several challenges. In this paper, we present a novel framework that leverages advances in 2D object discovery which are based on 2D motion to exploit the advantages of such motion cues being more flexible and generalizable and to bridge the gap between 2D and 3D modalities. Our primary contributions are twofold: (i) we introduce DIOD-3D, the first baseline for multi-object discovery in 3D data using 2D motion, incorporating scene completion as an auxiliary task to enable dense object localization from sparse input data; (ii) we develop xMOD, a cross-modal training framework that integrates 2D and 3D data while always using 2D motion cues. xMOD employs a teacher-student training paradigm across the two modalities to mitigate confirmation bias by leveraging the domain gap. During inference, the model supports both RGB-only and point cloud-only inputs. Additionally, we propose a late-fusion technique tailored to our pipeline that further enhances performance when both modalities are available at inference. We evaluate our approach extensively on synthetic (TRIP-PD) and challenging real-world datasets (KITTI and Waymo). Notably, our approach yields a substantial performance improvement compared with the 2D object discovery state-of-the-art on all datasets with gains ranging from +8.7 to +15.1 in F1@50 score. The code is available at https://github.com/CEA-LIST/xMOD",http://arxiv.org/abs/2503.15022v1,https://arxiv.org/pdf/2503.15022v1,Accepted at CVPR 2025
UPME: An Unsupervised Peer Review Framework for Multimodal Large Language Model Evaluation,Qihui Zhang; Munan Ning; Zheyuan Liu; Yanbo Wang; Jiayi Ye; Yue Huang; Shuo Yang; Xiao Chen; Yibing Song; Li Yuan,CVPR,2,0,0,2503.14941,"Multimodal Large Language Models (MLLMs) have emerged to tackle the challenges of Visual Question Answering (VQA), sparking a new research focus on conducting objective evaluations of these models. Existing evaluation methods face limitations due to the significant human workload required to design Q&A pairs for visual images, which inherently restricts the scale and scope of evaluations. Although automated MLLM-as-judge approaches attempt to reduce the human workload through automatic evaluations, they often introduce biases. To address these problems, we propose an Unsupervised Peer review MLLM Evaluation framework. It utilizes only image data, allowing models to automatically generate questions and conduct peer review assessments of answers from other models, effectively alleviating the reliance on human workload. Additionally, we introduce the vision-language scoring system to mitigate the bias issues, which focuses on three aspects: (i) response correctness; (ii) visual understanding and reasoning; and (iii) image-text correlation. Experimental results demonstrate that UPME achieves a Pearson correlation of 0.944 with human evaluations on the MMstar dataset and 0.814 on the ScienceQA dataset, indicating that our framework closely aligns with human-designed benchmarks and inherent human preferences.",http://arxiv.org/abs/2503.14941v1,https://arxiv.org/pdf/2503.14941v1,Accepted by CVPR 2025
POSTA: A Go-to Framework for Customized Artistic Poster Generation,Haoyu Chen; Xiaojie Xu; Wenbo Li; Jingjing Ren; Tian Ye; Songhua Liu; Ying-Cong Chen; Lei Zhu; Xinchao Wang,CVPR,2,0,0,2503.14908,"Poster design is a critical medium for visual communication. Prior work has explored automatic poster design using deep learning techniques, but these approaches lack text accuracy, user customization, and aesthetic appeal, limiting their applicability in artistic domains such as movies and exhibitions, where both clear content delivery and visual impact are essential. To address these limitations, we present POSTA: a modular framework powered by diffusion models and multimodal large language models (MLLMs) for customized artistic poster generation. The framework consists of three modules. Background Diffusion creates a themed background based on user input. Design MLLM then generates layout and typography elements that align with and complement the background style. Finally, to enhance the poster's aesthetic appeal, ArtText Diffusion applies additional stylization to key text elements. The final result is a visually cohesive and appealing poster, with a fully modular process that allows for complete customization. To train our models, we develop the PosterArt dataset, comprising high-quality artistic posters annotated with layout, typography, and pixel-level stylized text segmentation. Our comprehensive experimental analysis demonstrates POSTA's exceptional controllability and design diversity, outperforming existing models in both text accuracy and aesthetic quality.",http://arxiv.org/abs/2503.14908v1,https://arxiv.org/pdf/2503.14908v1,Accepted to CVPR 2025
When Domain Generalization meets Generalized Category Discovery: An Adaptive Task-Arithmetic Driven Approach,Vaibhav Rathore; Shubhranil B; Saikat Dutta; Sarthak Mehrotra; Zsolt Kira; Biplab Banerjee,CVPR,2,0,0,2503.14897,"Generalized Class Discovery (GCD) clusters base and novel classes in a target domain using supervision from a source domain with only base classes. Current methods often falter with distribution shifts and typically require access to target data during training, which can sometimes be impractical. To address this issue, we introduce the novel paradigm of Domain Generalization in GCD (DG-GCD), where only source data is available for training, while the target domain, with a distinct data distribution, remains unseen until inference. To this end, our solution, DG2CD-Net, aims to construct a domain-independent, discriminative embedding space for GCD. The core innovation is an episodic training strategy that enhances cross-domain generalization by adapting a base model on tasks derived from source and synthetic domains generated by a foundation model. Each episode focuses on a cross-domain GCD task, diversifying task setups over episodes and combining open-set domain adaptation with a novel margin loss and representation learning for optimizing the feature space progressively. To capture the effects of fine-tuning on the base model, we extend task arithmetic by adaptively weighting the local task vectors concerning the fine-tuned models based on their GCD performance on a validation distribution. This episodic update mechanism boosts the adaptability of the base model to unseen targets. Experiments across three datasets confirm that DG2CD-Net outperforms existing GCD methods customized for DG-GCD.",http://arxiv.org/abs/2503.14897v2,https://arxiv.org/pdf/2503.14897v2,Accepted at CVPR 2025 (Main Conference)
DPFlow: Adaptive Optical Flow Estimation with a Dual-Pyramid Framework,Henrique Morimitsu; Xiaobin Zhu; Roberto M. Cesar; Xiangyang Ji; Xu-Cheng Yin,CVPR,2,0,0,2503.14880,"Optical flow estimation is essential for video processing tasks, such as restoration and action recognition. The quality of videos is constantly increasing, with current standards reaching 8K resolution. However, optical flow methods are usually designed for low resolution and do not generalize to large inputs due to their rigid architectures. They adopt downscaling or input tiling to reduce the input size, causing a loss of details and global information. There is also a lack of optical flow benchmarks to judge the actual performance of existing methods on high-resolution samples. Previous works only conducted qualitative high-resolution evaluations on hand-picked samples. This paper fills this gap in optical flow estimation in two ways. We propose DPFlow, an adaptive optical flow architecture capable of generalizing up to 8K resolution inputs while trained with only low-resolution samples. We also introduce Kubric-NK, a new benchmark for evaluating optical flow methods with input resolutions ranging from 1K to 8K. Our high-resolution evaluation pushes the boundaries of existing methods and reveals new insights about their generalization capabilities. Extensive experimental results show that DPFlow achieves state-of-the-art results on the MPI-Sintel, KITTI 2015, Spring, and other high-resolution benchmarks.",http://arxiv.org/abs/2503.14880v2,https://arxiv.org/pdf/2503.14880v2,"Accepted at CVPR 2025. The code and dataset are available at https://github.com/hmorimitsu/ptlflow/tree/main/ptlflow/models/dpflow. 24 pages, 17 figures"
DUNE: Distilling a Universal Encoder from Heterogeneous 2D and 3D Teachers,Mert Bulent Sariyildiz; Philippe Weinzaepfel; Thomas Lucas; Pau de Jorge; Diane Larlus; Yannis Kalantidis,CVPR,2,0,0,2503.14405,"Recent multi-teacher distillation methods have unified the encoders of multiple foundation models into a single encoder, achieving competitive performance on core vision tasks like classification, segmentation, and depth estimation. This led us to ask: Could similar success be achieved when the pool of teachers also includes vision models specialized in diverse tasks across both 2D and 3D perception? In this paper, we define and investigate the problem of heterogeneous teacher distillation, or co-distillation, a challenging multi-teacher distillation scenario where teacher models vary significantly in both (a) their design objectives and (b) the data they were trained on. We explore data-sharing strategies and teacher-specific encoding, and introduce DUNE, a single encoder excelling in 2D vision, 3D understanding, and 3D human perception. Our model achieves performance comparable to that of its larger teachers, sometimes even outperforming them, on their respective tasks. Notably, DUNE surpasses MASt3R in Map-free Visual Relocalization with a much smaller encoder.",http://arxiv.org/abs/2503.14405v2,https://arxiv.org/pdf/2503.14405v2,Accepted to CVPR-2025. Project page: https://europe.naverlabs.com/dune
MP-GUI: Modality Perception with MLLMs for GUI Understanding,Ziwei Wang; Weizhi Chen; Leyang Yang; Sheng Zhou; Shengchu Zhao; Hanbei Zhan; Jiongchao Jin; Liangcheng Li; Zirui Shao; Jiajun Bu,CVPR,2,0,0,2503.14021,"Graphical user interface (GUI) has become integral to modern society, making it crucial to be understood for human-centric systems. However, unlike natural images or documents, GUIs comprise artificially designed graphical elements arranged to convey specific semantic meanings. Current multi-modal large language models (MLLMs) already proficient in processing graphical and textual components suffer from hurdles in GUI understanding due to the lack of explicit spatial structure modeling. Moreover, obtaining high-quality spatial structure data is challenging due to privacy issues and noisy environments. To address these challenges, we present MP-GUI, a specially designed MLLM for GUI understanding. MP-GUI features three precisely specialized perceivers to extract graphical, textual, and spatial modalities from the screen as GUI-tailored visual clues, with spatial structure refinement strategy and adaptively combined via a fusion gate to meet the specific preferences of different GUI understanding tasks. To cope with the scarcity of training data, we also introduce a pipeline for automatically data collecting. Extensive experiments demonstrate that MP-GUI achieves impressive results on various GUI understanding tasks with limited data.",http://arxiv.org/abs/2503.14021v1,https://arxiv.org/pdf/2503.14021v1,Paper accepted to CVPR 2025
DefectFill: Realistic Defect Generation with Inpainting Diffusion Model for Visual Inspection,Jaewoo Song; Daemin Park; Kanghyun Baek; Sangyub Lee; Jooyoung Choi; Eunji Kim; Sungroh Yoon,CVPR,2,0,0,2503.13985,"Developing effective visual inspection models remains challenging due to the scarcity of defect data. While image generation models have been used to synthesize defect images, producing highly realistic defects remains difficult. We propose DefectFill, a novel method for realistic defect generation that requires only a few reference defect images. It leverages a fine-tuned inpainting diffusion model, optimized with our custom loss functions incorporating defect, object, and attention terms. It enables precise capture of detailed, localized defect features and their seamless integration into defect-free objects. Additionally, our Low-Fidelity Selection method further enhances the defect sample quality. Experiments show that DefectFill generates high-quality defect images, enabling visual inspection models to achieve state-of-the-art performance on the MVTec AD dataset.",http://arxiv.org/abs/2503.13985v2,https://arxiv.org/pdf/2503.13985v2,Accepted to CVPR 2025
Conformal Prediction and MLLM aided Uncertainty Quantification in Scene Graph Generation,Sayak Nag; Udita Ghosh; Calvin-Khang Ta; Sarosij Bose; Jiachen Li; Amit K Roy Chowdhury,CVPR,2,0,0,2503.13947,"Scene Graph Generation (SGG) aims to represent visual scenes by identifying objects and their pairwise relationships, providing a structured understanding of image content. However, inherent challenges like long-tailed class distributions and prediction variability necessitate uncertainty quantification in SGG for its practical viability. In this paper, we introduce a novel Conformal Prediction (CP) based framework, adaptive to any existing SGG method, for quantifying their predictive uncertainty by constructing well-calibrated prediction sets over their generated scene graphs. These scene graph prediction sets are designed to achieve statistically rigorous coverage guarantees. Additionally, to ensure these prediction sets contain the most practically interpretable scene graphs, we design an effective MLLM-based post-processing strategy for selecting the most visually and semantically plausible scene graphs within these prediction sets. We show that our proposed approach can produce diverse possible scene graphs from an image, assess the reliability of SGG methods, and improve overall SGG performance.",http://arxiv.org/abs/2503.13947v2,https://arxiv.org/pdf/2503.13947v2,Accepted at CVPR 2025
Omnia de EgoTempo: Benchmarking Temporal Understanding of Multi-Modal LLMs in Egocentric Videos,Chiara Plizzari; Alessio Tonioni; Yongqin Xian; Achin Kulshrestha; Federico Tombari,CVPR,2,0,0,2503.13646,"Understanding fine-grained temporal dynamics is crucial in egocentric videos, where continuous streams capture frequent, close-up interactions with objects. In this work, we bring to light that current egocentric video question-answering datasets often include questions that can be answered using only few frames or commonsense reasoning, without being necessarily grounded in the actual video. Our analysis shows that state-of-the-art Multi-Modal Large Language Models (MLLMs) on these benchmarks achieve remarkably high performance using just text or a single frame as input. To address these limitations, we introduce EgoTempo, a dataset specifically designed to evaluate temporal understanding in the egocentric domain. EgoTempo emphasizes tasks that require integrating information across the entire video, ensuring that models would need to rely on temporal patterns rather than static cues or pre-existing knowledge. Extensive experiments on EgoTempo show that current MLLMs still fall short in temporal reasoning on egocentric videos, and thus we hope EgoTempo will catalyze new research in the field and inspire models that better capture the complexity of temporal dynamics. Dataset and code are available at https://github.com/google-research-datasets/egotempo.git.",http://arxiv.org/abs/2503.13646v1,https://arxiv.org/pdf/2503.13646v1,Accepted to CVPR 2025. Dataset and code are available at https://github.com/google-research-datasets/egotempo.git
MoManipVLA: Transferring Vision-language-action Models for General Mobile Manipulation,Zhenyu Wu; Yuheng Zhou; Xiuwei Xu; Ziwei Wang; Haibin Yan,CVPR,2,0,0,2503.13446,"Mobile manipulation is the fundamental challenge for robotics to assist humans with diverse tasks and environments in everyday life. However, conventional mobile manipulation approaches often struggle to generalize across different tasks and environments because of the lack of large-scale training. In contrast, recent advances in vision-language-action (VLA) models have shown impressive generalization capabilities, but these foundation models are developed for fixed-base manipulation tasks. Therefore, we propose an efficient policy adaptation framework named MoManipVLA to transfer pre-trained VLA models of fix-base manipulation to mobile manipulation, so that high generalization ability across tasks and environments can be achieved in mobile manipulation policy. Specifically, we utilize pre-trained VLA models to generate waypoints of the end-effector with high generalization ability. We design motion planning objectives for the mobile base and the robot arm, which aim at maximizing the physical feasibility of the trajectory. Finally, we present an efficient bi-level objective optimization framework for trajectory generation, where the upper-level optimization predicts waypoints for base movement to enhance the manipulator policy space, and the lower-level optimization selects the optimal end-effector trajectory to complete the manipulation task. In this way, MoManipVLA can adjust the position of the robot base in a zero-shot manner, thus making the waypoints predicted from the fixed-base VLA models feasible. Extensive experimental results on OVMM and the real world demonstrate that MoManipVLA achieves a 4.2% higher success rate than the state-of-the-art mobile manipulation, and only requires 50 training cost for real world deployment due to the strong generalization ability in the pre-trained VLA models.",http://arxiv.org/abs/2503.13446v1,https://arxiv.org/pdf/2503.13446v1,Accepted to CVPR 2025. Project Page: https://gary3410.github.io/momanipVLA/
Mind the Gap: Confidence Discrepancy Can Guide Federated Semi-Supervised Learning Across Pseudo-Mismatch,Yijie Liu; Xinyi Shang; Yiqun Zhang; Yang Lu; Chen Gong; Jing-Hao Xue; Hanzi Wang,CVPR,2,0,0,2503.13227,"Federated Semi-Supervised Learning (FSSL) aims to leverage unlabeled data across clients with limited labeled data to train a global model with strong generalization ability. Most FSSL methods rely on consistency regularization with pseudo-labels, converting predictions from local or global models into hard pseudo-labels as supervisory signals. However, we discover that the quality of pseudo-label is largely deteriorated by data heterogeneity, an intrinsic facet of federated learning. In this paper, we study the problem of FSSL in-depth and show that (1) heterogeneity exacerbates pseudo-label mismatches, further degrading model performance and convergence, and (2) local and global models' predictive tendencies diverge as heterogeneity increases. Motivated by these findings, we propose a simple and effective method called Semi-supervised Aggregation for Globally-Enhanced Ensemble (SAGE), that can flexibly correct pseudo-labels based on confidence discrepancies. This strategy effectively mitigates performance degradation caused by incorrect pseudo-labels and enhances consensus between local and global models. Experimental results demonstrate that SAGE outperforms existing FSSL methods in both performance and convergence. Our code is available at https://github.com/Jay-Codeman/SAGE",http://arxiv.org/abs/2503.13227v1,https://arxiv.org/pdf/2503.13227v1,Accepted by CVPR 2025
From Zero to Detail: Deconstructing Ultra-High-Definition Image Restoration from Progressive Spectral Perspective,Chen Zhao; Zhizhou Chen; Yunzhe Xu; Enxuan Gu; Jian Li; Zili Yi; Qian Wang; Jian Yang; Ying Tai,CVPR,2,0,0,2503.13165,"Ultra-high-definition (UHD) image restoration faces significant challenges due to its high resolution, complex content, and intricate details. To cope with these challenges, we analyze the restoration process in depth through a progressive spectral perspective, and deconstruct the complex UHD restoration problem into three progressive stages: zero-frequency enhancement, low-frequency restoration, and high-frequency refinement. Building on this insight, we propose a novel framework, ERR, which comprises three collaborative sub-networks: the zero-frequency enhancer (ZFE), the low-frequency restorer (LFR), and the high-frequency refiner (HFR). Specifically, the ZFE integrates global priors to learn global mapping, while the LFR restores low-frequency information, emphasizing reconstruction of coarse-grained content. Finally, the HFR employs our designed frequency-windowed kolmogorov-arnold networks (FW-KAN) to refine textures and details, producing high-quality image restoration. Our approach significantly outperforms previous UHD methods across various tasks, with extensive ablation studies validating the effectiveness of each component. The code is available at \href{https://github.com/NJU-PCALab/ERR}{here}.",http://arxiv.org/abs/2503.13165v1,https://arxiv.org/pdf/2503.13165v1,Accepted to CVPR 2025
ChainHOI: Joint-based Kinematic Chain Modeling for Human-Object Interaction Generation,Ling-An Zeng; Guohong Huang; Yi-Lin Wei; Shengbo Gu; Yu-Ming Tang; Jingke Meng; Wei-Shi Zheng,CVPR,2,0,0,2503.13130,"We propose ChainHOI, a novel approach for text-driven human-object interaction (HOI) generation that explicitly models interactions at both the joint and kinetic chain levels. Unlike existing methods that implicitly model interactions using full-body poses as tokens, we argue that explicitly modeling joint-level interactions is more natural and effective for generating realistic HOIs, as it directly captures the geometric and semantic relationships between joints, rather than modeling interactions in the latent pose space. To this end, ChainHOI introduces a novel joint graph to capture potential interactions with objects, and a Generative Spatiotemporal Graph Convolution Network to explicitly model interactions at the joint level. Furthermore, we propose a Kinematics-based Interaction Module that explicitly models interactions at the kinetic chain level, ensuring more realistic and biomechanically coherent motions. Evaluations on two public datasets demonstrate that ChainHOI significantly outperforms previous methods, generating more realistic, and semantically consistent HOIs. Code is available \href{https://github.com/qinghuannn/ChainHOI}{here}.",http://arxiv.org/abs/2503.13130v1,https://arxiv.org/pdf/2503.13130v1,Accepted to CVPR 2025
SCAP: Transductive Test-Time Adaptation via Supportive Clique-based Attribute Prompting,Chenyu Zhang; Kunlun Xu; Zichen Liu; Yuxin Peng; Jiahuan Zhou,CVPR,2,0,0,2503.12866,"Vision-language models (VLMs) encounter considerable challenges when adapting to domain shifts stemming from changes in data distribution. Test-time adaptation (TTA) has emerged as a promising approach to enhance VLM performance under such conditions. In practice, test data often arrives in batches, leading to increasing interest in the transductive TTA setting. However, existing TTA methods primarily focus on individual test samples, overlooking crucial cross-sample correlations within a batch. While recent ViT-based TTA methods have introduced batch-level adaptation, they remain suboptimal for VLMs due to inadequate integration of the text modality. To address these limitations, we propose a novel transductive TTA framework, Supportive Clique-based Attribute Prompting (SCAP), which effectively combines visual and textual information to enhance adaptation by generating fine-grained attribute prompts across test batches. SCAP first forms supportive cliques of test samples in an unsupervised manner based on visual similarity and learns an attribute prompt for each clique, capturing shared attributes critical for adaptation. For each test sample, SCAP aggregates attribute prompts from its associated cliques, providing enriched contextual information. To ensure adaptability over time, we incorporate a retention module that dynamically updates attribute prompts and their associated attributes as new data arrives. Comprehensive experiments across multiple benchmarks demonstrate that SCAP outperforms existing state-of-the-art methods, significantly advancing VLM generalization under domain shifts. Our code is available at https://github.com/zhoujiahuan1991/CVPR2025-SCAP.",http://arxiv.org/abs/2503.12866v1,https://arxiv.org/pdf/2503.12866v1,Accepted by CVPR 2025
From Head to Tail: Towards Balanced Representation in Large Vision-Language Models through Adaptive Data Calibration,Mingyang Song; Xiaoye Qu; Jiawei Zhou; Yu Cheng,CVPR,2,0,0,2503.12821,"Large Vision-Language Models (LVLMs) have achieved significant progress in combining visual comprehension with language generation. Despite this success, the training data of LVLMs still suffers from Long-Tail (LT) problems, where the data distribution is highly imbalanced. Previous works have mainly focused on traditional VLM architectures, i.e., CLIP or ViT, and specific tasks such as recognition and classification. Nevertheless, the exploration of LVLM (e.g. LLaVA) and more general tasks (e.g. Visual Question Answering and Visual Reasoning) remains under-explored. In this paper, we first conduct an in-depth analysis of the LT issues in LVLMs and identify two core causes: the overrepresentation of head concepts and the underrepresentation of tail concepts. Based on the above observation, we propose an $\textbf{A}$daptive $\textbf{D}$ata $\textbf{R}$efinement Framework ($\textbf{ADR}$), which consists of two stages: $\textbf{D}$ata $\textbf{R}$ebalancing ($\textbf{DR}$) and $\textbf{D}$ata $\textbf{S}$ynthesis ($\textbf{DS}$). In the DR stage, we adaptively rebalance the redundant data based on entity distributions, while in the DS stage, we leverage Denoising Diffusion Probabilistic Models (DDPMs) and scarce images to supplement underrepresented portions. Through comprehensive evaluations across eleven benchmarks, our proposed ADR effectively mitigates the long-tail problem in the training data, improving the average performance of LLaVA 1.5 relatively by 4.36%, without increasing the training data volume.",http://arxiv.org/abs/2503.12821v4,https://arxiv.org/pdf/2503.12821v4,Accepted by CVPR 2025. Project Page: https://vlmlt.github.io/
ProtoDepth: Unsupervised Continual Depth Completion with Prototypes,Patrick Rim; Hyoungseob Park; S. Gangopadhyay; Ziyao Zeng; Younjoon Chung; Alex Wong,CVPR,2,0,0,2503.12745,"We present ProtoDepth, a novel prototype-based approach for continual learning of unsupervised depth completion, the multimodal 3D reconstruction task of predicting dense depth maps from RGB images and sparse point clouds. The unsupervised learning paradigm is well-suited for continual learning, as ground truth is not needed. However, when training on new non-stationary distributions, depth completion models will catastrophically forget previously learned information. We address forgetting by learning prototype sets that adapt the latent features of a frozen pretrained model to new domains. Since the original weights are not modified, ProtoDepth does not forget when test-time domain identity is known. To extend ProtoDepth to the challenging setting where the test-time domain identity is withheld, we propose to learn domain descriptors that enable the model to select the appropriate prototype set for inference. We evaluate ProtoDepth on benchmark dataset sequences, where we reduce forgetting compared to baselines by 52.2% for indoor and 53.2% for outdoor to achieve the state of the art.",http://arxiv.org/abs/2503.12745v1,https://arxiv.org/pdf/2503.12745v1,Accepted to CVPR 2025
MambaIC: State Space Models for High-Performance Learned Image Compression,Fanhu Zeng; Hao Tang; Yihua Shao; Siyu Chen; Ling Shao; Yan Wang,CVPR,2,0,0,2503.12461,"A high-performance image compression algorithm is crucial for real-time information transmission across numerous fields. Despite rapid progress in image compression, computational inefficiency and poor redundancy modeling still pose significant bottlenecks, limiting practical applications. Inspired by the effectiveness of state space models (SSMs) in capturing long-range dependencies, we leverage SSMs to address computational inefficiency in existing methods and improve image compression from multiple perspectives. In this paper, we integrate the advantages of SSMs for better efficiency-performance trade-off and propose an enhanced image compression approach through refined context modeling, which we term MambaIC. Specifically, we explore context modeling to adaptively refine the representation of hidden states. Additionally, we introduce window-based local attention into channel-spatial entropy modeling to reduce potential spatial redundancy during compression, thereby increasing efficiency. Comprehensive qualitative and quantitative results validate the effectiveness and efficiency of our approach, particularly for high-resolution image compression. Code is released at https://github.com/AuroraZengfh/MambaIC.",http://arxiv.org/abs/2503.12461v3,https://arxiv.org/pdf/2503.12461v3,Accepted to CVPR 2025
Localized Concept Erasure for Text-to-Image Diffusion Models Using Training-Free Gated Low-Rank Adaptation,Byung Hyun Lee; Sungjin Lim; Se Young Chun,CVPR,2,0,0,2503.12356,"Fine-tuning based concept erasing has demonstrated promising results in preventing generation of harmful contents from text-to-image diffusion models by removing target concepts while preserving remaining concepts. To maintain the generation capability of diffusion models after concept erasure, it is necessary to remove only the image region containing the target concept when it locally appears in an image, leaving other regions intact. However, prior arts often compromise fidelity of the other image regions in order to erase the localized target concept appearing in a specific area, thereby reducing the overall performance of image generation. To address these limitations, we first introduce a framework called localized concept erasure, which allows for the deletion of only the specific area containing the target concept in the image while preserving the other regions. As a solution for the localized concept erasure, we propose a training-free approach, dubbed Gated Low-rank adaptation for Concept Erasure (GLoCE), that injects a lightweight module into the diffusion model. GLoCE consists of low-rank matrices and a simple gate, determined only by several generation steps for concepts without training. By directly applying GLoCE to image embeddings and designing the gate to activate only for target concepts, GLoCE can selectively remove only the region of the target concepts, even when target and remaining concepts coexist within an image. Extensive experiments demonstrated GLoCE not only improves the image fidelity to text prompts after erasing the localized target concepts, but also outperforms prior arts in efficacy, specificity, and robustness by large margin and can be extended to mass concept erasure.",http://arxiv.org/abs/2503.12356v3,https://arxiv.org/pdf/2503.12356v3,Accepted to CVPR 2025
RePerformer: Immersive Human-centric Volumetric Videos from Playback to Photoreal Reperformance,Yuheng Jiang; Zhehao Shen; Chengcheng Guo; Yu Hong; Zhuo Su; Yingliang Zhang; Marc Habermann; Lan Xu,CVPR,2,0,0,2503.12242,"Human-centric volumetric videos offer immersive free-viewpoint experiences, yet existing methods focus either on replaying general dynamic scenes or animating human avatars, limiting their ability to re-perform general dynamic scenes. In this paper, we present RePerformer, a novel Gaussian-based representation that unifies playback and re-performance for high-fidelity human-centric volumetric videos. Specifically, we hierarchically disentangle the dynamic scenes into motion Gaussians and appearance Gaussians which are associated in the canonical space. We further employ a Morton-based parameterization to efficiently encode the appearance Gaussians into 2D position and attribute maps. For enhanced generalization, we adopt 2D CNNs to map position maps to attribute maps, which can be assembled into appearance Gaussians for high-fidelity rendering of the dynamic scenes. For re-performance, we develop a semantic-aware alignment module and apply deformation transfer on motion Gaussians, enabling photo-real rendering under novel motions. Extensive experiments validate the robustness and effectiveness of RePerformer, setting a new benchmark for playback-then-reperformance paradigm in human-centric volumetric videos.",http://arxiv.org/abs/2503.12242v1,https://arxiv.org/pdf/2503.12242v1,Accepted by CVPR 2025. Project Page: https://moqiyinlun.github.io/Reperformer/
Learning Extremely High Density Crowds as Active Matters,Feixiang He; Jiangbei Yue; Jialin Zhu; Armin Seyfried; Dan Casas; Julien Pettré; He Wang,CVPR,2,0,0,2503.12168,"Video-based high-density crowd analysis and prediction has been a long-standing topic in computer vision. It is notoriously difficult due to, but not limited to, the lack of high-quality data and complex crowd dynamics. Consequently, it has been relatively under studied. In this paper, we propose a new approach that aims to learn from in-the-wild videos, often with low quality where it is difficult to track individuals or count heads. The key novelty is a new physics prior to model crowd dynamics. We model high-density crowds as active matter, a continumm with active particles subject to stochastic forces, named 'crowd material'. Our physics model is combined with neural networks, resulting in a neural stochastic differential equation system which can mimic the complex crowd dynamics. Due to the lack of similar research, we adapt a range of existing methods which are close to ours for comparison. Through exhaustive evaluation, we show our model outperforms existing methods in analyzing and forecasting extremely high-density crowds. Furthermore, since our model is a continuous-time physics model, it can be used for simulation and analysis, providing strong interpretability. This is categorically different from most deep learning methods, which are discrete-time models and black-boxes.",http://arxiv.org/abs/2503.12168v1,https://arxiv.org/pdf/2503.12168v1,Accepted by CVPR 2025
VTON 360: High-Fidelity Virtual Try-On from Any Viewing Direction,Zijian He; Yuwei Ning; Yipeng Qin; Guangrun Wang; Sibei Yang; Liang Lin; Guanbin Li,CVPR,2,0,0,2503.12165,"Virtual Try-On (VTON) is a transformative technology in e-commerce and fashion design, enabling realistic digital visualization of clothing on individuals. In this work, we propose VTON 360, a novel 3D VTON method that addresses the open challenge of achieving high-fidelity VTON that supports any-view rendering. Specifically, we leverage the equivalence between a 3D model and its rendered multi-view 2D images, and reformulate 3D VTON as an extension of 2D VTON that ensures 3D consistent results across multiple views. To achieve this, we extend 2D VTON models to include multi-view garments and clothing-agnostic human body images as input, and propose several novel techniques to enhance them, including: i) a pseudo-3D pose representation using normal maps derived from the SMPL-X 3D human model, ii) a multi-view spatial attention mechanism that models the correlations between features from different viewing angles, and iii) a multi-view CLIP embedding that enhances the garment CLIP features used in 2D VTON with camera information. Extensive experiments on large-scale real datasets and clothing images from e-commerce platforms demonstrate the effectiveness of our approach. Project page: https://scnuhealthy.github.io/VTON360.",http://arxiv.org/abs/2503.12165v2,https://arxiv.org/pdf/2503.12165v2,Accepted to CVPR 2025
Point-Cache: Test-time Dynamic and Hierarchical Cache for Robust and Generalizable Point Cloud Analysis,Hongyu Sun; Qiuhong Ke; Ming Cheng; Yongcai Wang; Deying Li; Chenhui Gou; Jianfei Cai,CVPR,2,0,0,2503.12150,"This paper proposes a general solution to enable point cloud recognition models to handle distribution shifts at test time. Unlike prior methods, which rely heavily on training data (often inaccessible during online inference) and are limited to recognizing a fixed set of point cloud classes predefined during training, we explore a more practical and challenging scenario: adapting the model solely based on online test data to recognize both previously seen classes and novel, unseen classes at test time. To this end, we develop \textbf{Point-Cache}, a hierarchical cache model that captures essential clues of online test samples, particularly focusing on the global structure of point clouds and their local-part details. Point-Cache, which serves as a rich 3D knowledge base, is dynamically managed to prioritize the inclusion of high-quality samples. Designed as a plug-and-play module, our method can be flexibly integrated into large multimodal 3D models to support open-vocabulary point cloud recognition. Notably, our solution operates with efficiency comparable to zero-shot inference, as it is entirely training-free. Point-Cache demonstrates substantial gains across 8 challenging benchmarks and 4 representative large 3D models, highlighting its effectiveness. Code is available at https://github.com/auniquesun/Point-Cache.",http://arxiv.org/abs/2503.12150v3,https://arxiv.org/pdf/2503.12150v3,"Accepted by CVPR 2025; 24 pages, 14 figures, 18 tables"
O-TPT: Orthogonality Constraints for Calibrating Test-time Prompt Tuning in Vision-Language Models,Ashshak Sharifdeen; Muhammad Akhtar Munir; Sanoojan Baliah; Salman Khan; Muhammad Haris Khan,CVPR,2,0,0,2503.12096,"Test-time prompt tuning for vision-language models (VLMs) is getting attention because of their ability to learn with unlabeled data without fine-tuning. Although test-time prompt tuning methods for VLMs can boost accuracy, the resulting models tend to demonstrate poor calibration, which casts doubts on the reliability and trustworthiness of these models. Notably, more attention needs to be devoted to calibrating the test-time prompt tuning in vision-language models. To this end, we propose a new approach, called O-TPT that introduces orthogonality constraints on the textual features corresponding to the learnable prompts for calibrating test-time prompt tuning in VLMs. Towards introducing orthogonality constraints, we make the following contributions. First, we uncover new insights behind the suboptimal calibration performance of existing methods relying on textual feature dispersion. Second, we show that imposing a simple orthogonalization of textual features is a more effective approach towards obtaining textual dispersion. We conduct extensive experiments on various datasets with different backbones and baselines. The results indicate that our method consistently outperforms the prior state of the art in significantly reducing the overall average calibration error. Also, our method surpasses the zero-shot calibration performance on fine-grained classification tasks.",http://arxiv.org/abs/2503.12096v1,https://arxiv.org/pdf/2503.12096v1,Accepted at CVPR 2025
MOS: Modeling Object-Scene Associations in Generalized Category Discovery,Zhengyuan Peng; Jinpeng Ma; Zhimin Sun; Ran Yi; Haichuan Song; Xin Tan; Lizhuang Ma,CVPR,2,0,0,2503.12035,"Generalized Category Discovery (GCD) is a classification task that aims to classify both base and novel classes in unlabeled images, using knowledge from a labeled dataset. In GCD, previous research overlooks scene information or treats it as noise, reducing its impact during model training. However, in this paper, we argue that scene information should be viewed as a strong prior for inferring novel classes. We attribute the misinterpretation of scene information to a key factor: the Ambiguity Challenge inherent in GCD. Specifically, novel objects in base scenes might be wrongly classified into base categories, while base objects in novel scenes might be mistakenly recognized as novel categories. Once the ambiguity challenge is addressed, scene information can reach its full potential, significantly enhancing the performance of GCD models. To more effectively leverage scene information, we propose the Modeling Object-Scene Associations (MOS) framework, which utilizes a simple MLP-based scene-awareness module to enhance GCD performance. It achieves an exceptional average accuracy improvement of 4% on the challenging fine-grained datasets compared to state-of-the-art methods, emphasizing its superior performance in fine-grained GCD. The code is publicly available at https://github.com/JethroPeng/MOS",http://arxiv.org/abs/2503.12035v2,https://arxiv.org/pdf/2503.12035v2,Accepted to CVPR 2025.The code is available at https://github.com/JethroPeng/MOS
ROS-SAM: High-Quality Interactive Segmentation for Remote Sensing Moving Object,Zhe Shan; Yang Liu; Lei Zhou; Cheng Yan; Heng Wang; Xia Xie,CVPR,2,0,0,2503.12006,"The availability of large-scale remote sensing video data underscores the importance of high-quality interactive segmentation. However, challenges such as small object sizes, ambiguous features, and limited generalization make it difficult for current methods to achieve this goal. In this work, we propose ROS-SAM, a method designed to achieve high-quality interactive segmentation while preserving generalization across diverse remote sensing data. The ROS-SAM is built upon three key innovations: 1) LoRA-based fine-tuning, which enables efficient domain adaptation while maintaining SAM's generalization ability, 2) Enhancement of deep network layers to improve the discriminability of extracted features, thereby reducing misclassifications, and 3) Integration of global context with local boundary details in the mask decoder to generate high-quality segmentation masks. Additionally, we design the data pipeline to ensure the model learns to better handle objects at varying scales during training while focusing on high-quality predictions during inference. Experiments on remote sensing video datasets show that the redesigned data pipeline boosts the IoU by 6%, while ROS-SAM increases the IoU by 13%. Finally, when evaluated on existing remote sensing object tracking datasets, ROS-SAM demonstrates impressive zero-shot capabilities, generating masks that closely resemble manual annotations. These results confirm ROS-SAM as a powerful tool for fine-grained segmentation in remote sensing applications. Code is available at https://github.com/ShanZard/ROS-SAM.",http://arxiv.org/abs/2503.12006v1,https://arxiv.org/pdf/2503.12006v1,Accepted to CVPR 2025
Towards Better Alignment: Training Diffusion Models with Reinforcement Learning Against Sparse Rewards,Zijing Hu; Fengda Zhang; Long Chen; Kun Kuang; Jiahui Li; Kaifeng Gao; Jun Xiao; Xin Wang; Wenwu Zhu,CVPR,2,0,0,2503.11240,"Diffusion models have achieved remarkable success in text-to-image generation. However, their practical applications are hindered by the misalignment between generated images and corresponding text prompts. To tackle this issue, reinforcement learning (RL) has been considered for diffusion model fine-tuning. Yet, RL's effectiveness is limited by the challenge of sparse reward, where feedback is only available at the end of the generation process. This makes it difficult to identify which actions during the denoising process contribute positively to the final generated image, potentially leading to ineffective or unnecessary denoising policies. To this end, this paper presents a novel RL-based framework that addresses the sparse reward problem when training diffusion models. Our framework, named $\text{B}^2\text{-DiffuRL}$, employs two strategies: \textbf{B}ackward progressive training and \textbf{B}ranch-based sampling. For one thing, backward progressive training focuses initially on the final timesteps of denoising process and gradually extends the training interval to earlier timesteps, easing the learning difficulty from sparse rewards. For another, we perform branch-based sampling for each training interval. By comparing the samples within the same branch, we can identify how much the policies of the current training interval contribute to the final image, which helps to learn effective policies instead of unnecessary ones. $\text{B}^2\text{-DiffuRL}$ is compatible with existing optimization algorithms. Extensive experiments demonstrate the effectiveness of $\text{B}^2\text{-DiffuRL}$ in improving prompt-image alignment and maintaining diversity in generated images. The code for this work is available.",http://arxiv.org/abs/2503.11240v2,https://arxiv.org/pdf/2503.11240v2,"Accepted to CVPR 2025, add references"
Toward Generalized Image Quality Assessment: Relaxing the Perfect Reference Quality Assumption,Du Chen; Tianhe Wu; Kede Ma; Lei Zhang,CVPR,2,0,0,2503.11221,"Full-reference image quality assessment (FR-IQA) generally assumes that reference images are of perfect quality. However, this assumption is flawed due to the sensor and optical limitations of modern imaging systems. Moreover, recent generative enhancement methods are capable of producing images of higher quality than their original. All of these challenge the effectiveness and applicability of current FR-IQA models. To relax the assumption of perfect reference image quality, we build a large-scale IQA database, namely DiffIQA, containing approximately 180,000 images generated by a diffusion-based image enhancer with adjustable hyper-parameters. Each image is annotated by human subjects as either worse, similar, or better quality compared to its reference. Building on this, we present a generalized FR-IQA model, namely Adaptive Fidelity-Naturalness Evaluator (A-FINE), to accurately assess and adaptively combine the fidelity and naturalness of a test image. A-FINE aligns well with standard FR-IQA when the reference image is much more natural than the test image. We demonstrate by extensive experiments that A-FINE surpasses standard FR-IQA models on well-established IQA datasets and our newly created DiffIQA. To further validate A-FINE, we additionally construct a super-resolution IQA benchmark (SRIQA-Bench), encompassing test images derived from ten state-of-the-art SR methods with reliable human quality annotations. Tests on SRIQA-Bench re-affirm the advantages of A-FINE. The code and dataset are available at https://tianhewu.github.io/A-FINE-page.github.io/.",http://arxiv.org/abs/2503.11221v2,https://arxiv.org/pdf/2503.11221v2,Accepted by CVPR 2025
GaussianIP: Identity-Preserving Realistic 3D Human Generation via Human-Centric Diffusion Prior,Zichen Tang; Yuan Yao; Miaomiao Cui; Liefeng Bo; Hongyu Yang,CVPR,2,0,0,2503.11143,"Text-guided 3D human generation has advanced with the development of efficient 3D representations and 2D-lifting methods like Score Distillation Sampling (SDS). However, current methods suffer from prolonged training times and often produce results that lack fine facial and garment details. In this paper, we propose GaussianIP, an effective two-stage framework for generating identity-preserving realistic 3D humans from text and image prompts. Our core insight is to leverage human-centric knowledge to facilitate the generation process. In stage 1, we propose a novel Adaptive Human Distillation Sampling (AHDS) method to rapidly generate a 3D human that maintains high identity consistency with the image prompt and achieves a realistic appearance. Compared to traditional SDS methods, AHDS better aligns with the human-centric generation process, enhancing visual quality with notably fewer training steps. To further improve the visual quality of the face and clothes regions, we design a View-Consistent Refinement (VCR) strategy in stage 2. Specifically, it produces detail-enhanced results of the multi-view images from stage 1 iteratively, ensuring the 3D texture consistency across views via mutual attention and distance-guided attention fusion. Then a polished version of the 3D human can be achieved by directly perform reconstruction with the refined images. Extensive experiments demonstrate that GaussianIP outperforms existing methods in both visual quality and training efficiency, particularly in generating identity-preserving results. Our code is available at: https://github.com/silence-tang/GaussianIP.",http://arxiv.org/abs/2503.11143v1,https://arxiv.org/pdf/2503.11143v1,Accepted by CVPR 2025
Minding Fuzzy Regions: A Data-driven Alternating Learning Paradigm for Stable Lesion Segmentation,Lexin Fang; Yunyang Xu; Xiang Ma; Xuemei Li; Caiming Zhang,CVPR,2,0,0,2503.11140,"Deep learning has achieved significant advancements in medical image segmentation, but existing models still face challenges in accurately segmenting lesion regions. The main reason is that some lesion regions in medical images have unclear boundaries, irregular shapes, and small tissue density differences, leading to label ambiguity. However, the existing model treats all data equally without taking quality differences into account in the training process, resulting in noisy labels negatively impacting model training and unstable feature representations. In this paper, a data-driven alternating learning (DALE) paradigm is proposed to optimize the model's training process, achieving stable and high-precision segmentation. The paradigm focuses on two key points: (1) reducing the impact of noisy labels, and (2) calibrating unstable representations. To mitigate the negative impact of noisy labels, a loss consistency-based collaborative optimization method is proposed, and its effectiveness is theoretically demonstrated. Specifically, the label confidence parameters are introduced to dynamically adjust the influence of labels of different confidence levels during model training, thus reducing the influence of noise labels. To calibrate the learning bias of unstable representations, a distribution alignment method is proposed. This method restores the underlying distribution of unstable representations, thereby enhancing the discriminative capability of fuzzy region representations. Extensive experiments on various benchmarks and model backbones demonstrate the superiority of the DALE paradigm, achieving an average performance improvement of up to 7.16%.",http://arxiv.org/abs/2503.11140v1,https://arxiv.org/pdf/2503.11140v1,"10 pages, 11 figures, accepted by CVPR 2025"
DriveGEN: Generalized and Robust 3D Detection in Driving via Controllable Text-to-Image Diffusion Generation,Hongbin Lin; Zilu Guo; Yifan Zhang; Shuaicheng Niu; Yafeng Li; Ruimao Zhang; Shuguang Cui; Zhen Li,CVPR,2,0,0,2503.11122,"In autonomous driving, vision-centric 3D detection aims to identify 3D objects from images. However, high data collection costs and diverse real-world scenarios limit the scale of training data. Once distribution shifts occur between training and test data, existing methods often suffer from performance degradation, known as Out-of-Distribution (OOD) problems. To address this, controllable Text-to-Image (T2I) diffusion offers a potential solution for training data enhancement, which is required to generate diverse OOD scenarios with precise 3D object geometry. Nevertheless, existing controllable T2I approaches are restricted by the limited scale of training data or struggle to preserve all annotated 3D objects. In this paper, we present DriveGEN, a method designed to improve the robustness of 3D detectors in Driving via Training-Free Controllable Text-to-Image Diffusion Generation. Without extra diffusion model training, DriveGEN consistently preserves objects with precise 3D geometry across diverse OOD generations, consisting of 2 stages: 1) Self-Prototype Extraction: We empirically find that self-attention features are semantic-aware but require accurate region selection for 3D objects. Thus, we extract precise object features via layouts to capture 3D object geometry, termed self-prototypes. 2) Prototype-Guided Diffusion: To preserve objects across various OOD scenarios, we perform semantic-aware feature alignment and shallow feature alignment during denoising. Extensive experiments demonstrate the effectiveness of DriveGEN in improving 3D detection. The code is available at https://github.com/Hongbin98/DriveGEN.",http://arxiv.org/abs/2503.11122v1,https://arxiv.org/pdf/2503.11122v1,Accepted by CVPR 2025
Weakly Supervised Contrastive Adversarial Training for Learning Robust Features from Semi-supervised Data,Lilin Zhang; Chengpei Wu; Ning Yang,CVPR,2,0,0,2503.11032,"Existing adversarial training (AT) methods often suffer from incomplete perturbation, meaning that not all non-robust features are perturbed when generating adversarial examples (AEs). This results in residual correlations between non-robust features and labels, leading to suboptimal learning of robust features. However, achieving complete perturbation, i.e., perturbing as many non-robust features as possible, is challenging due to the difficulty in distinguishing robust and non-robust features and the sparsity of labeled data. To address these challenges, we propose a novel approach called Weakly Supervised Contrastive Adversarial Training (WSCAT). WSCAT ensures complete perturbation for improved learning of robust features by disrupting correlations between non-robust features and labels through complete AE generation over partially labeled data, grounded in information theory. Extensive theoretical analysis and comprehensive experiments on widely adopted benchmarks validate the superiority of WSCAT. Our code is available at https://github.com/zhang-lilin/WSCAT.",http://arxiv.org/abs/2503.11032v2,https://arxiv.org/pdf/2503.11032v2,This paper has been accepted by CVPR 2025
Trajectory Mamba: Efficient Attention-Mamba Forecasting Model Based on Selective SSM,Yizhou Huang; Yihua Cheng; Kezhi Wang,CVPR,2,0,0,2503.10898,"Motion prediction is crucial for autonomous driving, as it enables accurate forecasting of future vehicle trajectories based on historical inputs. This paper introduces Trajectory Mamba, a novel efficient trajectory prediction framework based on the selective state-space model (SSM). Conventional attention-based models face the challenge of computational costs that grow quadratically with the number of targets, hindering their application in highly dynamic environments. In response, we leverage the SSM to redesign the self-attention mechanism in the encoder-decoder architecture, thereby achieving linear time complexity. To address the potential reduction in prediction accuracy resulting from modifications to the attention mechanism, we propose a joint polyline encoding strategy to better capture the associations between static and dynamic contexts, ultimately enhancing prediction accuracy. Additionally, to balance prediction accuracy and inference speed, we adopted the decoder that differs entirely from the encoder. Through cross-state space attention, all target agents share the scene context, allowing the SSM to interact with the shared scene representation during decoding, thus inferring different trajectories over the next prediction steps. Our model achieves state-of-the-art results in terms of inference speed and parameter efficiency on both the Argoverse 1 and Argoverse 2 datasets. It demonstrates a four-fold reduction in FLOPs compared to existing methods and reduces parameter count by over 40% while surpassing the performance of the vast majority of previous methods. These findings validate the effectiveness of Trajectory Mamba in trajectory prediction tasks.",http://arxiv.org/abs/2503.10898v1,https://arxiv.org/pdf/2503.10898v1,Accepted by CVPR 2025
Panopticon: Advancing Any-Sensor Foundation Models for Earth Observation,Leonard Waldmann; Ando Shah; Yi Wang; Nils Lehmann; Adam J. Stewart; Zhitong Xiong; Xiao Xiang Zhu; Stefan Bauer; John Chuang,CVPR,2,0,0,2503.10845,"Earth observation (EO) data features diverse sensing platforms with varying spectral bands, spatial resolutions, and sensing modalities. While most prior work has constrained inputs to fixed sensors, a new class of any-sensor foundation models able to process arbitrary sensors has recently emerged. Contributing to this line of work, we propose Panopticon, an any-sensor foundation model built on the DINOv2 framework. We extend DINOv2 by (1) treating images of the same geolocation across sensors as natural augmentations, (2) subsampling channels to diversify spectral input, and (3) adding a cross attention over channels as a flexible patch embedding mechanism. By encoding the wavelength and modes of optical and synthetic aperture radar sensors, respectively, Panopticon can effectively process any combination of arbitrary channels. In extensive evaluations, we achieve state-of-the-art performance on GEO-Bench, especially on the widely-used Sentinel-1 and Sentinel-2 sensors, while out-competing other any-sensor models, as well as domain adapted fixed-sensor models on unique sensor configurations. Panopticon enables immediate generalization to both existing and future satellite platforms, advancing sensor-agnostic EO.",http://arxiv.org/abs/2503.10845v2,https://arxiv.org/pdf/2503.10845v2,First two authors contributed equally. Code is available at: https://github.com/Panopticon-FM/panopticon. Accepted to CVPR 2025
UniGoal: Towards Universal Zero-shot Goal-oriented Navigation,Hang Yin; Xiuwei Xu; Lingqing Zhao; Ziwei Wang; Jie Zhou; Jiwen Lu,CVPR,2,0,0,2503.10630,"In this paper, we propose a general framework for universal zero-shot goal-oriented navigation. Existing zero-shot methods build inference framework upon large language models (LLM) for specific tasks, which differs a lot in overall pipeline and fails to generalize across different types of goal. Towards the aim of universal zero-shot navigation, we propose a uniform graph representation to unify different goals, including object category, instance image and text description. We also convert the observation of agent into an online maintained scene graph. With this consistent scene and goal representation, we preserve most structural information compared with pure text and are able to leverage LLM for explicit graph-based reasoning. Specifically, we conduct graph matching between the scene graph and goal graph at each time instant and propose different strategies to generate long-term goal of exploration according to different matching states. The agent first iteratively searches subgraph of goal when zero-matched. With partial matching, the agent then utilizes coordinate projection and anchor pair alignment to infer the goal location. Finally scene graph correction and goal verification are applied for perfect matching. We also present a blacklist mechanism to enable robust switch between stages. Extensive experiments on several benchmarks show that our UniGoal achieves state-of-the-art zero-shot performance on three studied navigation tasks with a single model, even outperforming task-specific zero-shot methods and supervised universal methods.",http://arxiv.org/abs/2503.10630v3,https://arxiv.org/pdf/2503.10630v3,Accepted to CVPR 2025. Project page: https://bagh2178.github.io/UniGoal/
Spatial-Temporal Graph Diffusion Policy with Kinematic Modeling for Bimanual Robotic Manipulation,Qi Lv; Hao Li; Xiang Deng; Rui Shao; Yinchuan Li; Jianye Hao; Longxiang Gao; Michael Yu Wang; Liqiang Nie,CVPR,2,0,0,2503.10743,"Despite the significant success of imitation learning in robotic manipulation, its application to bimanual tasks remains highly challenging. Existing approaches mainly learn a policy to predict a distant next-best end-effector pose (NBP) and then compute the corresponding joint rotation angles for motion using inverse kinematics. However, they suffer from two important issues: (1) rarely considering the physical robotic structure, which may cause self-collisions or interferences, and (2) overlooking the kinematics constraint, which may result in the predicted poses not conforming to the actual limitations of the robot joints. In this paper, we propose Kinematics enhanced Spatial-TemporAl gRaph Diffuser (KStar Diffuser). Specifically, (1) to incorporate the physical robot structure information into action prediction, KStar Diffuser maintains a dynamic spatial-temporal graph according to the physical bimanual joint motions at continuous timesteps. This dynamic graph serves as the robot-structure condition for denoising the actions; (2) to make the NBP learning objective consistent with kinematics, we introduce the differentiable kinematics to provide the reference for optimizing KStar Diffuser. This module regularizes the policy to predict more reliable and kinematics-aware next end-effector poses. Experimental results show that our method effectively leverages the physical structural information and generates kinematics-aware actions in both simulation and real-world",http://arxiv.org/abs/2503.10743v1,https://arxiv.org/pdf/2503.10743v1,Accepted by CVPR 2025
Subnet-Aware Dynamic Supernet Training for Neural Architecture Search,Jeimin Jeon; Youngmin Oh; Junghyup Lee; Donghyeon Baek; Dohyung Kim; Chanho Eom; Bumsub Ham,CVPR,2,0,0,2503.10740,"N-shot neural architecture search (NAS) exploits a supernet containing all candidate subnets for a given search space. The subnets are typically trained with a static training strategy (e.g., using the same learning rate (LR) scheduler and optimizer for all subnets). This, however, does not consider that individual subnets have distinct characteristics, leading to two problems: (1) The supernet training is biased towards the low-complexity subnets (unfairness); (2) the momentum update in the supernet is noisy (noisy momentum). We present a dynamic supernet training technique to address these problems by adjusting the training strategy adaptive to the subnets. Specifically, we introduce a complexity-aware LR scheduler (CaLR) that controls the decay ratio of LR adaptive to the complexities of subnets, which alleviates the unfairness problem. We also present a momentum separation technique (MS). It groups the subnets with similar structural characteristics and uses a separate momentum for each group, avoiding the noisy momentum problem. Our approach can be applicable to various N-shot NAS methods with marginal cost, while improving the search performance drastically. We validate the effectiveness of our approach on various search spaces (e.g., NAS-Bench-201, Mobilenet spaces) and datasets (e.g., CIFAR-10/100, ImageNet).",http://arxiv.org/abs/2503.10740v1,https://arxiv.org/pdf/2503.10740v1,Accepted to CVPR 2025
NeighborRetr: Balancing Hub Centrality in Cross-Modal Retrieval,Zengrong Lin; Zheng Wang; Tianwen Qian; Pan Mu; Sixian Chan; Cong Bai,CVPR,2,0,0,2503.10526,"Cross-modal retrieval aims to bridge the semantic gap between different modalities, such as visual and textual data, enabling accurate retrieval across them. Despite significant advancements with models like CLIP that align cross-modal representations, a persistent challenge remains: the hubness problem, where a small subset of samples (hubs) dominate as nearest neighbors, leading to biased representations and degraded retrieval accuracy. Existing methods often mitigate hubness through post-hoc normalization techniques, relying on prior data distributions that may not be practical in real-world scenarios. In this paper, we directly mitigate hubness during training and introduce NeighborRetr, a novel method that effectively balances the learning of hubs and adaptively adjusts the relations of various kinds of neighbors. Our approach not only mitigates the hubness problem but also enhances retrieval performance, achieving state-of-the-art results on multiple cross-modal retrieval benchmarks. Furthermore, NeighborRetr demonstrates robust generalization to new domains with substantial distribution shifts, highlighting its effectiveness in real-world applications. We make our code publicly available at: https://github.com/zzezze/NeighborRetr .",http://arxiv.org/abs/2503.10526v1,https://arxiv.org/pdf/2503.10526v1,"Accepted at CVPR 2025, 18 pages, 7 figures, 13 tables"
ConceptGuard: Continual Personalized Text-to-Image Generation with Forgetting and Confusion Mitigation,Zirun Guo; Tao Jin,CVPR,2,0,0,2503.10358,"Diffusion customization methods have achieved impressive results with only a minimal number of user-provided images. However, existing approaches customize concepts collectively, whereas real-world applications often require sequential concept integration. This sequential nature can lead to catastrophic forgetting, where previously learned concepts are lost. In this paper, we investigate concept forgetting and concept confusion in the continual customization. To tackle these challenges, we present ConceptGuard, a comprehensive approach that combines shift embedding, concept-binding prompts and memory preservation regularization, supplemented by a priority queue which can adaptively update the importance and occurrence order of different concepts. These strategies can dynamically update, unbind and learn the relationship of the previous concepts, thus alleviating concept forgetting and confusion. Through comprehensive experiments, we show that our approach outperforms all the baseline methods consistently and significantly in both quantitative and qualitative analyses.",http://arxiv.org/abs/2503.10358v1,https://arxiv.org/pdf/2503.10358v1,Accepted at CVPR 2025
Unlocking Generalization Power in LiDAR Point Cloud Registration,Zhenxuan Zeng; Qiao Wu; Xiyu Zhang; Lin Yuanbo Wu; Pei An; Jiaqi Yang; Ji Wang; Peng Wang,CVPR,2,0,0,2503.10149,"In real-world environments, a LiDAR point cloud registration method with robust generalization capabilities (across varying distances and datasets) is crucial for ensuring safety in autonomous driving and other LiDAR-based applications. However, current methods fall short in achieving this level of generalization. To address these limitations, we propose UGP, a pruned framework designed to enhance generalization power for LiDAR point cloud registration. The core insight in UGP is the elimination of cross-attention mechanisms to improve generalization, allowing the network to concentrate on intra-frame feature extraction. Additionally, we introduce a progressive self-attention module to reduce ambiguity in large-scale scenes and integrate Bird's Eye View (BEV) features to incorporate semantic information about scene elements. Together, these enhancements significantly boost the network's generalization performance. We validated our approach through various generalization experiments in multiple outdoor scenes. In cross-distance generalization experiments on KITTI and nuScenes, UGP achieved state-of-the-art mean Registration Recall rates of 94.5% and 91.4%, respectively. In cross-dataset generalization from nuScenes to KITTI, UGP achieved a state-of-the-art mean Registration Recall of 90.9%. Code will be available at https://github.com/peakpang/UGP.",http://arxiv.org/abs/2503.10149v1,https://arxiv.org/pdf/2503.10149v1,Accepted by CVPR 2025
GaussHDR: High Dynamic Range Gaussian Splatting via Learning Unified 3D and 2D Local Tone Mapping,Jinfeng Liu; Lingtong Kong; Bo Li; Dan Xu,CVPR,2,0,0,2503.10143,"High dynamic range (HDR) novel view synthesis (NVS) aims to reconstruct HDR scenes by leveraging multi-view low dynamic range (LDR) images captured at different exposure levels. Current training paradigms with 3D tone mapping often result in unstable HDR reconstruction, while training with 2D tone mapping reduces the model's capacity to fit LDR images. Additionally, the global tone mapper used in existing methods can impede the learning of both HDR and LDR representations. To address these challenges, we present GaussHDR, which unifies 3D and 2D local tone mapping through 3D Gaussian splatting. Specifically, we design a residual local tone mapper for both 3D and 2D tone mapping that accepts an additional context feature as input. We then propose combining the dual LDR rendering results from both 3D and 2D local tone mapping at the loss level. Finally, recognizing that different scenes may exhibit varying balances between the dual results, we introduce uncertainty learning and use the uncertainties for adaptive modulation. Extensive experiments demonstrate that GaussHDR significantly outperforms state-of-the-art methods in both synthetic and real-world scenarios.",http://arxiv.org/abs/2503.10143v1,https://arxiv.org/pdf/2503.10143v1,This paper is accepted by CVPR 2025. Project page is available at https://liujf1226.github.io/GaussHDR
MetricGrids: Arbitrary Nonlinear Approximation with Elementary Metric Grids based Implicit Neural Representation,Shu Wang; Yanbo Gao; Shuai Li; Chong Lv; Xun Cai; Chuankun Li; Hui Yuan; Jinglin Zhang,CVPR,2,0,0,2503.10000,"This paper presents MetricGrids, a novel grid-based neural representation that combines elementary metric grids in various metric spaces to approximate complex nonlinear signals. While grid-based representations are widely adopted for their efficiency and scalability, the existing feature grids with linear indexing for continuous-space points can only provide degenerate linear latent space representations, and such representations cannot be adequately compensated to represent complex nonlinear signals by the following compact decoder. To address this problem while keeping the simplicity of a regular grid structure, our approach builds upon the standard grid-based paradigm by constructing multiple elementary metric grids as high-order terms to approximate complex nonlinearities, following the Taylor expansion principle. Furthermore, we enhance model compactness with hash encoding based on different sparsities of the grids to prevent detrimental hash collisions, and a high-order extrapolation decoder to reduce explicit grid storage requirements. experimental results on both 2D and 3D reconstructions demonstrate the superior fitting and rendering accuracy of the proposed method across diverse signal types, validating its robustness and generalizability. Code is available at https://github.com/wangshu31/MetricGrids}{https://github.com/wangshu31/MetricGrids.",http://arxiv.org/abs/2503.10000v1,https://arxiv.org/pdf/2503.10000v1,accepted by CVPR 2025
Channel-wise Noise Scheduled Diffusion for Inverse Rendering in Indoor Scenes,JunYong Choi; Min-Cheol Sagong; SeokYeong Lee; Seung-Won Jung; Ig-Jae Kim; Junghyun Cho,CVPR,2,0,0,2503.09993,"We propose a diffusion-based inverse rendering framework that decomposes a single RGB image into geometry, material, and lighting. Inverse rendering is inherently ill-posed, making it difficult to predict a single accurate solution. To address this challenge, recent generative model-based methods aim to present a range of possible solutions. However, finding a single accurate solution and generating diverse solutions can be conflicting. In this paper, we propose a channel-wise noise scheduling approach that allows a single diffusion model architecture to achieve two conflicting objectives. The resulting two diffusion models, trained with different channel-wise noise schedules, can predict a single highly accurate solution and present multiple possible solutions. The experimental results demonstrate the superiority of our two models in terms of both diversity and accuracy, which translates to enhanced performance in downstream applications such as object insertion and material editing.",http://arxiv.org/abs/2503.09993v1,https://arxiv.org/pdf/2503.09993v1,Accepted by CVPR 2025
MoFlow: One-Step Flow Matching for Human Trajectory Forecasting via Implicit Maximum Likelihood Estimation based Distillation,Yuxiang Fu; Qi Yan; Lele Wang; Ke Li; Renjie Liao,CVPR,2,0,0,2503.09950,"In this paper, we address the problem of human trajectory forecasting, which aims to predict the inherently multi-modal future movements of humans based on their past trajectories and other contextual cues. We propose a novel motion prediction conditional flow matching model, termed MoFlow, to predict K-shot future trajectories for all agents in a given scene. We design a novel flow matching loss function that not only ensures at least one of the $K$ sets of future trajectories is accurate but also encourages all $K$ sets of future trajectories to be diverse and plausible. Furthermore, by leveraging the implicit maximum likelihood estimation (IMLE), we propose a novel distillation method for flow models that only requires samples from the teacher model. Extensive experiments on the real-world datasets, including SportVU NBA games, ETH-UCY, and SDD, demonstrate that both our teacher flow model and the IMLE-distilled student model achieve state-of-the-art performance. These models can generate diverse trajectories that are physically and socially plausible. Moreover, our one-step student model is $\textbf{100}$ times faster than the teacher flow model during sampling. The code, model, and data are available at our project page: https://moflow-imle.github.io",http://arxiv.org/abs/2503.09950v1,https://arxiv.org/pdf/2503.09950v1,Accepted to CVPR 2025
BIMBA: Selective-Scan Compression for Long-Range Video Question Answering,Md Mohaiminul Islam; Tushar Nagarajan; Huiyu Wang; Gedas Bertasius; Lorenzo Torresani,CVPR,2,0,0,2503.09590,"Video Question Answering (VQA) in long videos poses the key challenge of extracting relevant information and modeling long-range dependencies from many redundant frames. The self-attention mechanism provides a general solution for sequence modeling, but it has a prohibitive cost when applied to a massive number of spatiotemporal tokens in long videos. Most prior methods rely on compression strategies to lower the computational cost, such as reducing the input length via sparse frame sampling or compressing the output sequence passed to the large language model (LLM) via space-time pooling. However, these naive approaches over-represent redundant information and often miss salient events or fast-occurring space-time patterns. In this work, we introduce BIMBA, an efficient state-space model to handle long-form videos. Our model leverages the selective scan algorithm to learn to effectively select critical information from high-dimensional video and transform it into a reduced token sequence for efficient LLM processing. Extensive experiments demonstrate that BIMBA achieves state-of-the-art accuracy on multiple long-form VQA benchmarks, including PerceptionTest, NExT-QA, EgoSchema, VNBench, LongVideoBench, and Video-MME. Code, and models are publicly available at https://sites.google.com/view/bimba-mllm.",http://arxiv.org/abs/2503.09590v2,https://arxiv.org/pdf/2503.09590v2,Accepted by CVPR 2025
Electromyography-Informed Facial Expression Reconstruction for Physiological-Based Synthesis and Analysis,Tim Büchner; Christoph Anders; Orlando Guntinas-Lichius; Joachim Denzler,CVPR,2,0,0,2503.09556,"The relationship between muscle activity and resulting facial expressions is crucial for various fields, including psychology, medicine, and entertainment. The synchronous recording of facial mimicry and muscular activity via surface electromyography (sEMG) provides a unique window into these complex dynamics. Unfortunately, existing methods for facial analysis cannot handle electrode occlusion, rendering them ineffective. Even with occlusion-free reference images of the same person, variations in expression intensity and execution are unmatchable. Our electromyography-informed facial expression reconstruction (EIFER) approach is a novel method to restore faces under sEMG occlusion faithfully in an adversarial manner. We decouple facial geometry and visual appearance (e.g., skin texture, lighting, electrodes) by combining a 3D Morphable Model (3DMM) with neural unpaired image-to-image translation via reference recordings. Then, EIFER learns a bidirectional mapping between 3DMM expression parameters and muscle activity, establishing correspondence between the two domains. We validate the effectiveness of our approach through experiments on a dataset of synchronized sEMG recordings and facial mimicry, demonstrating faithful geometry and appearance reconstruction. Further, we synthesize expressions based on muscle activity and how observed expressions can predict dynamic muscle activity. Consequently, EIFER introduces a new paradigm for facial electromyography, which could be extended to other forms of multi-modal face recordings.",http://arxiv.org/abs/2503.09556v1,https://arxiv.org/pdf/2503.09556v1,"Accepted at CVPR 2025, 41 pages, 37 figures, 8 tables"
DAMM-Diffusion: Learning Divergence-Aware Multi-Modal Diffusion Model for Nanoparticles Distribution Prediction,Junjie Zhou; Shouju Wang; Yuxia Tang; Qi Zhu; Daoqiang Zhang; Wei Shao,CVPR,2,0,0,2503.09491,"The prediction of nanoparticles (NPs) distribution is crucial for the diagnosis and treatment of tumors. Recent studies indicate that the heterogeneity of tumor microenvironment (TME) highly affects the distribution of NPs across tumors. Hence, it has become a research hotspot to generate the NPs distribution by the aid of multi-modal TME components. However, the distribution divergence among multi-modal TME components may cause side effects i.e., the best uni-modal model may outperform the joint generative model. To address the above issues, we propose a \textbf{D}ivergence-\textbf{A}ware \textbf{M}ulti-\textbf{M}odal \textbf{Diffusion} model (i.e., \textbf{DAMM-Diffusion}) to adaptively generate the prediction results from uni-modal and multi-modal branches in a unified network. In detail, the uni-modal branch is composed of the U-Net architecture while the multi-modal branch extends it by introducing two novel fusion modules i.e., Multi-Modal Fusion Module (MMFM) and Uncertainty-Aware Fusion Module (UAFM). Specifically, the MMFM is proposed to fuse features from multiple modalities, while the UAFM module is introduced to learn the uncertainty map for cross-attention computation. Following the individual prediction results from each branch, the Divergence-Aware Multi-Modal Predictor (DAMMP) module is proposed to assess the consistency of multi-modal data with the uncertainty map, which determines whether the final prediction results come from multi-modal or uni-modal predictions. We predict the NPs distribution given the TME components of tumor vessels and cell nuclei, and the experimental results show that DAMM-Diffusion can generate the distribution of NPs with higher accuracy than the comparing methods. Additional results on the multi-modal brain image synthesis task further validate the effectiveness of the proposed method.",http://arxiv.org/abs/2503.09491v1,https://arxiv.org/pdf/2503.09491v1,Accepted by CVPR 2025
Project-Probe-Aggregate: Efficient Fine-Tuning for Group Robustness,Beier Zhu; Jiequan Cui; Hanwang Zhang; Chi Zhang,CVPR,2,0,0,2503.09487,"While image-text foundation models have succeeded across diverse downstream tasks, they still face challenges in the presence of spurious correlations between the input and label. To address this issue, we propose a simple three-step approach,Project-Probe-Aggregate (PPA), that enables parameter-efficient fine-tuning for foundation models without relying on group annotations. Building upon the failure-based debiasing scheme, our method, PPA, improves its two key components: minority samples identification and the robust training algorithm. Specifically, we first train biased classifiers by projecting image features onto the nullspace of class proxies from text encoders. Next, we infer group labels using the biased classifier and probe group targets with prior correction. Finally, we aggregate group weights of each class to produce the debiased classifier. Our theoretical analysis shows that our PPA enhances minority group identification and is Bayes optimal for minimizing the balanced group error, mitigating spurious correlations. Extensive experimental results confirm the effectiveness of our PPA: it outperforms the state-of-the-art by an average worst-group accuracy while requiring less than 0.01% tunable parameters without training group labels.",http://arxiv.org/abs/2503.09487v3,https://arxiv.org/pdf/2503.09487v3,Accepted by CVPR 2025
VLog: Video-Language Models by Generative Retrieval of Narration Vocabulary,Kevin Qinghong Lin; Mike Zheng Shou,CVPR,2,0,0,2503.09402,"Human daily activities can be concisely narrated as sequences of routine events (e.g., turning off an alarm) in video streams, forming an event vocabulary. Motivated by this, we introduce VLog, a novel video understanding framework that define video narrations as vocabulary, going beyond the typical subword vocabularies in existing generative video-language models. Built on the lightweight language model GPT-2, VLog feature three key innovations: (i) A generative retrieval model, marrying language model's complex reasoning capabilities with contrastive retrieval's flexible upgrading over narration vocabulary. (ii) A hierarchical vocabulary derived from large-scale video narrations using our narration pair encoding algorithm, enabling efficient indexing of specific events (e.g., cutting a tomato) by identifying broader scenarios (e.g., kitchen) with expressive postfixes (e.g., by the left hand). (iii) A vocabulary update strategy leveraging generative models to extend the vocabulary for novel events encountered during inference. To validate our approach, we introduce VidCap-Eval, a development set requiring concise narrations with reasoning relationships (e.g., before and after). Experiments on EgoSchema, COIN, and HiREST further demonstrate the effectiveness of VLog, highlighting its ability to generate concise, contextually accurate, and efficient narrations, offering a novel perspective on video understanding. Codes are released at https://github.com/showlab/VLog.",http://arxiv.org/abs/2503.09402v2,https://arxiv.org/pdf/2503.09402v2,Accepted by CVPR 2025. Github: https://github.com/showlab/VLog
Bayesian Test-Time Adaptation for Vision-Language Models,Lihua Zhou; Mao Ye; Shuaifeng Li; Nianxin Li; Xiatian Zhu; Lei Deng; Hongbin Liu; Zhen Lei,CVPR,2,0,0,2503.09248,"Test-time adaptation with pre-trained vision-language models, such as CLIP, aims to adapt the model to new, potentially out-of-distribution test data. Existing methods calculate the similarity between visual embedding and learnable class embeddings, which are initialized by text embeddings, for zero-shot image classification. In this work, we first analyze this process based on Bayes theorem, and observe that the core factors influencing the final prediction are the likelihood and the prior. However, existing methods essentially focus on adapting class embeddings to adapt likelihood, but they often ignore the importance of prior. To address this gap, we propose a novel approach, \textbf{B}ayesian \textbf{C}lass \textbf{A}daptation (BCA), which in addition to continuously updating class embeddings to adapt likelihood, also uses the posterior of incoming samples to continuously update the prior for each class embedding. This dual updating mechanism allows the model to better adapt to distribution shifts and achieve higher prediction accuracy. Our method not only surpasses existing approaches in terms of performance metrics but also maintains superior inference rates and memory usage, making it highly efficient and practical for real-world applications.",http://arxiv.org/abs/2503.09248v2,https://arxiv.org/pdf/2503.09248v2,Accepted to CVPR 2025
Training Data Provenance Verification: Did Your Model Use Synthetic Data from My Generative Model for Training?,Yuechen Xie; Jie Song; Huiqiong Wang; Mingli Song,CVPR,2,0,0,2503.09122,"High-quality open-source text-to-image models have lowered the threshold for obtaining photorealistic images significantly, but also face potential risks of misuse. Specifically, suspects may use synthetic data generated by these generative models to train models for specific tasks without permission, when lacking real data resources especially. Protecting these generative models is crucial for the well-being of their owners. In this work, we propose the first method to this important yet unresolved issue, called Training data Provenance Verification (TrainProVe). The rationale behind TrainProVe is grounded in the principle of generalization error bound, which suggests that, for two models with the same task, if the distance between their training data distributions is smaller, their generalization ability will be closer. We validate the efficacy of TrainProVe across four text-to-image models (Stable Diffusion v1.4, latent consistency model, PixArt-$α$, and Stable Cascade). The results show that TrainProVe achieves a verification accuracy of over 99\% in determining the provenance of suspicious model training data, surpassing all previous methods. Code is available at https://github.com/xieyc99/TrainProVe.",http://arxiv.org/abs/2503.09122v1,https://arxiv.org/pdf/2503.09122v1,Accepted by CVPR 2025
GBlobs: Explicit Local Structure via Gaussian Blobs for Improved Cross-Domain LiDAR-based 3D Object Detection,Dušan Malić; Christian Fruhwirth-Reisinger; Samuel Schulter; Horst Possegger,CVPR,2,0,0,2503.08639,"LiDAR-based 3D detectors need large datasets for training, yet they struggle to generalize to novel domains. Domain Generalization (DG) aims to mitigate this by training detectors that are invariant to such domain shifts. Current DG approaches exclusively rely on global geometric features (point cloud Cartesian coordinates) as input features. Over-reliance on these global geometric features can, however, cause 3D detectors to prioritize object location and absolute position, resulting in poor cross-domain performance. To mitigate this, we propose to exploit explicit local point cloud structure for DG, in particular by encoding point cloud neighborhoods with Gaussian blobs, GBlobs. Our proposed formulation is highly efficient and requires no additional parameters. Without any bells and whistles, simply by integrating GBlobs in existing detectors, we beat the current state-of-the-art in challenging single-source DG benchmarks by over 21 mAP (Waymo->KITTI), 13 mAP (KITTI->Waymo), and 12 mAP (nuScenes->KITTI), without sacrificing in-domain performance. Additionally, GBlobs demonstrate exceptional performance in multi-source DG, surpassing the current state-of-the-art by 17, 12, and 5 mAP on Waymo, KITTI, and ONCE, respectively.",http://arxiv.org/abs/2503.08639v1,https://arxiv.org/pdf/2503.08639v1,Accepted at CVPR 2025
LiSu: A Dataset and Method for LiDAR Surface Normal Estimation,Dušan Malić; Christian Fruhwirth-Reisinger; Samuel Schulter; Horst Possegger,CVPR,2,0,0,2503.08601,"While surface normals are widely used to analyse 3D scene geometry, surface normal estimation from LiDAR point clouds remains severely underexplored. This is caused by the lack of large-scale annotated datasets on the one hand, and lack of methods that can robustly handle the sparse and often noisy LiDAR data in a reasonable time on the other hand. We address these limitations using a traffic simulation engine and present LiSu, the first large-scale, synthetic LiDAR point cloud dataset with ground truth surface normal annotations, eliminating the need for tedious manual labeling. Additionally, we propose a novel method that exploits the spatiotemporal characteristics of autonomous driving data to enhance surface normal estimation accuracy. By incorporating two regularization terms, we enforce spatial consistency among neighboring points and temporal smoothness across consecutive LiDAR frames. These regularizers are particularly effective in self-training settings, where they mitigate the impact of noisy pseudo-labels, enabling robust real-world deployment. We demonstrate the effectiveness of our method on LiSu, achieving state-of-the-art performance in LiDAR surface normal estimation. Moreover, we showcase its full potential in addressing the challenging task of synthetic-to-real domain adaptation, leading to improved neural surface reconstruction on real-world data.",http://arxiv.org/abs/2503.08601v1,https://arxiv.org/pdf/2503.08601v1,Accepted at CVPR 2025
MMRL: Multi-Modal Representation Learning for Vision-Language Models,Yuncheng Guo; Xiaodong Gu,CVPR,2,0,0,2503.08497,"Large-scale pre-trained Vision-Language Models (VLMs) have become essential for transfer learning across diverse tasks. However, adapting these models with limited few-shot data often leads to overfitting, diminishing their performance on new tasks. To tackle this issue, we propose a novel Multi-Modal Representation Learning (MMRL) framework that introduces a shared, learnable, and modality-agnostic representation space. MMRL projects the space tokens to text and image representation tokens, facilitating more effective multi-modal interactions. Unlike previous approaches that solely optimize class token features, MMRL integrates representation tokens at higher layers of the encoders--where dataset-specific features are more prominent--while preserving generalized knowledge in the lower layers. During training, both representation and class features are optimized, with trainable projection layer applied to the representation tokens, whereas the class token projection layer remains frozen to retain pre-trained knowledge. Furthermore, a regularization term is introduced to align the class features and text features with the zero-shot features from the frozen VLM, thereby safeguarding the model's generalization capacity. For inference, a decoupling strategy is employed, wherein both representation and class features are utilized for base classes, while only the class features, which retain more generalized knowledge, are used for new tasks. Extensive experiments across 15 datasets demonstrate that MMRL outperforms state-of-the-art methods, achieving a balanced trade-off between task-specific adaptation and generalization. Code is available at https://github.com/yunncheng/MMRL.",http://arxiv.org/abs/2503.08497v2,https://arxiv.org/pdf/2503.08497v2,Accepted by CVPR 2025
Mitigating Ambiguities in 3D Classification with Gaussian Splatting,Ruiqi Zhang; Hao Zhu; Jingyi Zhao; Qi Zhang; Xun Cao; Zhan Ma,CVPR,2,0,0,2503.08352,"3D classification with point cloud input is a fundamental problem in 3D vision. However, due to the discrete nature and the insufficient material description of point cloud representations, there are ambiguities in distinguishing wire-like and flat surfaces, as well as transparent or reflective objects. To address these issues, we propose Gaussian Splatting (GS) point cloud-based 3D classification. We find that the scale and rotation coefficients in the GS point cloud help characterize surface types. Specifically, wire-like surfaces consist of multiple slender Gaussian ellipsoids, while flat surfaces are composed of a few flat Gaussian ellipsoids. Additionally, the opacity in the GS point cloud represents the transparency characteristics of objects. As a result, ambiguities in point cloud-based 3D classification can be mitigated utilizing GS point cloud as input. To verify the effectiveness of GS point cloud input, we construct the first real-world GS point cloud dataset in the community, which includes 20 categories with 200 objects in each category. Experiments not only validate the superiority of GS point cloud input, especially in distinguishing ambiguous objects, but also demonstrate the generalization ability across different classification methods.",http://arxiv.org/abs/2503.08352v2,https://arxiv.org/pdf/2503.08352v2,Accepted by CVPR 2025
DexGrasp Anything: Towards Universal Robotic Dexterous Grasping with Physics Awareness,Yiming Zhong; Qi Jiang; Jingyi Yu; Yuexin Ma,CVPR,2,0,0,2503.08257,"A dexterous hand capable of grasping any object is essential for the development of general-purpose embodied intelligent robots. However, due to the high degree of freedom in dexterous hands and the vast diversity of objects, generating high-quality, usable grasping poses in a robust manner is a significant challenge. In this paper, we introduce DexGrasp Anything, a method that effectively integrates physical constraints into both the training and sampling phases of a diffusion-based generative model, achieving state-of-the-art performance across nearly all open datasets. Additionally, we present a new dexterous grasping dataset containing over 3.4 million diverse grasping poses for more than 15k different objects, demonstrating its potential to advance universal dexterous grasping. The code of our method and our dataset will be publicly released soon.",http://arxiv.org/abs/2503.08257v2,https://arxiv.org/pdf/2503.08257v2,Accepted by CVPR 2025
HRAvatar: High-Quality and Relightable Gaussian Head Avatar,Dongbin Zhang; Yunfei Liu; Lijian Lin; Ye Zhu; Kangjie Chen; Minghan Qin; Yu Li; Haoqian Wang,CVPR,2,0,0,2503.08224,"Reconstructing animatable and high-quality 3D head avatars from monocular videos, especially with realistic relighting, is a valuable task. However, the limited information from single-view input, combined with the complex head poses and facial movements, makes this challenging. Previous methods achieve real-time performance by combining 3D Gaussian Splatting with a parametric head model, but the resulting head quality suffers from inaccurate face tracking and limited expressiveness of the deformation model. These methods also fail to produce realistic effects under novel lighting conditions. To address these issues, we propose HRAvatar, a 3DGS-based method that reconstructs high-fidelity, relightable 3D head avatars. HRAvatar reduces tracking errors through end-to-end optimization and better captures individual facial deformations using learnable blendshapes and learnable linear blend skinning. Additionally, it decomposes head appearance into several physical properties and incorporates physically-based shading to account for environmental lighting. Extensive experiments demonstrate that HRAvatar not only reconstructs superior-quality heads but also achieves realistic visual effects under varying lighting conditions.",http://arxiv.org/abs/2503.08224v2,https://arxiv.org/pdf/2503.08224v2,"Accepted to CVPR 2025,Project page: https://eastbeanzhang.github.io/HRAvatar"
HOTFormerLoc: Hierarchical Octree Transformer for Versatile Lidar Place Recognition Across Ground and Aerial Views,Ethan Griffiths; Maryam Haghighat; Simon Denman; Clinton Fookes; Milad Ramezani,CVPR,2,0,0,2503.08140,"We present HOTFormerLoc, a novel and versatile Hierarchical Octree-based TransFormer, for large-scale 3D place recognition in both ground-to-ground and ground-to-aerial scenarios across urban and forest environments. We propose an octree-based multi-scale attention mechanism that captures spatial and semantic features across granularities. To address the variable density of point distributions from spinning lidar, we present cylindrical octree attention windows to reflect the underlying distribution during attention. We introduce relay tokens to enable efficient global-local interactions and multi-scale representation learning at reduced computational cost. Our pyramid attentional pooling then synthesises a robust global descriptor for end-to-end place recognition in challenging environments. In addition, we introduce CS-Wild-Places, a novel 3D cross-source dataset featuring point cloud data from aerial and ground lidar scans captured in dense forests. Point clouds in CS-Wild-Places contain representational gaps and distinctive attributes such as varying point densities and noise patterns, making it a challenging benchmark for cross-view localisation in the wild. HOTFormerLoc achieves a top-1 average recall improvement of 5.5% - 11.5% on the CS-Wild-Places benchmark. Furthermore, it consistently outperforms SOTA 3D place recognition methods, with an average performance gain of 4.9% on well-established urban and forest datasets. The code and CS-Wild-Places benchmark is available at https://csiro-robotics.github.io/HOTFormerLoc.",http://arxiv.org/abs/2503.08140v2,https://arxiv.org/pdf/2503.08140v2,"16 pages, 13 figures, 10 tables, Accepted to CVPR 2025"
"Filter Images First, Generate Instructions Later: Pre-Instruction Data Selection for Visual Instruction Tuning",Bardia Safaei; Faizan Siddiqui; Jiacong Xu; Vishal M. Patel; Shao-Yuan Lo,CVPR,2,0,0,2503.07591,"Visual instruction tuning (VIT) for large vision-language models (LVLMs) requires training on expansive datasets of image-instruction pairs, which can be costly. Recent efforts in VIT data selection aim to select a small subset of high-quality image-instruction pairs, reducing VIT runtime while maintaining performance comparable to full-scale training. However, a major challenge often overlooked is that generating instructions from unlabeled images for VIT is highly expensive. Most existing VIT datasets rely heavily on human annotations or paid services like the GPT API, which limits users with constrained resources from creating VIT datasets for custom applications. To address this, we introduce Pre-Instruction Data Selection (PreSel), a more practical data selection paradigm that directly selects the most beneficial unlabeled images and generates instructions only for the selected images. PreSel first estimates the relative importance of each vision task within VIT datasets to derive task-wise sampling budgets. It then clusters image features within each task, selecting the most representative images with the budget. This approach reduces computational overhead for both instruction generation during VIT data formation and LVLM fine-tuning. By generating instructions for only 15% of the images, PreSel achieves performance comparable to full-data VIT on the LLaVA-1.5 and Vision-Flan datasets. The link to our project page: https://bardisafa.github.io/PreSel",http://arxiv.org/abs/2503.07591v2,https://arxiv.org/pdf/2503.07591v2,Accepted at CVPR 2025 (Highlight)
SOGS: Second-Order Anchor for Advanced 3D Gaussian Splatting,Jiahui Zhang; Fangneng Zhan; Ling Shao; Shijian Lu,CVPR,2,0,0,2503.07476,"Anchor-based 3D Gaussian splatting (3D-GS) exploits anchor features in 3D Gaussian prediction, which has achieved impressive 3D rendering quality with reduced Gaussian redundancy. On the other hand, it often encounters the dilemma among anchor features, model size, and rendering quality - large anchor features lead to large 3D models and high-quality rendering whereas reducing anchor features degrades Gaussian attribute prediction which leads to clear artifacts in the rendered textures and geometries. We design SOGS, an anchor-based 3D-GS technique that introduces second-order anchors to achieve superior rendering quality and reduced anchor features and model size simultaneously. Specifically, SOGS incorporates covariance-based second-order statistics and correlation across feature dimensions to augment features within each anchor, compensating for the reduced feature size and improving rendering quality effectively. In addition, it introduces a selective gradient loss to enhance the optimization of scene textures and scene geometries, leading to high-quality rendering with small anchor features. Extensive experiments over multiple widely adopted benchmarks show that SOGS achieves superior rendering quality in novel view synthesis with clearly reduced model size.",http://arxiv.org/abs/2503.07476v1,https://arxiv.org/pdf/2503.07476v1,Accepted by CVPR 2025
AR-Diffusion: Asynchronous Video Generation with Auto-Regressive Diffusion,Mingzhen Sun; Weining Wang; Gen Li; Jiawei Liu; Jiahui Sun; Wanquan Feng; Shanshan Lao; SiYu Zhou; Qian He; Jing Liu,CVPR,2,0,0,2503.07418,"The task of video generation requires synthesizing visually realistic and temporally coherent video frames. Existing methods primarily use asynchronous auto-regressive models or synchronous diffusion models to address this challenge. However, asynchronous auto-regressive models often suffer from inconsistencies between training and inference, leading to issues such as error accumulation, while synchronous diffusion models are limited by their reliance on rigid sequence length. To address these issues, we introduce Auto-Regressive Diffusion (AR-Diffusion), a novel model that combines the strengths of auto-regressive and diffusion models for flexible, asynchronous video generation. Specifically, our approach leverages diffusion to gradually corrupt video frames in both training and inference, reducing the discrepancy between these phases. Inspired by auto-regressive generation, we incorporate a non-decreasing constraint on the corruption timesteps of individual frames, ensuring that earlier frames remain clearer than subsequent ones. This setup, together with temporal causal attention, enables flexible generation of videos with varying lengths while preserving temporal coherence. In addition, we design two specialized timestep schedulers: the FoPP scheduler for balanced timestep sampling during training, and the AD scheduler for flexible timestep differences during inference, supporting both synchronous and asynchronous generation. Extensive experiments demonstrate the superiority of our proposed method, which achieves competitive and state-of-the-art results across four challenging benchmarks.",http://arxiv.org/abs/2503.07418v1,https://arxiv.org/pdf/2503.07418v1,Accepted by CVPR 2025
VidBot: Learning Generalizable 3D Actions from In-the-Wild 2D Human Videos for Zero-Shot Robotic Manipulation,Hanzhi Chen; Boyang Sun; Anran Zhang; Marc Pollefeys; Stefan Leutenegger,CVPR,2,0,0,2503.07135,"Future robots are envisioned as versatile systems capable of performing a variety of household tasks. The big question remains, how can we bridge the embodiment gap while minimizing physical robot learning, which fundamentally does not scale well. We argue that learning from in-the-wild human videos offers a promising solution for robotic manipulation tasks, as vast amounts of relevant data already exist on the internet. In this work, we present VidBot, a framework enabling zero-shot robotic manipulation using learned 3D affordance from in-the-wild monocular RGB-only human videos. VidBot leverages a pipeline to extract explicit representations from them, namely 3D hand trajectories from videos, combining a depth foundation model with structure-from-motion techniques to reconstruct temporally consistent, metric-scale 3D affordance representations agnostic to embodiments. We introduce a coarse-to-fine affordance learning model that first identifies coarse actions from the pixel space and then generates fine-grained interaction trajectories with a diffusion model, conditioned on coarse actions and guided by test-time constraints for context-aware interaction planning, enabling substantial generalization to novel scenes and embodiments. Extensive experiments demonstrate the efficacy of VidBot, which significantly outperforms counterparts across 13 manipulation tasks in zero-shot settings and can be seamlessly deployed across robot systems in real-world environments. VidBot paves the way for leveraging everyday human videos to make robot learning more scalable.",http://arxiv.org/abs/2503.07135v2,https://arxiv.org/pdf/2503.07135v2,Accepted to CVPR 2025
Erase Diffusion: Empowering Object Removal Through Calibrating Diffusion Pathways,Yi Liu; Hao Zhou; Wenxiang Shang; Ran Lin; Benlei Cui,CVPR,2,0,0,2503.07026,"Erase inpainting, or object removal, aims to precisely remove target objects within masked regions while preserving the overall consistency of the surrounding content. Despite diffusion-based methods have made significant strides in the field of image inpainting, challenges remain regarding the emergence of unexpected objects or artifacts. We assert that the inexact diffusion pathways established by existing standard optimization paradigms constrain the efficacy of object removal. To tackle these challenges, we propose a novel Erase Diffusion, termed EraDiff, aimed at unleashing the potential power of standard diffusion in the context of object removal. In contrast to standard diffusion, the EraDiff adapts both the optimization paradigm and the network to improve the coherence and elimination of the erasure results. We first introduce a Chain-Rectifying Optimization (CRO) paradigm, a sophisticated diffusion process specifically designed to align with the objectives of erasure. This paradigm establishes innovative diffusion transition pathways that simulate the gradual elimination of objects during optimization, allowing the model to accurately capture the intent of object removal. Furthermore, to mitigate deviations caused by artifacts during the sampling pathways, we develop a simple yet effective Self-Rectifying Attention (SRA) mechanism. The SRA calibrates the sampling pathways by altering self-attention activation, allowing the model to effectively bypass artifacts while further enhancing the coherence of the generated content. With this design, our proposed EraDiff achieves state-of-the-art performance on the OpenImages V5 dataset and demonstrates significant superiority in real-world scenarios.",http://arxiv.org/abs/2503.07026v1,https://arxiv.org/pdf/2503.07026v1,accepted by CVPR 2025
A Data-Centric Revisit of Pre-Trained Vision Models for Robot Learning,Xin Wen; Bingchen Zhao; Yilun Chen; Jiangmiao Pang; Xiaojuan Qi,CVPR,2,0,0,2503.06960,"Pre-trained vision models (PVMs) are fundamental to modern robotics, yet their optimal configuration remains unclear. Through systematic evaluation, we find that while DINO and iBOT outperform MAE across visuomotor control and perception tasks, they struggle when trained on non-(single-)object-centric (NOC) data--a limitation strongly correlated with their diminished ability to learn object-centric representations. This investigation indicates that the ability to form object-centric representations from the non-object-centric robotics dataset is the key to success for PVMs. Motivated by this discovery, we designed SlotMIM, a method that induces object-centric representations by introducing a semantic bottleneck to reduce the number of prototypes to encourage the emergence of objectness as well as cross-view consistency regularization for encouraging multiview invariance. Our experiments encompass pre-training on object-centric, scene-centric, web-crawled, and ego-centric data. Across all settings, our approach learns transferrable representations and achieves significant improvements over prior work in image recognition, scene understanding, and robot learning evaluations. When scaled up with million-scale datasets, our method also demonstrates superior data efficiency and scalability. Our code and models are publicly available at https://github.com/CVMI-Lab/SlotMIM.",http://arxiv.org/abs/2503.06960v2,https://arxiv.org/pdf/2503.06960v2,Accepted by CVPR 2025
DirectTriGS: Triplane-based Gaussian Splatting Field Representation for 3D Generation,Xiaoliang Ju; Hongsheng Li,CVPR,2,0,0,2503.06900,"We present DirectTriGS, a novel framework designed for 3D object generation with Gaussian Splatting (GS). GS-based rendering for 3D content has gained considerable attention recently. However, there has been limited exploration in directly generating 3D Gaussians compared to traditional generative modeling approaches. The main challenge lies in the complex data structure of GS represented by discrete point clouds with multiple channels. To overcome this challenge, we propose employing the triplane representation, which allows us to represent Gaussian Splatting as an image-like continuous field. This representation effectively encodes both the geometry and texture information, enabling smooth transformation back to Gaussian point clouds and rendering into images by a TriRenderer, with only 2D supervisions. The proposed TriRenderer is fully differentiable, so that the rendering loss can supervise both texture and geometry encoding. Furthermore, the triplane representation can be compressed using a Variational Autoencoder (VAE), which can subsequently be utilized in latent diffusion to generate 3D objects. The experiments demonstrate that the proposed generation framework can produce high-quality 3D object geometry and rendering results in the text-to-3D task.",http://arxiv.org/abs/2503.06900v1,https://arxiv.org/pdf/2503.06900v1,Accepted by CVPR 2025
STiL: Semi-supervised Tabular-Image Learning for Comprehensive Task-Relevant Information Exploration in Multimodal Classification,Siyi Du; Xinzhe Luo; Declan P. O'Regan; Chen Qin,CVPR,2,0,0,2503.06277,"Multimodal image-tabular learning is gaining attention, yet it faces challenges due to limited labeled data. While earlier work has applied self-supervised learning (SSL) to unlabeled data, its task-agnostic nature often results in learning suboptimal features for downstream tasks. Semi-supervised learning (SemiSL), which combines labeled and unlabeled data, offers a promising solution. However, existing multimodal SemiSL methods typically focus on unimodal or modality-shared features, ignoring valuable task-relevant modality-specific information, leading to a Modality Information Gap. In this paper, we propose STiL, a novel SemiSL tabular-image framework that addresses this gap by comprehensively exploring task-relevant information. STiL features a new disentangled contrastive consistency module to learn cross-modal invariant representations of shared information while retaining modality-specific information via disentanglement. We also propose a novel consensus-guided pseudo-labeling strategy to generate reliable pseudo-labels based on classifier consensus, along with a new prototype-guided label smoothing technique to refine pseudo-label quality with prototype embeddings, thereby enhancing task-relevant information learning in unlabeled data. Experiments on natural and medical image datasets show that STiL outperforms the state-of-the-art supervised/SSL/SemiSL image/multimodal approaches. Our code is available at https://github.com/siyi-wind/STiL.",http://arxiv.org/abs/2503.06277v3,https://arxiv.org/pdf/2503.06277v3,"16 pages (including 5 pages of supplementary materials), accepted by CVPR 2025"
AIM-Fair: Advancing Algorithmic Fairness via Selectively Fine-Tuning Biased Models with Contextual Synthetic Data,Zengqun Zhao; Ziquan Liu; Yu Cao; Shaogang Gong; Ioannis Patras,CVPR,2,0,0,2503.05665,"Recent advances in generative models have sparked research on improving model fairness with AI-generated data. However, existing methods often face limitations in the diversity and quality of synthetic data, leading to compromised fairness and overall model accuracy. Moreover, many approaches rely on the availability of demographic group labels, which are often costly to annotate. This paper proposes AIM-Fair, aiming to overcome these limitations and harness the potential of cutting-edge generative models in promoting algorithmic fairness. We investigate a fine-tuning paradigm starting from a biased model initially trained on real-world data without demographic annotations. This model is then fine-tuned using unbiased synthetic data generated by a state-of-the-art diffusion model to improve its fairness. Two key challenges are identified in this fine-tuning paradigm, 1) the low quality of synthetic data, which can still happen even with advanced generative models, and 2) the domain and bias gap between real and synthetic data. To address the limitation of synthetic data quality, we propose Contextual Synthetic Data Generation (CSDG) to generate data using a text-to-image diffusion model (T2I) with prompts generated by a context-aware LLM, ensuring both data diversity and control of bias in synthetic data. To resolve domain and bias shifts, we introduce a novel selective fine-tuning scheme in which only model parameters more sensitive to bias and less sensitive to domain shift are updated. Experiments on CelebA and UTKFace datasets show that our AIM-Fair improves model fairness while maintaining utility, outperforming both fully and partially fine-tuned approaches to model fairness.",http://arxiv.org/abs/2503.05665v1,https://arxiv.org/pdf/2503.05665v1,Accepted at CVPR 2025. Github: https://github.com/zengqunzhao/AIM-Fair. Project page: https://zengqunzhao.github.io/AIMFair
Narrating the Video: Boosting Text-Video Retrieval via Comprehensive Utilization of Frame-Level Captions,Chan Hur; Jeong-hun Hong; Dong-hun Lee; Dabin Kang; Semin Myeong; Sang-hyo Park; Hyeyoung Park,CVPR,2,0,0,2503.05186,"In recent text-video retrieval, the use of additional captions from vision-language models has shown promising effects on the performance. However, existing models using additional captions often have struggled to capture the rich semantics, including temporal changes, inherent in the video. In addition, incorrect information caused by generative models can lead to inaccurate retrieval. To address these issues, we propose a new framework, Narrating the Video (NarVid), which strategically leverages the comprehensive information available from frame-level captions, the narration. The proposed NarVid exploits narration in multiple ways: 1) feature enhancement through cross-modal interactions between narration and video, 2) query-aware adaptive filtering to suppress irrelevant or incorrect information, 3) dual-modal matching score by adding query-video similarity and query-narration similarity, and 4) hard-negative loss to learn discriminative features from multiple perspectives using the two similarities from different views. Experimental results demonstrate that NarVid achieves state-of-the-art performance on various benchmark datasets.",http://arxiv.org/abs/2503.05186v4,https://arxiv.org/pdf/2503.05186v4,Accepted at CVPR 2025
Floxels: Fast Unsupervised Voxel Based Scene Flow Estimation,David T. Hoffmann; Syed Haseeb Raza; Hanqiu Jiang; Denis Tananaev; Steffen Klingenhoefer; Martin Meinke,CVPR,2,0,0,2503.04718,"Scene flow estimation is a foundational task for many robotic applications, including robust dynamic object detection, automatic labeling, and sensor synchronization. Two types of approaches to the problem have evolved: 1) Supervised and 2) optimization-based methods. Supervised methods are fast during inference and achieve high-quality results, however, they are limited by the need for large amounts of labeled training data and are susceptible to domain gaps. In contrast, unsupervised test-time optimization methods do not face the problem of domain gaps but usually suffer from substantial runtime, exhibit artifacts, or fail to converge to the right solution. In this work, we mitigate several limitations of existing optimization-based methods. To this end, we 1) introduce a simple voxel grid-based model that improves over the standard MLP-based formulation in multiple dimensions and 2) introduce a new multiframe loss formulation. 3) We combine both contributions in our new method, termed Floxels. On the Argoverse 2 benchmark, Floxels is surpassed only by EulerFlow among unsupervised methods while achieving comparable performance at a fraction of the computational cost. Floxels achieves a massive speedup of more than ~60 - 140x over EulerFlow, reducing the runtime from a day to 10 minutes per sequence. Over the faster but low-quality baseline, NSFP, Floxels achieves a speedup of ~14x.",http://arxiv.org/abs/2503.04718v2,https://arxiv.org/pdf/2503.04718v2,Accepted at CVPR 2025
Enhancing SAM with Efficient Prompting and Preference Optimization for Semi-supervised Medical Image Segmentation,Aishik Konwer; Zhijian Yang; Erhan Bas; Cao Xiao; Prateek Prasanna; Parminder Bhatia; Taha Kass-Hout,CVPR,2,0,0,2503.04639,"Foundational models such as the Segment Anything Model (SAM) are gaining traction in medical imaging segmentation, supporting multiple downstream tasks. However, such models are supervised in nature, still relying on large annotated datasets or prompts supplied by experts. Conventional techniques such as active learning to alleviate such limitations are limited in scope and still necessitate continuous human involvement and complex domain knowledge for label refinement or establishing reward ground truth. To address these challenges, we propose an enhanced Segment Anything Model (SAM) framework that utilizes annotation-efficient prompts generated in a fully unsupervised fashion, while still capturing essential semantic, location, and shape information through contrastive language-image pretraining and visual question answering. We adopt the direct preference optimization technique to design an optimal policy that enables the model to generate high-fidelity segmentations with simple ratings or rankings provided by a virtual annotator simulating the human annotation process. State-of-the-art performance of our framework in tasks such as lung segmentation, breast tumor segmentation, and organ segmentation across various modalities, including X-ray, ultrasound, and abdominal CT, justifies its effectiveness in low-annotation data scenarios.",http://arxiv.org/abs/2503.04639v1,https://arxiv.org/pdf/2503.04639v1,Accepted to CVPR 2025
Omnidirectional Multi-Object Tracking,Kai Luo; Hao Shi; Sheng Wu; Fei Teng; Mengfei Duan; Chang Huang; Yuhang Wang; Kaiwei Wang; Kailun Yang,CVPR,2,0,0,2503.04565,"Panoramic imagery, with its 360° field of view, offers comprehensive information to support Multi-Object Tracking (MOT) in capturing spatial and temporal relationships of surrounding objects. However, most MOT algorithms are tailored for pinhole images with limited views, impairing their effectiveness in panoramic settings. Additionally, panoramic image distortions, such as resolution loss, geometric deformation, and uneven lighting, hinder direct adaptation of existing MOT methods, leading to significant performance degradation. To address these challenges, we propose OmniTrack, an omnidirectional MOT framework that incorporates Tracklet Management to introduce temporal cues, FlexiTrack Instances for object localization and association, and the CircularStatE Module to alleviate image and geometric distortions. This integration enables tracking in panoramic field-of-view scenarios, even under rapid sensor motion. To mitigate the lack of panoramic MOT datasets, we introduce the QuadTrack dataset--a comprehensive panoramic dataset collected by a quadruped robot, featuring diverse challenges such as panoramic fields of view, intense motion, and complex environments. Extensive experiments on the public JRDB dataset and the newly introduced QuadTrack benchmark demonstrate the state-of-the-art performance of the proposed framework. OmniTrack achieves a HOTA score of 26.92% on JRDB, representing an improvement of 3.43%, and further achieves 23.45% on QuadTrack, surpassing the baseline by 6.81%. The established dataset and source code are available at https://github.com/xifen523/OmniTrack.",http://arxiv.org/abs/2503.04565v2,https://arxiv.org/pdf/2503.04565v2,Accepted to CVPR 2025. The established dataset and source code are available at https://github.com/xifen523/OmniTrack
IMFine: 3D Inpainting via Geometry-guided Multi-view Refinement,Zhihao Shi; Dong Huo; Yuhongze Zhou; Kejia Yin; Yan Min; Juwei Lu; Xinxin Zuo,CVPR,2,0,0,2503.04501,"Current 3D inpainting and object removal methods are largely limited to front-facing scenes, facing substantial challenges when applied to diverse, ""unconstrained"" scenes where the camera orientation and trajectory are unrestricted. To bridge this gap, we introduce a novel approach that produces inpainted 3D scenes with consistent visual quality and coherent underlying geometry across both front-facing and unconstrained scenes. Specifically, we propose a robust 3D inpainting pipeline that incorporates geometric priors and a multi-view refinement network trained via test-time adaptation, building on a pre-trained image inpainting model. Additionally, we develop a novel inpainting mask detection technique to derive targeted inpainting masks from object masks, boosting the performance in handling unconstrained scenes. To validate the efficacy of our approach, we create a challenging and diverse benchmark that spans a wide range of scenes. Comprehensive experiments demonstrate that our proposed method substantially outperforms existing state-of-the-art approaches.",http://arxiv.org/abs/2503.04501v1,https://arxiv.org/pdf/2503.04501v1,"Accepted at CVPR 2025, \href{https://xinxinzuo2353.github.io/imfine/}{Project Page}"
Synthetic Data is an Elegant GIFT for Continual Vision-Language Models,Bin Wu; Wuxuan Shi; Jinqiao Wang; Mang Ye,CVPR,2,0,0,2503.04229,"Pre-trained Vision-Language Models (VLMs) require Continual Learning (CL) to efficiently update their knowledge and adapt to various downstream tasks without retraining from scratch. However, for VLMs, in addition to the loss of knowledge previously learned from downstream tasks, pre-training knowledge is also corrupted during continual fine-tuning. This issue is exacerbated by the unavailability of original pre-training data, leaving VLM's generalization ability degrading. In this paper, we propose GIFT, a novel continual fine-tuning approach that utilizes synthetic data to overcome catastrophic forgetting in VLMs. Taking advantage of recent advances in text-to-image synthesis, we employ a pre-trained diffusion model to recreate both pre-training and learned downstream task data. In this way, the VLM can revisit previous knowledge through distillation on matching diffusion-generated images and corresponding text prompts. Leveraging the broad distribution and high alignment between synthetic image-text pairs in VLM's feature space, we propose a contrastive distillation loss along with an image-text alignment constraint. To further combat in-distribution overfitting and enhance distillation performance with limited amount of generated data, we incorporate adaptive weight consolidation, utilizing Fisher information from these synthetic image-text pairs and achieving a better stability-plasticity balance. Extensive experiments demonstrate that our method consistently outperforms previous state-of-the-art approaches across various settings.",http://arxiv.org/abs/2503.04229v1,https://arxiv.org/pdf/2503.04229v1,This work is accepted by CVPR 2025. Modifications may be performed
Q-PART: Quasi-Periodic Adaptive Regression with Test-time Training for Pediatric Left Ventricular Ejection Fraction Regression,Jie Liu; Tiexin Qin; Hui Liu; Yilei Shi; Lichao Mou; Xiao Xiang Zhu; Shiqi Wang; Haoliang Li,CVPR,2,0,0,2503.04131,"In this work, we address the challenge of adaptive pediatric Left Ventricular Ejection Fraction (LVEF) assessment. While Test-time Training (TTT) approaches show promise for this task, they suffer from two significant limitations. Existing TTT works are primarily designed for classification tasks rather than continuous value regression, and they lack mechanisms to handle the quasi-periodic nature of cardiac signals. To tackle these issues, we propose a novel \textbf{Q}uasi-\textbf{P}eriodic \textbf{A}daptive \textbf{R}egression with \textbf{T}est-time Training (Q-PART) framework. In the training stage, the proposed Quasi-Period Network decomposes the echocardiogram into periodic and aperiodic components within latent space by combining parameterized helix trajectories with Neural Controlled Differential Equations. During inference, our framework further employs a variance minimization strategy across image augmentations that simulate common quality issues in echocardiogram acquisition, along with differential adaptation rates for periodic and aperiodic components. Theoretical analysis is provided to demonstrate that our variance minimization objective effectively bounds the regression error under mild conditions. Furthermore, extensive experiments across three pediatric age groups demonstrate that Q-PART not only significantly outperforms existing approaches in pediatric LVEF prediction, but also exhibits strong clinical screening capability with high mAUROC scores (up to 0.9747) and maintains gender-fair performance across all metrics, validating its robustness and practical utility in pediatric echocardiography analysis.",http://arxiv.org/abs/2503.04131v1,https://arxiv.org/pdf/2503.04131v1,Accepted to CVPR 2025
SCSA: A Plug-and-Play Semantic Continuous-Sparse Attention for Arbitrary Semantic Style Transfer,Chunnan Shang; Zhizhong Wang; Hongwei Wang; Xiangming Meng,CVPR,2,0,0,2503.04119,"Attention-based arbitrary style transfer methods, including CNN-based, Transformer-based, and Diffusion-based, have flourished and produced high-quality stylized images. However, they perform poorly on the content and style images with the same semantics, i.e., the style of the corresponding semantic region of the generated stylized image is inconsistent with that of the style image. We argue that the root cause lies in their failure to consider the relationship between local regions and semantic regions. To address this issue, we propose a plug-and-play semantic continuous-sparse attention, dubbed SCSA, for arbitrary semantic style transfer -- each query point considers certain key points in the corresponding semantic region. Specifically, semantic continuous attention ensures each query point fully attends to all the continuous key points in the same semantic region that reflect the overall style characteristics of that region; Semantic sparse attention allows each query point to focus on the most similar sparse key point in the same semantic region that exhibits the specific stylistic texture of that region. By combining the two modules, the resulting SCSA aligns the overall style of the corresponding semantic regions while transferring the vivid textures of these regions. Qualitative and quantitative results prove that SCSA enables attention-based arbitrary style transfer methods to produce high-quality semantic stylized images.",http://arxiv.org/abs/2503.04119v1,https://arxiv.org/pdf/2503.04119v1,Accepted by CVPR 2025
Self-Supervised Large Scale Point Cloud Completion for Archaeological Site Restoration,Aocheng Li; James R. Zimmer-Dauphinee; Rajesh Kalyanam; Ian Lindsay; Parker VanValkenburgh; Steven Wernke; Daniel Aliaga,CVPR,2,0,0,2503.04030,"Point cloud completion helps restore partial incomplete point clouds suffering occlusions. Current self-supervised methods fail to give high fidelity completion for large objects with missing surfaces and unbalanced distribution of available points. In this paper, we present a novel method for restoring large-scale point clouds with limited and imbalanced ground-truth. Using rough boundary annotations for a region of interest, we project the original point clouds into a multiple-center-of-projection (MCOP) image, where fragments are projected to images of 5 channels (RGB, depth, and rotation). Completion of the original point cloud is reduced to inpainting the missing pixels in the MCOP images. Due to lack of complete structures and an unbalanced distribution of existing parts, we develop a self-supervised scheme which learns to infill the MCOP image with points resembling existing ""complete"" patches. Special losses are applied to further enhance the regularity and consistency of completed MCOP images, which is mapped back to 3D to form final restoration. Extensive experiments demonstrate the superiority of our method in completing 600+ incomplete and unbalanced archaeological structures in Peru.",http://arxiv.org/abs/2503.04030v1,https://arxiv.org/pdf/2503.04030v1,Accepted at CVPR 2025
GEN3C: 3D-Informed World-Consistent Video Generation with Precise Camera Control,Xuanchi Ren; Tianchang Shen; Jiahui Huang; Huan Ling; Yifan Lu; Merlin Nimier-David; Thomas Müller; Alexander Keller; Sanja Fidler; Jun Gao,CVPR,2,0,0,2503.03751,"We present GEN3C, a generative video model with precise Camera Control and temporal 3D Consistency. Prior video models already generate realistic videos, but they tend to leverage little 3D information, leading to inconsistencies, such as objects popping in and out of existence. Camera control, if implemented at all, is imprecise, because camera parameters are mere inputs to the neural network which must then infer how the video depends on the camera. In contrast, GEN3C is guided by a 3D cache: point clouds obtained by predicting the pixel-wise depth of seed images or previously generated frames. When generating the next frames, GEN3C is conditioned on the 2D renderings of the 3D cache with the new camera trajectory provided by the user. Crucially, this means that GEN3C neither has to remember what it previously generated nor does it have to infer the image structure from the camera pose. The model, instead, can focus all its generative power on previously unobserved regions, as well as advancing the scene state to the next frame. Our results demonstrate more precise camera control than prior work, as well as state-of-the-art results in sparse-view novel view synthesis, even in challenging settings such as driving scenes and monocular dynamic video. Results are best viewed in videos. Check out our webpage! https://research.nvidia.com/labs/toronto-ai/GEN3C/",http://arxiv.org/abs/2503.03751v1,https://arxiv.org/pdf/2503.03751v1,To appear in CVPR 2025. Website: https://research.nvidia.com/labs/toronto-ai/GEN3C/
CLIP is Strong Enough to Fight Back: Test-time Counterattacks towards Zero-shot Adversarial Robustness of CLIP,Songlong Xing; Zhengyu Zhao; Nicu Sebe,CVPR,2,0,0,2503.03613,"Despite its prevalent use in image-text matching tasks in a zero-shot manner, CLIP has been shown to be highly vulnerable to adversarial perturbations added onto images. Recent studies propose to finetune the vision encoder of CLIP with adversarial samples generated on the fly, and show improved robustness against adversarial attacks on a spectrum of downstream datasets, a property termed as zero-shot robustness. In this paper, we show that malicious perturbations that seek to maximise the classification loss lead to `falsely stable' images, and propose to leverage the pre-trained vision encoder of CLIP to counterattack such adversarial images during inference to achieve robustness. Our paradigm is simple and training-free, providing the first method to defend CLIP from adversarial attacks at test time, which is orthogonal to existing methods aiming to boost zero-shot adversarial robustness of CLIP. We conduct experiments across 16 classification datasets, and demonstrate stable and consistent gains compared to test-time defence methods adapted from existing adversarial robustness studies that do not rely on external networks, without noticeably impairing performance on clean images. We also show that our paradigm can be employed on CLIP models that have been adversarially finetuned to further enhance their robustness at test time. Our code is available \href{https://github.com/Sxing2/CLIP-Test-time-Counterattacks}{here}.",http://arxiv.org/abs/2503.03613v1,https://arxiv.org/pdf/2503.03613v1,Accepted to CVPR 2025
CoSDH: Communication-Efficient Collaborative Perception via Supply-Demand Awareness and Intermediate-Late Hybridization,Junhao Xu; Yanan Zhang; Zhi Cai; Di Huang,CVPR,2,0,0,2503.03430,"Multi-agent collaborative perception enhances perceptual capabilities by utilizing information from multiple agents and is considered a fundamental solution to the problem of weak single-vehicle perception in autonomous driving. However, existing collaborative perception methods face a dilemma between communication efficiency and perception accuracy. To address this issue, we propose a novel communication-efficient collaborative perception framework based on supply-demand awareness and intermediate-late hybridization, dubbed as \mymethodname. By modeling the supply-demand relationship between agents, the framework refines the selection of collaboration regions, reducing unnecessary communication cost while maintaining accuracy. In addition, we innovatively introduce the intermediate-late hybrid collaboration mode, where late-stage collaboration compensates for the performance degradation in collaborative perception under low communication bandwidth. Extensive experiments on multiple datasets, including both simulated and real-world scenarios, demonstrate that \mymethodname~ achieves state-of-the-art detection accuracy and optimal bandwidth trade-offs, delivering superior detection precision under real communication bandwidths, thus proving its effectiveness and practical applicability. The code will be released at https://github.com/Xu2729/CoSDH.",http://arxiv.org/abs/2503.03430v1,https://arxiv.org/pdf/2503.03430v1,Accepted at CVPR 2025
Towards Effective and Sparse Adversarial Attack on Spiking Neural Networks via Breaking Invisible Surrogate Gradients,Li Lun; Kunyu Feng; Qinglong Ni; Ling Liang; Yuan Wang; Ying Li; Dunshan Yu; Xiaoxin Cui,CVPR,2,0,0,2503.03272,"Spiking neural networks (SNNs) have shown their competence in handling spatial-temporal event-based data with low energy consumption. Similar to conventional artificial neural networks (ANNs), SNNs are also vulnerable to gradient-based adversarial attacks, wherein gradients are calculated by spatial-temporal back-propagation (STBP) and surrogate gradients (SGs). However, the SGs may be invisible for an inference-only model as they do not influence the inference results, and current gradient-based attacks are ineffective for binary dynamic images captured by the dynamic vision sensor (DVS). While some approaches addressed the issue of invisible SGs through universal SGs, their SGs lack a correlation with the victim model, resulting in sub-optimal performance. Moreover, the imperceptibility of existing SNN-based binary attacks is still insufficient. In this paper, we introduce an innovative potential-dependent surrogate gradient (PDSG) method to establish a robust connection between the SG and the model, thereby enhancing the adaptability of adversarial attacks across various models with invisible SGs. Additionally, we propose the sparse dynamic attack (SDA) to effectively attack binary dynamic images. Utilizing a generation-reduction paradigm, SDA can fully optimize the sparsity of adversarial perturbations. Experimental results demonstrate that our PDSG and SDA outperform state-of-the-art SNN-based attacks across various models and datasets. Specifically, our PDSG achieves 100% attack success rate on ImageNet, and our SDA obtains 82% attack success rate by modifying only 0.24% of the pixels on CIFAR10DVS. The code is available at https://github.com/ryime/PDSG-SDA .",http://arxiv.org/abs/2503.03272v2,https://arxiv.org/pdf/2503.03272v2,Accepted by CVPR 2025
SpiritSight Agent: Advanced GUI Agent with One Look,Zhiyuan Huang; Ziming Cheng; Junting Pan; Zhaohui Hou; Mingjie Zhan,CVPR,2,0,0,2503.03196,"Graphical User Interface (GUI) agents show amazing abilities in assisting human-computer interaction, automating human user's navigation on digital devices. An ideal GUI agent is expected to achieve high accuracy, low latency, and compatibility for different GUI platforms. Recent vision-based approaches have shown promise by leveraging advanced Vision Language Models (VLMs). While they generally meet the requirements of compatibility and low latency, these vision-based GUI agents tend to have low accuracy due to their limitations in element grounding. To address this issue, we propose $\textbf{SpiritSight}$, a vision-based, end-to-end GUI agent that excels in GUI navigation tasks across various GUI platforms. First, we create a multi-level, large-scale, high-quality GUI dataset called $\textbf{GUI-Lasagne}$ using scalable methods, empowering SpiritSight with robust GUI understanding and grounding capabilities. Second, we introduce the $\textbf{Universal Block Parsing (UBP)}$ method to resolve the ambiguity problem in dynamic high-resolution of visual inputs, further enhancing SpiritSight's ability to ground GUI objects. Through these efforts, SpiritSight agent outperforms other advanced methods on diverse GUI benchmarks, demonstrating its superior capability and compatibility in GUI navigation tasks. Models and datasets are available at https://hzhiyuan.github.io/SpiritSight-Agent.",http://arxiv.org/abs/2503.03196v2,https://arxiv.org/pdf/2503.03196v2,Paper accepted to CVPR 2025
DSPNet: Dual-vision Scene Perception for Robust 3D Question Answering,Jingzhou Luo; Yang Liu; Weixing Chen; Zhen Li; Yaowei Wang; Guanbin Li; Liang Lin,CVPR,2,0,0,2503.03190,"3D Question Answering (3D QA) requires the model to comprehensively understand its situated 3D scene described by the text, then reason about its surrounding environment and answer a question under that situation. However, existing methods usually rely on global scene perception from pure 3D point clouds and overlook the importance of rich local texture details from multi-view images. Moreover, due to the inherent noise in camera poses and complex occlusions, there exists significant feature degradation and reduced feature robustness problems when aligning 3D point cloud with multi-view images. In this paper, we propose a Dual-vision Scene Perception Network (DSPNet), to comprehensively integrate multi-view and point cloud features to improve robustness in 3D QA. Our Text-guided Multi-view Fusion (TGMF) module prioritizes image views that closely match the semantic content of the text. To adaptively fuse back-projected multi-view images with point cloud features, we design the Adaptive Dual-vision Perception (ADVP) module, enhancing 3D scene comprehension. Additionally, our Multimodal Context-guided Reasoning (MCGR) module facilitates robust reasoning by integrating contextual information across visual and linguistic modalities. Experimental results on SQA3D and ScanQA datasets demonstrate the superiority of our DSPNet. Codes will be available at https://github.com/LZ-CH/DSPNet.",http://arxiv.org/abs/2503.03190v2,https://arxiv.org/pdf/2503.03190v2,Accepted by CVPR 2025
Temporal Separation with Entropy Regularization for Knowledge Distillation in Spiking Neural Networks,Kairong Yu; Chengting Yu; Tianqing Zhang; Xiaochen Zhao; Shu Yang; Hongwei Wang; Qiang Zhang; Qi Xu,CVPR,2,0,0,2503.03144,"Spiking Neural Networks (SNNs), inspired by the human brain, offer significant computational efficiency through discrete spike-based information transfer. Despite their potential to reduce inference energy consumption, a performance gap persists between SNNs and Artificial Neural Networks (ANNs), primarily due to current training methods and inherent model limitations. While recent research has aimed to enhance SNN learning by employing knowledge distillation (KD) from ANN teacher networks, traditional distillation techniques often overlook the distinctive spatiotemporal properties of SNNs, thus failing to fully leverage their advantages. To overcome these challenge, we propose a novel logit distillation method characterized by temporal separation and entropy regularization. This approach improves existing SNN distillation techniques by performing distillation learning on logits across different time steps, rather than merely on aggregated output features. Furthermore, the integration of entropy regularization stabilizes model optimization and further boosts the performance. Extensive experimental results indicate that our method surpasses prior SNN distillation strategies, whether based on logit distillation, feature distillation, or a combination of both. The code will be available on GitHub.",http://arxiv.org/abs/2503.03144v2,https://arxiv.org/pdf/2503.03144v2,Accepted by CVPR 2025
Cross-modal Causal Relation Alignment for Video Question Grounding,Weixing Chen; Yang Liu; Binglin Chen; Jiandong Su; Yongsen Zheng; Liang Lin,CVPR,2,0,0,2503.07635,"Video question grounding (VideoQG) requires models to answer the questions and simultaneously infer the relevant video segments to support the answers. However, existing VideoQG methods usually suffer from spurious cross-modal correlations, leading to a failure to identify the dominant visual scenes that align with the intended question. Moreover, vision-language models exhibit unfaithful generalization performance and lack robustness on challenging downstream tasks such as VideoQG. In this work, we propose a novel VideoQG framework named Cross-modal Causal Relation Alignment (CRA), to eliminate spurious correlations and improve the causal consistency between question-answering and video temporal grounding. Our CRA involves three essential components: i) Gaussian Smoothing Grounding (GSG) module for estimating the time interval via cross-modal attention, which is de-noised by an adaptive Gaussian filter, ii) Cross-Modal Alignment (CMA) enhances the performance of weakly supervised VideoQG by leveraging bidirectional contrastive learning between estimated video segments and QA features, iii) Explicit Causal Intervention (ECI) module for multimodal deconfounding, which involves front-door intervention for vision and back-door intervention for language. Extensive experiments on two VideoQG datasets demonstrate the superiority of our CRA in discovering visually grounded content and achieving robust question reasoning. Codes are available at https://github.com/WissingChen/CRA-GQA.",http://arxiv.org/abs/2503.07635v1,https://arxiv.org/pdf/2503.07635v1,Accepted by CVPR 2025
ReRAW: RGB-to-RAW Image Reconstruction via Stratified Sampling for Efficient Object Detection on the Edge,Radu Berdan; Beril Besbinar; Christoph Reinders; Junji Otsuka; Daisuke Iso,CVPR,2,0,0,2503.03782,"Edge-based computer vision models running on compact, resource-limited devices benefit greatly from using unprocessed, detail-rich RAW sensor data instead of processed RGB images. Training these models, however, necessitates large labeled RAW datasets, which are costly and often impractical to obtain. Thus, converting existing labeled RGB datasets into sensor-specific RAW images becomes crucial for effective model training. In this paper, we introduce ReRAW, an RGB-to-RAW conversion model that achieves state-of-the-art reconstruction performance across five diverse RAW datasets. This is accomplished through ReRAW's novel multi-head architecture predicting RAW image candidates in gamma space. The performance is further boosted by a stratified sampling-based training data selection heuristic, which helps the model better reconstruct brighter RAW pixels. We finally demonstrate that pretraining compact models on a combination of high-quality synthetic RAW datasets (such as generated by ReRAW) and ground-truth RAW images for downstream tasks like object detection, outperforms both standard RGB pipelines, and RAW fine-tuning of RGB-pretrained models for the same task.",http://arxiv.org/abs/2503.03782v1,https://arxiv.org/pdf/2503.03782v1,Accepted at CVPR 2025
STAA-SNN: Spatial-Temporal Attention Aggregator for Spiking Neural Networks,Tianqing Zhang; Kairong Yu; Xian Zhong; Hongwei Wang; Qi Xu; Qiang Zhang,CVPR,2,0,0,2503.02689,"Spiking Neural Networks (SNNs) have gained significant attention due to their biological plausibility and energy efficiency, making them promising alternatives to Artificial Neural Networks (ANNs). However, the performance gap between SNNs and ANNs remains a substantial challenge hindering the widespread adoption of SNNs. In this paper, we propose a Spatial-Temporal Attention Aggregator SNN (STAA-SNN) framework, which dynamically focuses on and captures both spatial and temporal dependencies. First, we introduce a spike-driven self-attention mechanism specifically designed for SNNs. Additionally, we pioneeringly incorporate position encoding to integrate latent temporal relationships into the incoming features. For spatial-temporal information aggregation, we employ step attention to selectively amplify relevant features at different steps. Finally, we implement a time-step random dropout strategy to avoid local optima. As a result, STAA-SNN effectively captures both spatial and temporal dependencies, enabling the model to analyze complex patterns and make accurate predictions. The framework demonstrates exceptional performance across diverse datasets and exhibits strong generalization capabilities. Notably, STAA-SNN achieves state-of-the-art results on neuromorphic datasets CIFAR10-DVS, with remarkable performances of 97.14%, 82.05% and 70.40% on the static datasets CIFAR-10, CIFAR-100 and ImageNet, respectively. Furthermore, our model exhibits improved performance ranging from 0.33\% to 2.80\% with fewer time steps. The code for the model is available on GitHub.",http://arxiv.org/abs/2503.02689v3,https://arxiv.org/pdf/2503.02689v3,Accepted by CVPR 2025
CMMLoc: Advancing Text-to-PointCloud Localization with Cauchy-Mixture-Model Based Framework,Yanlong Xu; Haoxuan Qu; Jun Liu; Wenxiao Zhang; Xun Yang,CVPR,2,0,0,2503.02593,"The goal of point cloud localization based on linguistic description is to identify a 3D position using textual description in large urban environments, which has potential applications in various fields, such as determining the location for vehicle pickup or goods delivery. Ideally, for a textual description and its corresponding 3D location, the objects around the 3D location should be fully described in the text description. However, in practical scenarios, e.g., vehicle pickup, passengers usually describe only the part of the most significant and nearby surroundings instead of the entire environment. In response to this $\textbf{partially relevant}$ challenge, we propose $\textbf{CMMLoc}$, an uncertainty-aware $\textbf{C}$auchy-$\textbf{M}$ixture-$\textbf{M}$odel ($\textbf{CMM}$) based framework for text-to-point-cloud $\textbf{Loc}$alization. To model the uncertain semantic relations between text and point cloud, we integrate CMM constraints as a prior during the interaction between the two modalities. We further design a spatial consolidation scheme to enable adaptive aggregation of different 3D objects with varying receptive fields. To achieve precise localization, we propose a cardinal direction integration module alongside a modality pre-alignment strategy, helping capture the spatial relationships among objects and bringing the 3D objects closer to the text modality. Comprehensive experiments validate that CMMLoc outperforms existing methods, achieving state-of-the-art results on the KITTI360Pose dataset. Codes are available in this GitHub repository https://github.com/kevin301342/CMMLoc.",http://arxiv.org/abs/2503.02593v3,https://arxiv.org/pdf/2503.02593v3,Accepted by CVPR 2025
Words or Vision: Do Vision-Language Models Have Blind Faith in Text?,Ailin Deng; Tri Cao; Zhirui Chen; Bryan Hooi,CVPR,2,0,0,2503.02199,"Vision-Language Models (VLMs) excel in integrating visual and textual information for vision-centric tasks, but their handling of inconsistencies between modalities is underexplored. We investigate VLMs' modality preferences when faced with visual data and varied textual inputs in vision-centered settings. By introducing textual variations to four vision-centric tasks and evaluating ten Vision-Language Models (VLMs), we discover a \emph{``blind faith in text''} phenomenon: VLMs disproportionately trust textual data over visual data when inconsistencies arise, leading to significant performance drops under corrupted text and raising safety concerns. We analyze factors influencing this text bias, including instruction prompts, language model size, text relevance, token order, and the interplay between visual and textual certainty. While certain factors, such as scaling up the language model size, slightly mitigate text bias, others like token order can exacerbate it due to positional biases inherited from language models. To address this issue, we explore supervised fine-tuning with text augmentation and demonstrate its effectiveness in reducing text bias. Additionally, we provide a theoretical analysis suggesting that the blind faith in text phenomenon may stem from an imbalance of pure text and multi-modal data during training. Our findings highlight the need for balanced training and careful consideration of modality interactions in VLMs to enhance their robustness and reliability in handling multi-modal data inconsistencies.",http://arxiv.org/abs/2503.02199v1,https://arxiv.org/pdf/2503.02199v1,Accepted to CVPR 2025
DivPrune: Diversity-based Visual Token Pruning for Large Multimodal Models,Saeed Ranjbar Alvar; Gursimran Singh; Mohammad Akbari; Yong Zhang,CVPR,2,0,0,2503.02175,"Large Multimodal Models (LMMs) have emerged as powerful models capable of understanding various data modalities, including text, images, and videos. LMMs encode both text and visual data into tokens that are then combined and processed by an integrated Large Language Model (LLM). Including visual tokens substantially increases the total token count, often by thousands. The increased input length for LLM significantly raises the complexity of inference, resulting in high latency in LMMs. To address this issue, token pruning methods, which remove part of the visual tokens, are proposed. The existing token pruning methods either require extensive calibration and fine-tuning or rely on suboptimal importance metrics which results in increased redundancy among the retained tokens. In this paper, we first formulate token pruning as Max-Min Diversity Problem (MMDP) where the goal is to select a subset such that the diversity among the selected {tokens} is maximized. Then, we solve the MMDP to obtain the selected subset and prune the rest. The proposed method, DivPrune, reduces redundancy and achieves the highest diversity of the selected tokens. By ensuring high diversity, the selected tokens better represent the original tokens, enabling effective performance even at high pruning ratios without requiring fine-tuning. Extensive experiments with various LMMs show that DivPrune achieves state-of-the-art accuracy over 16 image- and video-language datasets. Additionally, DivPrune reduces both the end-to-end latency and GPU memory usage for the tested models. The code is available $\href{https://github.com/vbdi/divprune}{\text{here}}$.",http://arxiv.org/abs/2503.02175v2,https://arxiv.org/pdf/2503.02175v2,Accepted to CVPR 2025
HarmonySet: A Comprehensive Dataset for Understanding Video-Music Semantic Alignment and Temporal Synchronization,Zitang Zhou; Ke Mei; Yu Lu; Tianyi Wang; Fengyun Rao,CVPR,2,0,0,2503.01725,"This paper introduces HarmonySet, a comprehensive dataset designed to advance video-music understanding. HarmonySet consists of 48,328 diverse video-music pairs, annotated with detailed information on rhythmic synchronization, emotional alignment, thematic coherence, and cultural relevance. We propose a multi-step human-machine collaborative framework for efficient annotation, combining human insights with machine-generated descriptions to identify key transitions and assess alignment across multiple dimensions. Additionally, we introduce a novel evaluation framework with tasks and metrics to assess the multi-dimensional alignment of video and music, including rhythm, emotion, theme, and cultural context. Our extensive experiments demonstrate that HarmonySet, along with the proposed evaluation framework, significantly improves the ability of multimodal models to capture and analyze the intricate relationships between video and music.",http://arxiv.org/abs/2503.01725v2,https://arxiv.org/pdf/2503.01725v2,Accepted at CVPR 2025. Project page: https://harmonyset.github.io/
MUSt3R: Multi-view Network for Stereo 3D Reconstruction,Yohann Cabon; Lucas Stoffl; Leonid Antsfeld; Gabriela Csurka; Boris Chidlovskii; Jerome Revaud; Vincent Leroy,CVPR,2,0,0,2503.01661,"DUSt3R introduced a novel paradigm in geometric computer vision by proposing a model that can provide dense and unconstrained Stereo 3D Reconstruction of arbitrary image collections with no prior information about camera calibration nor viewpoint poses. Under the hood, however, DUSt3R processes image pairs, regressing local 3D reconstructions that need to be aligned in a global coordinate system. The number of pairs, growing quadratically, is an inherent limitation that becomes especially concerning for robust and fast optimization in the case of large image collections. In this paper, we propose an extension of DUSt3R from pairs to multiple views, that addresses all aforementioned concerns. Indeed, we propose a Multi-view Network for Stereo 3D Reconstruction, or MUSt3R, that modifies the DUSt3R architecture by making it symmetric and extending it to directly predict 3D structure for all views in a common coordinate frame. Second, we entail the model with a multi-layer memory mechanism which allows to reduce the computational complexity and to scale the reconstruction to large collections, inferring thousands of 3D pointmaps at high frame-rates with limited added complexity. The framework is designed to perform 3D reconstruction both offline and online, and hence can be seamlessly applied to SfM and visual SLAM scenarios showing state-of-the-art performance on various 3D downstream tasks, including uncalibrated Visual Odometry, relative camera pose, scale and focal estimation, 3D reconstruction and multi-view depth estimation.",http://arxiv.org/abs/2503.01661v1,https://arxiv.org/pdf/2503.01661v1,Accepted at CVPR 2025
DesignDiffusion: High-Quality Text-to-Design Image Generation with Diffusion Models,Zhendong Wang; Jianmin Bao; Shuyang Gu; Dong Chen; Wengang Zhou; Houqiang Li,CVPR,2,0,0,2503.01645,"In this paper, we present DesignDiffusion, a simple yet effective framework for the novel task of synthesizing design images from textual descriptions. A primary challenge lies in generating accurate and style-consistent textual and visual content. Existing works in a related task of visual text generation often focus on generating text within given specific regions, which limits the creativity of generation models, resulting in style or color inconsistencies between textual and visual elements if applied to design image generation. To address this issue, we propose an end-to-end, one-stage diffusion-based framework that avoids intricate components like position and layout modeling. Specifically, the proposed framework directly synthesizes textual and visual design elements from user prompts. It utilizes a distinctive character embedding derived from the visual text to enhance the input prompt, along with a character localization loss for enhanced supervision during text generation. Furthermore, we employ a self-play Direct Preference Optimization fine-tuning strategy to improve the quality and accuracy of the synthesized visual text. Extensive experiments demonstrate that DesignDiffusion achieves state-of-the-art performance in design image generation.",http://arxiv.org/abs/2503.01645v1,https://arxiv.org/pdf/2503.01645v1,Accepted by CVPR 2025
SemGeoMo: Dynamic Contextual Human Motion Generation with Semantic and Geometric Guidance,Peishan Cong; Ziyi Wang; Yuexin Ma; Xiangyu Yue,CVPR,2,0,0,2503.01291,"Generating reasonable and high-quality human interactive motions in a given dynamic environment is crucial for understanding, modeling, transferring, and applying human behaviors to both virtual and physical robots. In this paper, we introduce an effective method, SemGeoMo, for dynamic contextual human motion generation, which fully leverages the text-affordance-joint multi-level semantic and geometric guidance in the generation process, improving the semantic rationality and geometric correctness of generative motions. Our method achieves state-of-the-art performance on three datasets and demonstrates superior generalization capability for diverse interaction scenarios. The project page and code can be found at https://4dvlab.github.io/project_page/semgeomo/.",http://arxiv.org/abs/2503.01291v1,https://arxiv.org/pdf/2503.01291v1,accepted by CVPR 2025
Reconciling Stochastic and Deterministic Strategies for Zero-shot Image Restoration using Diffusion Model in Dual,Chong Wang; Lanqing Guo; Zixuan Fu; Siyuan Yang; Hao Cheng; Alex C. Kot; Bihan Wen,CVPR,2,0,0,2503.01288,"Plug-and-play (PnP) methods offer an iterative strategy for solving image restoration (IR) problems in a zero-shot manner, using a learned \textit{discriminative denoiser} as the implicit prior. More recently, a sampling-based variant of this approach, which utilizes a pre-trained \textit{generative diffusion model}, has gained great popularity for solving IR problems through stochastic sampling. The IR results using PnP with a pre-trained diffusion model demonstrate distinct advantages compared to those using discriminative denoisers, \ie improved perceptual quality while sacrificing the data fidelity. The unsatisfactory results are due to the lack of integration of these strategies in the IR tasks. In this work, we propose a novel zero-shot IR scheme, dubbed Reconciling Diffusion Model in Dual (RDMD), which leverages only a \textbf{single} pre-trained diffusion model to construct \textbf{two} complementary regularizers. Specifically, the diffusion model in RDMD will iteratively perform deterministic denoising and stochastic sampling, aiming to achieve high-fidelity image restoration with appealing perceptual quality. RDMD also allows users to customize the distortion-perception tradeoff with a single hyperparameter, enhancing the adaptability of the restoration process in different practical scenarios. Extensive experiments on several IR tasks demonstrate that our proposed method could achieve superior results compared to existing approaches on both the FFHQ and ImageNet datasets.",http://arxiv.org/abs/2503.01288v1,https://arxiv.org/pdf/2503.01288v1,Accepted to CVPR 2025
Towards Improved Text-Aligned Codebook Learning: Multi-Hierarchical Codebook-Text Alignment with Long Text,Guotao Liang; Baoquan Zhang; Zhiyuan Wen; Junteng Zhao; Yunming Ye; Kola Ye; Yao He,CVPR,2,0,0,2503.01261,"Image quantization is a crucial technique in image generation, aimed at learning a codebook that encodes an image into a discrete token sequence. Recent advancements have seen researchers exploring learning multi-modal codebook (i.e., text-aligned codebook) by utilizing image caption semantics, aiming to enhance codebook performance in cross-modal tasks. However, existing image-text paired datasets exhibit a notable flaw in that the text descriptions tend to be overly concise, failing to adequately describe the images and provide sufficient semantic knowledge, resulting in limited alignment of text and codebook at a fine-grained level. In this paper, we propose a novel Text-Augmented Codebook Learning framework, named TA-VQ, which generates longer text for each image using the visual-language model for improved text-aligned codebook learning. However, the long text presents two key challenges: how to encode text and how to align codebook and text. To tackle two challenges, we propose to split the long text into multiple granularities for encoding, i.e., word, phrase, and sentence, so that the long text can be fully encoded without losing any key semantic knowledge. Following this, a hierarchical encoder and novel sampling-based alignment strategy are designed to achieve fine-grained codebook-text alignment. Additionally, our method can be seamlessly integrated into existing VQ models. Extensive experiments in reconstruction and various downstream tasks demonstrate its effectiveness compared to previous state-of-the-art approaches.",http://arxiv.org/abs/2503.01261v2,https://arxiv.org/pdf/2503.01261v2,Accepted by CVPR 2025
SVDC: Consistent Direct Time-of-Flight Video Depth Completion with Frequency Selective Fusion,Xuan Zhu; Jijun Xiang; Xianqi Wang; Longliang Liu; Yu Wang; Hong Zhang; Fei Guo; Xin Yang,CVPR,2,0,0,2503.01257,"Lightweight direct Time-of-Flight (dToF) sensors are ideal for 3D sensing on mobile devices. However, due to the manufacturing constraints of compact devices and the inherent physical principles of imaging, dToF depth maps are sparse and noisy. In this paper, we propose a novel video depth completion method, called SVDC, by fusing the sparse dToF data with the corresponding RGB guidance. Our method employs a multi-frame fusion scheme to mitigate the spatial ambiguity resulting from the sparse dToF imaging. Misalignment between consecutive frames during multi-frame fusion could cause blending between object edges and the background, which results in a loss of detail. To address this, we introduce an adaptive frequency selective fusion (AFSF) module, which automatically selects convolution kernel sizes to fuse multi-frame features. Our AFSF utilizes a channel-spatial enhancement attention (CSEA) module to enhance features and generates an attention map as fusion weights. The AFSF ensures edge detail recovery while suppressing high-frequency noise in smooth regions. To further enhance temporal consistency, We propose a cross-window consistency loss to ensure consistent predictions across different windows, effectively reducing flickering. Our proposed SVDC achieves optimal accuracy and consistency on the TartanAir and Dynamic Replica datasets. Code is available at https://github.com/Lan1eve/SVDC.",http://arxiv.org/abs/2503.01257v1,https://arxiv.org/pdf/2503.01257v1,Accepted by CVPR 2025
DifIISR: A Diffusion Model with Gradient Guidance for Infrared Image Super-Resolution,Xingyuan Li; Zirui Wang; Yang Zou; Zhixin Chen; Jun Ma; Zhiying Jiang; Long Ma; Jinyuan Liu,CVPR,2,0,0,2503.01187,"Infrared imaging is essential for autonomous driving and robotic operations as a supportive modality due to its reliable performance in challenging environments. Despite its popularity, the limitations of infrared cameras, such as low spatial resolution and complex degradations, consistently challenge imaging quality and subsequent visual tasks. Hence, infrared image super-resolution (IISR) has been developed to address this challenge. While recent developments in diffusion models have greatly advanced this field, current methods to solve it either ignore the unique modal characteristics of infrared imaging or overlook the machine perception requirements. To bridge these gaps, we propose DifIISR, an infrared image super-resolution diffusion model optimized for visual quality and perceptual performance. Our approach achieves task-based guidance for diffusion by injecting gradients derived from visual and perceptual priors into the noise during the reverse process. Specifically, we introduce an infrared thermal spectrum distribution regulation to preserve visual fidelity, ensuring that the reconstructed infrared images closely align with high-resolution images by matching their frequency components. Subsequently, we incorporate various visual foundational models as the perceptual guidance for downstream visual tasks, infusing generalizable perceptual features beneficial for detection and segmentation. As a result, our approach gains superior visual results while attaining State-Of-The-Art downstream task performance. Code is available at https://github.com/zirui0625/DifIISR",http://arxiv.org/abs/2503.01187v1,https://arxiv.org/pdf/2503.01187v1,This paper was accepted by CVPR 2025
HOP: Heterogeneous Topology-based Multimodal Entanglement for Co-Speech Gesture Generation,Hongye Cheng; Tianyu Wang; Guangsi Shi; Zexing Zhao; Yanwei Fu,CVPR,2,0,0,2503.01175,"Co-speech gestures are crucial non-verbal cues that enhance speech clarity and expressiveness in human communication, which have attracted increasing attention in multimodal research. While the existing methods have made strides in gesture accuracy, challenges remain in generating diverse and coherent gestures, as most approaches assume independence among multimodal inputs and lack explicit modeling of their interactions. In this work, we propose a novel multimodal learning method named HOP for co-speech gesture generation that captures the heterogeneous entanglement between gesture motion, audio rhythm, and text semantics, enabling the generation of coordinated gestures. By leveraging spatiotemporal graph modeling, we achieve the alignment of audio and action. Moreover, to enhance modality coherence, we build the audio-text semantic representation based on a reprogramming module, which is beneficial for cross-modality adaptation. Our approach enables the trimodal system to learn each other's features and represent them in the form of topological entanglement. Extensive experiments demonstrate that HOP achieves state-of-the-art performance, offering more natural and expressive co-speech gesture generation. More information, codes, and demos are available here: https://star-uu-wang.github.io/HOP/",http://arxiv.org/abs/2503.01175v1,https://arxiv.org/pdf/2503.01175v1,Accepted by CVPR 2025. See https://star-uu-wang.github.io/HOP/
AirRoom: Objects Matter in Room Reidentification,Runmao Yao; Yi Du; Zhuoqun Chen; Haoze Zheng; Chen Wang,CVPR,2,0,0,2503.01130,"Room reidentification (ReID) is a challenging yet essential task with numerous applications in fields such as augmented reality (AR) and homecare robotics. Existing visual place recognition (VPR) methods, which typically rely on global descriptors or aggregate local features, often struggle in cluttered indoor environments densely populated with man-made objects. These methods tend to overlook the crucial role of object-oriented information. To address this, we propose AirRoom, an object-aware pipeline that integrates multi-level object-oriented information-from global context to object patches, object segmentation, and keypoints-utilizing a coarse-to-fine retrieval approach. Extensive experiments on four newly constructed datasets-MPReID, HMReID, GibsonReID, and ReplicaReID-demonstrate that AirRoom outperforms state-of-the-art (SOTA) models across nearly all evaluation metrics, with improvements ranging from 6% to 80%. Moreover, AirRoom exhibits significant flexibility, allowing various modules within the pipeline to be substituted with different alternatives without compromising overall performance. It also shows robust and consistent performance under diverse viewpoint variations.",http://arxiv.org/abs/2503.01130v2,https://arxiv.org/pdf/2503.01130v2,Paper accepted at CVPR 2025
Patient-Level Anatomy Meets Scanning-Level Physics: Personalized Federated Low-Dose CT Denoising Empowered by Large Language Model,Ziyuan Yang; Yingyu Chen; Zhiwen Wang; Hongming Shan; Yang Chen; Yi Zhang,CVPR,2,0,0,2503.00908,"Reducing radiation doses benefits patients, however, the resultant low-dose computed tomography (LDCT) images often suffer from clinically unacceptable noise and artifacts. While deep learning (DL) shows promise in LDCT reconstruction, it requires large-scale data collection from multiple clients, raising privacy concerns. Federated learning (FL) has been introduced to address these privacy concerns; however, current methods are typically tailored to specific scanning protocols, which limits their generalizability and makes them less effective for unseen protocols. To address these issues, we propose SCAN-PhysFed, a novel SCanning- and ANatomy-level personalized Physics-Driven Federated learning paradigm for LDCT reconstruction. Since the noise distribution in LDCT data is closely tied to scanning protocols and anatomical structures being scanned, we design a dual-level physics-informed way to address these challenges. Specifically, we incorporate physical and anatomical prompts into our physics-informed hypernetworks to capture scanning- and anatomy-specific information, enabling dual-level physics-driven personalization of imaging features. These prompts are derived from the scanning protocol and the radiology report generated by a medical large language model (MLLM), respectively. Subsequently, client-specific decoders project these dual-level personalized imaging features back into the image domain. Besides, to tackle the challenge of unseen data, we introduce a novel protocol vector-quantization strategy (PVQS), which ensures consistent performance across new clients by quantifying the unseen scanning code as one of the codes in the scanning codebook. Extensive experimental results demonstrate the superior performance of SCAN-PhysFed on public datasets.",http://arxiv.org/abs/2503.00908v1,https://arxiv.org/pdf/2503.00908v1,Accepted by CVPR 2025
STAR-Edge: Structure-aware Local Spherical Curve Representation for Thin-walled Edge Extraction from Unstructured Point Clouds,Zikuan Li; Honghua Chen; Yuecheng Wang; Sibo Wu; Mingqiang Wei; Jun Wang,CVPR,2,0,0,2503.00801,"Extracting geometric edges from unstructured point clouds remains a significant challenge, particularly in thin-walled structures that are commonly found in everyday objects. Traditional geometric methods and recent learning-based approaches frequently struggle with these structures, as both rely heavily on sufficient contextual information from local point neighborhoods. However, 3D measurement data of thin-walled structures often lack the accurate, dense, and regular neighborhood sampling required for reliable edge extraction, resulting in degraded performance. In this work, we introduce STAR-Edge, a novel approach designed for detecting and refining edge points in thin-walled structures. Our method leverages a unique representation-the local spherical curve-to create structure-aware neighborhoods that emphasize co-planar points while reducing interference from close-by, non-co-planar surfaces. This representation is transformed into a rotation-invariant descriptor, which, combined with a lightweight multi-layer perceptron, enables robust edge point classification even in the presence of noise and sparse or irregular sampling. Besides, we also use the local spherical curve representation to estimate more precise normals and introduce an optimization function to project initially identified edge points exactly on the true edges. Experiments conducted on the ABC dataset and thin-walled structure-specific datasets demonstrate that STAR-Edge outperforms existing edge detection methods, showcasing better robustness under various challenging conditions.",http://arxiv.org/abs/2503.00801v1,https://arxiv.org/pdf/2503.00801v1,Accepted at CVPR 2025
Split Adaptation for Pre-trained Vision Transformers,Lixu Wang; Bingqi Shang; Yi Li; Payal Mohapatra; Wei Dong; Xiao Wang; Qi Zhu,CVPR,2,0,0,2503.00441,"Vision Transformers (ViTs), extensively pre-trained on large-scale datasets, have become essential to foundation models, allowing excellent performance on diverse downstream tasks with minimal adaptation. Consequently, there is growing interest in adapting pre-trained ViTs across various fields, including privacy-sensitive domains where clients are often reluctant to share their data. Existing adaptation methods typically require direct data access, rendering them infeasible under these constraints. A straightforward solution may be sending the pre-trained ViT to clients for local adaptation, which poses issues of model intellectual property protection and incurs heavy client computation overhead. To address these issues, we propose a novel split adaptation (SA) method that enables effective downstream adaptation while protecting data and models. SA, inspired by split learning (SL), segments the pre-trained ViT into a frontend and a backend, with only the frontend shared with the client for data representation extraction. But unlike regular SL, SA replaces frontend parameters with low-bit quantized values, preventing direct exposure of the model. SA allows the client to add bi-level noise to the frontend and the extracted data representations, ensuring data protection. Accordingly, SA incorporates data-level and model-level out-of-distribution enhancements to mitigate noise injection's impact on adaptation performance. Our SA focuses on the challenging few-shot adaptation and adopts patch retrieval augmentation for overfitting alleviation. Extensive experiments on multiple datasets validate SA's superiority over state-of-the-art methods and demonstrate its defense against advanced data reconstruction attacks while preventing model leakage with minimal computation cost on the client side. The source codes can be found at https://github.com/conditionWang/Split_Adaptation.",http://arxiv.org/abs/2503.00441v1,https://arxiv.org/pdf/2503.00441v1,This paper has been accepted by CVPR 2025. The first two authors contributed equally
SGC-Net: Stratified Granular Comparison Network for Open-Vocabulary HOI Detection,Xin Lin; Chong Shi; Zuopeng Yang; Haojin Tang; Zhili Zhou,CVPR,2,0,0,2503.00414,"Recent open-vocabulary human-object interaction (OV-HOI) detection methods primarily rely on large language model (LLM) for generating auxiliary descriptions and leverage knowledge distilled from CLIP to detect unseen interaction categories. Despite their effectiveness, these methods face two challenges: (1) feature granularity deficiency, due to reliance on last layer visual features for text alignment, leading to the neglect of crucial object-level details from intermediate layers; (2) semantic similarity confusion, resulting from CLIP's inherent biases toward certain classes, while LLM-generated descriptions based solely on labels fail to adequately capture inter-class similarities. To address these challenges, we propose a stratified granular comparison network. First, we introduce a granularity sensing alignment module that aggregates global semantic features with local details, refining interaction representations and ensuring robust alignment between intermediate visual features and text embeddings. Second, we develop a hierarchical group comparison module that recursively compares and groups classes using LLMs, generating fine-grained and discriminative descriptions for each interaction category. Experimental results on two widely-used benchmark datasets, SWIG-HOI and HICO-DET, demonstrate that our method achieves state-of-the-art results in OV-HOI detection. Codes will be released on https://github.com/Phil0212/SGC-Net.",http://arxiv.org/abs/2503.00414v1,https://arxiv.org/pdf/2503.00414v1,Accepted by CVPR 2025
Solving Instance Detection from an Open-World Perspective,Qianqian Shen; Yunhan Zhao; Nahyun Kwon; Jeeeun Kim; Yanan Li; Shu Kong,CVPR,2,0,0,2503.00359,"Instance detection (InsDet) aims to localize specific object instances within a novel scene imagery based on given visual references. Technically, it requires proposal detection to identify all possible object instances, followed by instance-level matching to pinpoint the ones of interest. Its open-world nature supports its broad applications from robotics to AR/VR but also presents significant challenges: methods must generalize to unknown testing data distributions because (1) the testing scene imagery is unseen during training, and (2) there are domain gaps between visual references and detected proposals. Existing methods tackle these challenges by synthesizing diverse training examples or utilizing off-the-shelf foundation models (FMs). However, they only partially capitalize the available open-world information. In contrast, we approach InsDet from an Open-World perspective, introducing our method IDOW. We find that, while pretrained FMs yield high recall in instance detection, they are not specifically optimized for instance-level feature matching. Therefore, we adapt pretrained FMs for improved instance-level matching using open-world data. Our approach incorporates metric learning along with novel data augmentations, which sample distractors as negative examples and synthesize novel-view instances to enrich the visual references. Extensive experiments demonstrate that our method significantly outperforms prior works, achieving >10 AP over previous results on two recently released challenging benchmark datasets in both conventional and novel instance detection settings.",http://arxiv.org/abs/2503.00359v2,https://arxiv.org/pdf/2503.00359v2,Accepted at CVPR 2025
CADRef: Robust Out-of-Distribution Detection via Class-Aware Decoupled Relative Feature Leveraging,Zhiwei Ling; Yachen Chang; Hailiang Zhao; Xinkui Zhao; Kingsum Chow; Shuiguang Deng,CVPR,2,0,0,2503.00325,"Deep neural networks (DNNs) have been widely criticized for their overconfidence when dealing with out-of-distribution (OOD) samples, highlighting the critical need for effective OOD detection to ensure the safe deployment of DNNs in real-world settings. Existing post-hoc OOD detection methods primarily enhance the discriminative power of logit-based approaches by reshaping sample features, yet they often neglect critical information inherent in the features themselves. In this paper, we propose the Class-Aware Relative Feature-based method (CARef), which utilizes the error between a sample's feature and its class-aware average feature as a discriminative criterion. To further refine this approach, we introduce the Class-Aware Decoupled Relative Feature-based method (CADRef), which decouples sample features based on the alignment of signs between the relative feature and corresponding model weights, enhancing the discriminative capabilities of CARef. Extensive experimental results across multiple datasets and models demonstrate that both proposed methods exhibit effectiveness and robustness in OOD detection compared to state-of-the-art methods. Specifically, our two methods outperform the best baseline by 2.82% and 3.27% in AUROC, with improvements of 4.03% and 6.32% in FPR95, respectively.",http://arxiv.org/abs/2503.00325v2,https://arxiv.org/pdf/2503.00325v2,This paper has been accepted by CVPR 2025
Precise Event Spotting in Sports Videos: Solving Long-Range Dependency and Class Imbalance,Sanchayan Santra; Vishal Chudasama; Pankaj Wasnik; Vineeth N. Balasubramanian,CVPR,2,0,0,2503.00147,"Precise Event Spotting (PES) aims to identify events and their class from long, untrimmed videos, particularly in sports. The main objective of PES is to detect the event at the exact moment it occurs. Existing methods mainly rely on features from a large pre-trained network, which may not be ideal for the task. Furthermore, these methods overlook the issue of imbalanced event class distribution present in the data, negatively impacting performance in challenging scenarios. This paper demonstrates that an appropriately designed network, trained end-to-end, can outperform state-of-the-art (SOTA) methods. Particularly, we propose a network with a convolutional spatial-temporal feature extractor enhanced with our proposed Adaptive Spatio-Temporal Refinement Module (ASTRM) and a long-range temporal module. The ASTRM enhances the features with spatio-temporal information. Meanwhile, the long-range temporal module helps extract global context from the data by modeling long-range dependencies. To address the class imbalance issue, we introduce the Soft Instance Contrastive (SoftIC) loss that promotes feature compactness and class separation. Extensive experiments show that the proposed method is efficient and outperforms the SOTA methods, specifically in more challenging settings.",http://arxiv.org/abs/2503.00147v1,https://arxiv.org/pdf/2503.00147v1,Accepted at CVPR 2025
LesionLocator: Zero-Shot Universal Tumor Segmentation and Tracking in 3D Whole-Body Imaging,Maximilian Rokuss; Yannick Kirchhoff; Seval Akbal; Balint Kovacs; Saikat Roy; Constantin Ulrich; Tassilo Wald; Lukas T. Rotkopf; Heinz-Peter Schlemmer; Klaus Maier-Hein,CVPR,2,0,0,2502.20985,"In this work, we present LesionLocator, a framework for zero-shot longitudinal lesion tracking and segmentation in 3D medical imaging, establishing the first end-to-end model capable of 4D tracking with dense spatial prompts. Our model leverages an extensive dataset of 23,262 annotated medical scans, as well as synthesized longitudinal data across diverse lesion types. The diversity and scale of our dataset significantly enhances model generalizability to real-world medical imaging challenges and addresses key limitations in longitudinal data availability. LesionLocator outperforms all existing promptable models in lesion segmentation by nearly 10 dice points, reaching human-level performance, and achieves state-of-the-art results in lesion tracking, with superior lesion retrieval and segmentation accuracy. LesionLocator not only sets a new benchmark in universal promptable lesion segmentation and automated longitudinal lesion tracking but also provides the first open-access solution of its kind, releasing our synthetic 4D dataset and model to the community, empowering future advancements in medical imaging. Code is available at: www.github.com/MIC-DKFZ/LesionLocator",http://arxiv.org/abs/2502.20985v1,https://arxiv.org/pdf/2502.20985v1,Accepted at CVPR 2025
Distribution Prototype Diffusion Learning for Open-set Supervised Anomaly Detection,Fuyun Wang; Tong Zhang; Yuanzhi Wang; Yide Qiu; Xin Liu; Xu Guo; Zhen Cui,CVPR,2,0,0,2502.20981,"In Open-set Supervised Anomaly Detection (OSAD), the existing methods typically generate pseudo anomalies to compensate for the scarcity of observed anomaly samples, while overlooking critical priors of normal samples, leading to less effective discriminative boundaries. To address this issue, we propose a Distribution Prototype Diffusion Learning (DPDL) method aimed at enclosing normal samples within a compact and discriminative distribution space. Specifically, we construct multiple learnable Gaussian prototypes to create a latent representation space for abundant and diverse normal samples and learn a Schrödinger bridge to facilitate a diffusive transition toward these prototypes for normal samples while steering anomaly samples away. Moreover, to enhance inter-sample separation, we design a dispersion feature learning way in hyperspherical space, which benefits the identification of out-of-distribution anomalies. Experimental results demonstrate the effectiveness and superiority of our proposed DPDL, achieving state-of-the-art performance on 9 public datasets.",http://arxiv.org/abs/2502.20981v3,https://arxiv.org/pdf/2502.20981v3,Accepted by CVPR 2025
Decoder Gradient Shield: Provable and High-Fidelity Prevention of Gradient-Based Box-Free Watermark Removal,Haonan An; Guang Hua; Zhengru Fang; Guowen Xu; Susanto Rahardja; Yuguang Fang,CVPR,2,0,0,2502.20924,"The intellectual property of deep image-to-image models can be protected by the so-called box-free watermarking. It uses an encoder and a decoder, respectively, to embed into and extract from the model's output images invisible copyright marks. Prior works have improved watermark robustness, focusing on the design of better watermark encoders. In this paper, we reveal an overlooked vulnerability of the unprotected watermark decoder which is jointly trained with the encoder and can be exploited to train a watermark removal network. To defend against such an attack, we propose the decoder gradient shield (DGS) as a protection layer in the decoder API to prevent gradient-based watermark removal with a closed-form solution. The fundamental idea is inspired by the classical adversarial attack, but is utilized for the first time as a defensive mechanism in the box-free model watermarking. We then demonstrate that DGS can reorient and rescale the gradient directions of watermarked queries and stop the watermark remover's training loss from converging to the level without DGS, while retaining decoder output image quality. Experimental results verify the effectiveness of proposed method. Code of paper will be made available upon acceptance.",http://arxiv.org/abs/2502.20924v1,https://arxiv.org/pdf/2502.20924v1,Accepted by CVPR 2025
MESC-3D:Mining Effective Semantic Cues for 3D Reconstruction from a Single Image,Shaoming Li; Qing Cai; Songqi Kong; Runqing Tan; Heng Tong; Shiji Qiu; Yongguo Jiang; Zhi Liu,CVPR,2,0,0,2502.20861,"Reconstructing 3D shapes from a single image plays an important role in computer vision. Many methods have been proposed and achieve impressive performance. However, existing methods mainly focus on extracting semantic information from images and then simply concatenating it with 3D point clouds without further exploring the concatenated semantics. As a result, these entangled semantic features significantly hinder the reconstruction performance. In this paper, we propose a novel single-image 3D reconstruction method called Mining Effective Semantic Cues for 3D Reconstruction from a Single Image (MESC-3D), which can actively mine effective semantic cues from entangled features. Specifically, we design an Effective Semantic Mining Module to establish connections between point clouds and image semantic attributes, enabling the point clouds to autonomously select the necessary information. Furthermore, to address the potential insufficiencies in semantic information from a single image, such as occlusions, inspired by the human ability to represent 3D objects using prior knowledge drawn from daily experiences, we introduce a 3D Semantic Prior Learning Module. This module incorporates semantic understanding of spatial structures, enabling the model to interpret and reconstruct 3D objects with greater accuracy and realism, closely mirroring human perception of complex 3D environments. Extensive evaluations show that our method achieves significant improvements in reconstruction quality and robustness compared to prior works. Additionally, further experiments validate the strong generalization capabilities and excels in zero-shot preformance on unseen classes. Code is available at https://github.com/QINGQINGLE/MESC-3D.",http://arxiv.org/abs/2502.20861v1,https://arxiv.org/pdf/2502.20861v1,Published in CVPR 2025
CADDreamer: CAD Object Generation from Single-view Images,Yuan Li; Cheng Lin; Yuan Liu; Xiaoxiao Long; Chenxu Zhang; Ningna Wang; Xin Li; Wenping Wang; Xiaohu Guo,CVPR,2,0,0,2502.20732,"Diffusion-based 3D generation has made remarkable progress in recent years. However, existing 3D generative models often produce overly dense and unstructured meshes, which stand in stark contrast to the compact, structured, and sharply-edged Computer-Aided Design (CAD) models crafted by human designers. To address this gap, we introduce CADDreamer, a novel approach for generating boundary representations (B-rep) of CAD objects from a single image. CADDreamer employs a primitive-aware multi-view diffusion model that captures both local geometric details and high-level structural semantics during the generation process. By encoding primitive semantics into the color domain, the method leverages the strong priors of pre-trained diffusion models to align with well-defined primitives. This enables the inference of multi-view normal maps and semantic maps from a single image, facilitating the reconstruction of a mesh with primitive labels. Furthermore, we introduce geometric optimization techniques and topology-preserving extraction methods to mitigate noise and distortion in the generated primitives. These enhancements result in a complete and seamless B-rep of the CAD model. Experimental results demonstrate that our method effectively recovers high-quality CAD objects from single-view images. Compared to existing 3D generation techniques, the B-rep models produced by CADDreamer are compact in representation, clear in structure, sharp in edges, and watertight in topology.",http://arxiv.org/abs/2502.20732v2,https://arxiv.org/pdf/2502.20732v2,Accepted to CVPR 2025
Dataset Distillation with Neural Characteristic Function: A Minmax Perspective,Shaobo Wang; Yicun Yang; Zhiyuan Liu; Chenghao Sun; Xuming Hu; Conghui He; Linfeng Zhang,CVPR,2,0,0,2502.20653,"Dataset distillation has emerged as a powerful approach for reducing data requirements in deep learning. Among various methods, distribution matching-based approaches stand out for their balance of computational efficiency and strong performance. However, existing distance metrics used in distribution matching often fail to accurately capture distributional differences, leading to unreliable measures of discrepancy. In this paper, we reformulate dataset distillation as a minmax optimization problem and introduce Neural Characteristic Function Discrepancy (NCFD), a comprehensive and theoretically grounded metric for measuring distributional differences. NCFD leverages the Characteristic Function (CF) to encapsulate full distributional information, employing a neural network to optimize the sampling strategy for the CF's frequency arguments, thereby maximizing the discrepancy to enhance distance estimation. Simultaneously, we minimize the difference between real and synthetic data under this optimized NCFD measure. Our approach, termed Neural Characteristic Function Matching (\mymethod{}), inherently aligns the phase and amplitude of neural features in the complex plane for both real and synthetic data, achieving a balance between realism and diversity in synthetic samples. Experiments demonstrate that our method achieves significant performance gains over state-of-the-art methods on both low- and high-resolution datasets. Notably, we achieve a 20.5\% accuracy boost on ImageSquawk. Our method also reduces GPU memory usage by over 300$\times$ and achieves 20$\times$ faster processing speeds compared to state-of-the-art methods. To the best of our knowledge, this is the first work to achieve lossless compression of CIFAR-100 on a single NVIDIA 2080 Ti GPU using only 2.3 GB of memory.",http://arxiv.org/abs/2502.20653v1,https://arxiv.org/pdf/2502.20653v1,"Accepted by CVPR 2025, 11 pages, 7 figures"
InsTaG: Learning Personalized 3D Talking Head from Few-Second Video,Jiahe Li; Jiawei Zhang; Xiao Bai; Jin Zheng; Jun Zhou; Lin Gu,CVPR,2,0,0,2502.20387,"Despite exhibiting impressive performance in synthesizing lifelike personalized 3D talking heads, prevailing methods based on radiance fields suffer from high demands for training data and time for each new identity. This paper introduces InsTaG, a 3D talking head synthesis framework that allows a fast learning of realistic personalized 3D talking head from few training data. Built upon a lightweight 3DGS person-specific synthesizer with universal motion priors, InsTaG achieves high-quality and fast adaptation while preserving high-level personalization and efficiency. As preparation, we first propose an Identity-Free Pre-training strategy that enables the pre-training of the person-specific model and encourages the collection of universal motion priors from long-video data corpus. To fully exploit the universal motion priors to learn an unseen new identity, we then present a Motion-Aligned Adaptation strategy to adaptively align the target head to the pre-trained field, and constrain a robust dynamic head structure under few training data. Experiments demonstrate our outstanding performance and efficiency under various data scenarios to render high-quality personalized talking heads.",http://arxiv.org/abs/2502.20387v1,https://arxiv.org/pdf/2502.20387v1,Accepted at CVPR 2025. Project page: https://fictionarry.github.io/InsTaG/
Do computer vision foundation models learn the low-level characteristics of the human visual system?,Yancheng Cai; Fei Yin; Dounia Hammou; Rafal Mantiuk,CVPR,2,0,0,2502.20256,"Computer vision foundation models, such as DINO or OpenCLIP, are trained in a self-supervised manner on large image datasets. Analogously, substantial evidence suggests that the human visual system (HVS) is influenced by the statistical distribution of colors and patterns in the natural world, characteristics also present in the training data of foundation models. The question we address in this paper is whether foundation models trained on natural images mimic some of the low-level characteristics of the human visual system, such as contrast detection, contrast masking, and contrast constancy. Specifically, we designed a protocol comprising nine test types to evaluate the image encoders of 45 foundation and generative models. Our results indicate that some foundation models (e.g., DINO, DINOv2, and OpenCLIP), share some of the characteristics of human vision, but other models show little resemblance. Foundation models tend to show smaller sensitivity to low contrast and rather irregular responses to contrast across frequencies. The foundation models show the best agreement with human data in terms of contrast masking. Our findings suggest that human vision and computer vision may take both similar and different paths when learning to interpret images of the real world. Overall, while differences remain, foundation models trained on vision tasks start to align with low-level human vision, with DINOv2 showing the closest resemblance.",http://arxiv.org/abs/2502.20256v2,https://arxiv.org/pdf/2502.20256v2,Accepted by CVPR 2025
Attention Distillation: A Unified Approach to Visual Characteristics Transfer,Yang Zhou; Xu Gao; Zichong Chen; Hui Huang,CVPR,2,0,0,2502.20235,"Recent advances in generative diffusion models have shown a notable inherent understanding of image style and semantics. In this paper, we leverage the self-attention features from pretrained diffusion networks to transfer the visual characteristics from a reference to generated images. Unlike previous work that uses these features as plug-and-play attributes, we propose a novel attention distillation loss calculated between the ideal and current stylization results, based on which we optimize the synthesized image via backpropagation in latent space. Next, we propose an improved Classifier Guidance that integrates attention distillation loss into the denoising sampling process, further accelerating the synthesis and enabling a broad range of image generation applications. Extensive experiments have demonstrated the extraordinary performance of our approach in transferring the examples' style, appearance, and texture to new images in synthesis. Code is available at https://github.com/xugao97/AttentionDistillation.",http://arxiv.org/abs/2502.20235v1,https://arxiv.org/pdf/2502.20235v1,Accepted to CVPR 2025. Project page: https://github.com/xugao97/AttentionDistillation
Balanced Rate-Distortion Optimization in Learned Image Compression,Yichi Zhang; Zhihao Duan; Yuning Huang; Fengqing Zhu,CVPR,2,0,0,2502.20161,"Learned image compression (LIC) using deep learning architectures has seen significant advancements, yet standard rate-distortion (R-D) optimization often encounters imbalanced updates due to diverse gradients of the rate and distortion objectives. This imbalance can lead to suboptimal optimization, where one objective dominates, thereby reducing overall compression efficiency. To address this challenge, we reformulate R-D optimization as a multi-objective optimization (MOO) problem and introduce two balanced R-D optimization strategies that adaptively adjust gradient updates to achieve more equitable improvements in both rate and distortion. The first proposed strategy utilizes a coarse-to-fine gradient descent approach along standard R-D optimization trajectories, making it particularly suitable for training LIC models from scratch. The second proposed strategy analytically addresses the reformulated optimization as a quadratic programming problem with an equality constraint, which is ideal for fine-tuning existing models. Experimental results demonstrate that both proposed methods enhance the R-D performance of LIC models, achieving around a 2\% BD-Rate reduction with acceptable additional training cost, leading to a more balanced and efficient optimization process. Code will be available at https://gitlab.com/viper-purdue/Balanced-RD.",http://arxiv.org/abs/2502.20161v2,https://arxiv.org/pdf/2502.20161v2,Accepted to CVPR 2025
OverLoCK: An Overview-first-Look-Closely-next ConvNet with Context-Mixing Dynamic Kernels,Meng Lou; Yizhou Yu,CVPR,2,0,0,2502.20087,"Top-down attention plays a crucial role in the human vision system, wherein the brain initially obtains a rough overview of a scene to discover salient cues (i.e., overview first), followed by a more careful finer-grained examination (i.e., look closely next). However, modern ConvNets remain confined to a pyramid structure that successively downsamples the feature map for receptive field expansion, neglecting this crucial biomimetic principle. We present OverLoCK, the first pure ConvNet backbone architecture that explicitly incorporates a top-down attention mechanism. Unlike pyramid backbone networks, our design features a branched architecture with three synergistic sub-networks: 1) a Base-Net that encodes low/mid-level features; 2) a lightweight Overview-Net that generates dynamic top-down attention through coarse global context modeling (i.e., overview first); and 3) a robust Focus-Net that performs finer-grained perception guided by top-down attention (i.e., look closely next). To fully unleash the power of top-down attention, we further propose a novel context-mixing dynamic convolution (ContMix) that effectively models long-range dependencies while preserving inherent local inductive biases even when the input resolution increases, addressing critical limitations in existing convolutions. Our OverLoCK exhibits a notable performance improvement over existing methods. For instance, OverLoCK-T achieves a Top-1 accuracy of 84.2%, significantly surpassing ConvNeXt-B while using only around one-third of the FLOPs/parameters. On object detection, our OverLoCK-S clearly surpasses MogaNet-B by 1% in AP^b. On semantic segmentation, our OverLoCK-T remarkably improves UniRepLKNet-T by 1.7% in mIoU. Code is publicly available at https://github.com/LMMMEng/OverLoCK.",http://arxiv.org/abs/2502.20087v3,https://arxiv.org/pdf/2502.20087v3,Accepted by CVPR 2025 (Oral)
Enhanced Contrastive Learning with Multi-view Longitudinal Data for Chest X-ray Report Generation,Kang Liu; Zhuoqi Ma; Xiaolu Kang; Yunan Li; Kun Xie; Zhicheng Jiao; Qiguang Miao,CVPR,2,0,0,2502.20056,"Automated radiology report generation offers an effective solution to alleviate radiologists' workload. However, most existing methods focus primarily on single or fixed-view images to model current disease conditions, which limits diagnostic accuracy and overlooks disease progression. Although some approaches utilize longitudinal data to track disease progression, they still rely on single images to analyze current visits. To address these issues, we propose enhanced contrastive learning with Multi-view Longitudinal data to facilitate chest X-ray Report Generation, named MLRG. Specifically, we introduce a multi-view longitudinal contrastive learning method that integrates spatial information from current multi-view images and temporal information from longitudinal data. This method also utilizes the inherent spatiotemporal information of radiology reports to supervise the pre-training of visual and textual representations. Subsequently, we present a tokenized absence encoding technique to flexibly handle missing patient-specific prior knowledge, allowing the model to produce more accurate radiology reports based on available prior knowledge. Extensive experiments on MIMIC-CXR, MIMIC-ABN, and Two-view CXR datasets demonstrate that our MLRG outperforms recent state-of-the-art methods, achieving a 2.3% BLEU-4 improvement on MIMIC-CXR, a 5.5% F1 score improvement on MIMIC-ABN, and a 2.7% F1 RadGraph improvement on Two-view CXR.",http://arxiv.org/abs/2502.20056v1,https://arxiv.org/pdf/2502.20056v1,Accepted by CVPR 2025
Order-Robust Class Incremental Learning: Graph-Driven Dynamic Similarity Grouping,Guannan Lai; Yujie Li; Xiangkun Wang; Junbo Zhang; Tianrui Li; Xin Yang,CVPR,2,0,0,2502.20032,"Class Incremental Learning (CIL) aims to enable models to learn new classes sequentially while retaining knowledge of previous ones. Although current methods have alleviated catastrophic forgetting (CF), recent studies highlight that the performance of CIL models is highly sensitive to the order of class arrival, particularly when sequentially introduced classes exhibit high inter-class similarity. To address this critical yet understudied challenge of class order sensitivity, we first extend existing CIL frameworks through theoretical analysis, proving that grouping classes with lower pairwise similarity during incremental phases significantly improves model robustness to order variations. Building on this insight, we propose Graph-Driven Dynamic Similarity Grouping (GDDSG), a novel method that employs graph coloring algorithms to dynamically partition classes into similarity-constrained groups. Each group trains an isolated CIL sub-model and constructs meta-features for class group identification. Experimental results demonstrate that our method effectively addresses the issue of class order sensitivity while achieving optimal performance in both model accuracy and anti-forgetting capability. Our code is available at https://github.com/AIGNLAI/GDDSG.",http://arxiv.org/abs/2502.20032v2,https://arxiv.org/pdf/2502.20032v2,Accepted to CVPR 2025
GenPC: Zero-shot Point Cloud Completion via 3D Generative Priors,An Li; Zhe Zhu; Mingqiang Wei,CVPR,2,0,0,2502.19896,"Existing point cloud completion methods, which typically depend on predefined synthetic training datasets, encounter significant challenges when applied to out-of-distribution, real-world scans. To overcome this limitation, we introduce a zero-shot completion framework, termed GenPC, designed to reconstruct high-quality real-world scans by leveraging explicit 3D generative priors. Our key insight is that recent feed-forward 3D generative models, trained on extensive internet-scale data, have demonstrated the ability to perform 3D generation from single-view images in a zero-shot setting. To harness this for completion, we first develop a Depth Prompting module that links partial point clouds with image-to-3D generative models by leveraging depth images as a stepping stone. To retain the original partial structure in the final results, we design the Geometric Preserving Fusion module that aligns the generated shape with input by adaptively adjusting its pose and scale. Extensive experiments on widely used benchmarks validate the superiority and generalizability of our approach, bringing us a step closer to robust real-world scan completion.",http://arxiv.org/abs/2502.19896v1,https://arxiv.org/pdf/2502.19896v1,Accepted by CVPR 2025
One Model for ALL: Low-Level Task Interaction Is a Key to Task-Agnostic Image Fusion,Chunyang Cheng; Tianyang Xu; Zhenhua Feng; Xiaojun Wu; ZhangyongTang; Hui Li; Zeyang Zhang; Sara Atito; Muhammad Awais; Josef Kittler,CVPR,2,0,0,2502.19854,"Advanced image fusion methods mostly prioritise high-level missions, where task interaction struggles with semantic gaps, requiring complex bridging mechanisms. In contrast, we propose to leverage low-level vision tasks from digital photography fusion, allowing for effective feature interaction through pixel-level supervision. This new paradigm provides strong guidance for unsupervised multimodal fusion without relying on abstract semantics, enhancing task-shared feature learning for broader applicability. Owning to the hybrid image features and enhanced universal representations, the proposed GIFNet supports diverse fusion tasks, achieving high performance across both seen and unseen scenarios with a single model. Uniquely, experimental results reveal that our framework also supports single-modality enhancement, offering superior flexibility for practical applications. Our code will be available at https://github.com/AWCXV/GIFNet.",http://arxiv.org/abs/2502.19854v2,https://arxiv.org/pdf/2502.19854v2,Accepted by CVPR 2025 v2
CLIP Under the Microscope: A Fine-Grained Analysis of Multi-Object Representation,Reza Abbasi; Ali Nazari; Aminreza Sefid; Mohammadali Banayeeanzade; Mohammad Hossein Rohban; Mahdieh Soleymani Baghshah,CVPR,2,0,0,2502.19842,"Contrastive Language-Image Pre-training (CLIP) models excel in zero-shot classification, yet face challenges in complex multi-object scenarios. This study offers a comprehensive analysis of CLIP's limitations in these contexts using a specialized dataset, ComCO, designed to evaluate CLIP's encoders in diverse multi-object scenarios. Our findings reveal significant biases: the text encoder prioritizes first-mentioned objects, and the image encoder favors larger objects. Through retrieval and classification tasks, we quantify these biases across multiple CLIP variants and trace their origins to CLIP's training process, supported by analyses of the LAION dataset and training progression. Our image-text matching experiments show substantial performance drops when object size or token order changes, underscoring CLIP's instability with rephrased but semantically similar captions. Extending this to longer captions and text-to-image models like Stable Diffusion, we demonstrate how prompt order influences object prominence in generated images. For more details and access to our dataset and analysis code, visit our project repository: https://clip-oscope.github.io.",http://arxiv.org/abs/2502.19842v2,https://arxiv.org/pdf/2502.19842v2,Accepted at CVPR 2025
Knowledge Bridger: Towards Training-free Missing Modality Completion,Guanzhou Ke; Shengfeng He; Xiao Li Wang; Bo Wang; Guoqing Chao; Yuanyang Zhang; Yi Xie; HeXing Su,CVPR,2,0,0,2502.19834,"Previous successful approaches to missing modality completion rely on carefully designed fusion techniques and extensive pre-training on complete data, which can limit their generalizability in out-of-domain (OOD) scenarios. In this study, we pose a new challenge: can we develop a missing modality completion model that is both resource-efficient and robust to OOD generalization? To address this, we present a training-free framework for missing modality completion that leverages large multimodal models (LMMs). Our approach, termed the ""Knowledge Bridger"", is modality-agnostic and integrates generation and ranking of missing modalities. By defining domain-specific priors, our method automatically extracts structured information from available modalities to construct knowledge graphs. These extracted graphs connect the missing modality generation and ranking modules through the LMM, resulting in high-quality imputations of missing modalities. Experimental results across both general and medical domains show that our approach consistently outperforms competing methods, including in OOD generalization. Additionally, our knowledge-driven generation and ranking techniques demonstrate superiority over variants that directly employ LMMs for generation and ranking, offering insights that may be valuable for applications in other domains.",http://arxiv.org/abs/2502.19834v5,https://arxiv.org/pdf/2502.19834v5,Accepted to CVPR 2025
RANGE: Retrieval Augmented Neural Fields for Multi-Resolution Geo-Embeddings,Aayush Dhakal; Srikumar Sastry; Subash Khanal; Adeel Ahmad; Eric Xing; Nathan Jacobs,CVPR,2,0,0,2502.19781,"The choice of representation for geographic location significantly impacts the accuracy of models for a broad range of geospatial tasks, including fine-grained species classification, population density estimation, and biome classification. Recent works like SatCLIP and GeoCLIP learn such representations by contrastively aligning geolocation with co-located images. While these methods work exceptionally well, in this paper, we posit that the current training strategies fail to fully capture the important visual features. We provide an information-theoretic perspective on why the resulting embeddings from these methods discard crucial visual information that is important for many downstream tasks. To solve this problem, we propose a novel retrieval-augmented strategy called RANGE. We build our method on the intuition that the visual features of a location can be estimated by combining the visual features from multiple similar-looking locations. We evaluate our method across a wide variety of tasks. Our results show that RANGE outperforms the existing state-of-the-art models with significant margins in most tasks. We show gains of up to 13.1% on classification tasks and 0.145 $R^2$ on regression tasks. All our code and models will be made available at: https://github.com/mvrl/RANGE.",http://arxiv.org/abs/2502.19781v2,https://arxiv.org/pdf/2502.19781v2,Accepted to CVPR 2025
Finding Local Diffusion Schrödinger Bridge using Kolmogorov-Arnold Network,Xingyu Qiu; Mengying Yang; Xinghua Ma; Fanding Li; Dong Liang; Gongning Luo; Wei Wang; Kuanquan Wang; Shuo Li,CVPR,2,0,0,2502.19754,"In image generation, Schrödinger Bridge (SB)-based methods theoretically enhance the efficiency and quality compared to the diffusion models by finding the least costly path between two distributions. However, they are computationally expensive and time-consuming when applied to complex image data. The reason is that they focus on fitting globally optimal paths in high-dimensional spaces, directly generating images as next step on the path using complex networks through self-supervised training, which typically results in a gap with the global optimum. Meanwhile, most diffusion models are in the same path subspace generated by weights $f_A(t)$ and $f_B(t)$, as they follow the paradigm ($x_t = f_A(t)x_{Img} + f_B(t)ε$). To address the limitations of SB-based methods, this paper proposes for the first time to find local Diffusion Schrödinger Bridges (LDSB) in the diffusion path subspace, which strengthens the connection between the SB problem and diffusion models. Specifically, our method optimizes the diffusion paths using Kolmogorov-Arnold Network (KAN), which has the advantage of resistance to forgetting and continuous output. The experiment shows that our LDSB significantly improves the quality and efficiency of image generation using the same pre-trained denoising network and the KAN for optimising is only less than 0.1MB. The FID metric is reduced by more than 15\%, especially with a reduction of 48.50\% when NFE of DDIM is $5$ for the CelebA dataset. Code is available at https://github.com/PerceptionComputingLab/LDSB.",http://arxiv.org/abs/2502.19754v2,https://arxiv.org/pdf/2502.19754v2,"16 pages, 10 figures, accepted by CVPR 2025"
Rethinking Epistemic and Aleatoric Uncertainty for Active Open-Set Annotation: An Energy-Based Approach,Chen-Chen Zong; Sheng-Jun Huang,CVPR,2,0,0,2502.19691,"Active learning (AL), which iteratively queries the most informative examples from a large pool of unlabeled candidates for model training, faces significant challenges in the presence of open-set classes. Existing methods either prioritize query examples likely to belong to known classes, indicating low epistemic uncertainty (EU), or focus on querying those with highly uncertain predictions, reflecting high aleatoric uncertainty (AU). However, they both yield suboptimal performance, as low EU corresponds to limited useful information, and closed-set AU metrics for unknown class examples are less meaningful. In this paper, we propose an Energy-based Active Open-set Annotation (EAOA) framework, which effectively integrates EU and AU to achieve superior performance. EAOA features a $(C+1)$-class detector and a target classifier, incorporating an energy-based EU measure and a margin-based energy loss designed for the detector, alongside an energy-based AU measure for the target classifier. Another crucial component is the target-driven adaptive sampling strategy. It first forms a smaller candidate set with low EU scores to ensure closed-set properties, making AU metrics meaningful. Subsequently, examples with high AU scores are queried to form the final query set, with the candidate set size adjusted adaptively. Extensive experiments show that EAOA achieves state-of-the-art performance while maintaining high query precision and low training overhead. The code is available at https://github.com/chenchenzong/EAOA.",http://arxiv.org/abs/2502.19691v2,https://arxiv.org/pdf/2502.19691v2,Accepted to CVPR 2025
GCC: Generative Color Constancy via Diffusing a Color Checker,Chen-Wei Chang; Cheng-De Fan; Chia-Che Chang; Yi-Chen Lo; Yu-Chee Tseng; Jiun-Long Huang; Yu-Lun Liu,CVPR,2,0,0,2502.17435,"Color constancy methods often struggle to generalize across different camera sensors due to varying spectral sensitivities. We present GCC, which leverages diffusion models to inpaint color checkers into images for illumination estimation. Our key innovations include (1) a single-step deterministic inference approach that inpaints color checkers reflecting scene illumination, (2) a Laplacian decomposition technique that preserves checker structure while allowing illumination-dependent color adaptation, and (3) a mask-based data augmentation strategy for handling imprecise color checker annotations. By harnessing rich priors from pre-trained diffusion models, GCC demonstrates strong robustness in challenging cross-camera scenarios. These results highlight our method's effective generalization capability across different camera characteristics without requiring sensor-specific training, making it a versatile and practical solution for real-world applications.",http://arxiv.org/abs/2502.17435v2,https://arxiv.org/pdf/2502.17435v2,Paper accepted to CVPR 2025. Project page: https://chenwei891213.github.io/GCC/
Exploiting Deblurring Networks for Radiance Fields,Haeyun Choi; Heemin Yang; Janghyeok Han; Sunghyun Cho,CVPR,2,0,0,2502.14454,"In this paper, we propose DeepDeblurRF, a novel radiance field deblurring approach that can synthesize high-quality novel views from blurred training views with significantly reduced training time. DeepDeblurRF leverages deep neural network (DNN)-based deblurring modules to enjoy their deblurring performance and computational efficiency. To effectively combine DNN-based deblurring and radiance field construction, we propose a novel radiance field (RF)-guided deblurring and an iterative framework that performs RF-guided deblurring and radiance field construction in an alternating manner. Moreover, DeepDeblurRF is compatible with various scene representations, such as voxel grids and 3D Gaussians, expanding its applicability. We also present BlurRF-Synth, the first large-scale synthetic dataset for training radiance field deblurring frameworks. We conduct extensive experiments on both camera motion blur and defocus blur, demonstrating that DeepDeblurRF achieves state-of-the-art novel-view synthesis quality with significantly reduced training time.",http://arxiv.org/abs/2502.14454v2,https://arxiv.org/pdf/2502.14454v2,Accepted to CVPR 2025. Project page: https://haeyun-choi.github.io/DDRF_page/
3D Gaussian Inpainting with Depth-Guided Cross-View Consistency,Sheng-Yu Huang; Zi-Ting Chou; Yu-Chiang Frank Wang,CVPR,2,0,0,2502.11801,"When performing 3D inpainting using novel-view rendering methods like Neural Radiance Field (NeRF) or 3D Gaussian Splatting (3DGS), how to achieve texture and geometry consistency across camera views has been a challenge. In this paper, we propose a framework of 3D Gaussian Inpainting with Depth-Guided Cross-View Consistency (3DGIC) for cross-view consistent 3D inpainting. Guided by the rendered depth information from each training view, our 3DGIC exploits background pixels visible across different views for updating the inpainting mask, allowing us to refine the 3DGS for inpainting purposes.Through extensive experiments on benchmark datasets, we confirm that our 3DGIC outperforms current state-of-the-art 3D inpainting methods quantitatively and qualitatively.",http://arxiv.org/abs/2502.11801v2,https://arxiv.org/pdf/2502.11801v2,"Accepted to CVPR 2025. For project page, see https://peterjohnsonhuang.github.io/3dgic-pages"
Occlusion-aware Text-Image-Point Cloud Pretraining for Open-World 3D Object Recognition,Khanh Nguyen; Ghulam Mubashar Hassan; Ajmal Mian,CVPR,2,0,0,2502.10674,"Recent open-world representation learning approaches have leveraged CLIP to enable zero-shot 3D object recognition. However, performance on real point clouds with occlusions still falls short due to unrealistic pretraining settings. Additionally, these methods incur high inference costs because they rely on Transformer's attention modules. In this paper, we make two contributions to address these limitations. First, we propose occlusion-aware text-image-point cloud pretraining to reduce the training-testing domain gap. From 52K synthetic 3D objects, our framework generates nearly 630K partial point clouds for pretraining, consistently improving real-world recognition performances of existing popular 3D networks. Second, to reduce computational requirements, we introduce DuoMamba, a two-stream linear state space model tailored for point clouds. By integrating two space-filling curves with 1D convolutions, DuoMamba effectively models spatial dependencies between point tokens, offering a powerful alternative to Transformer. When pretrained with our framework, DuoMamba surpasses current state-of-the-art methods while reducing latency and FLOPs, highlighting the potential of our approach for real-world applications. Our code and data are available at https://ndkhanh360.github.io/project-occtip.",http://arxiv.org/abs/2502.10674v2,https://arxiv.org/pdf/2502.10674v2,Accepted to CVPR 2025
Spatial457: A Diagnostic Benchmark for 6D Spatial Reasoning of Large Multimodal Models,Xingrui Wang; Wufei Ma; Tiezheng Zhang; Celso M de Melo; Jieneng Chen; Alan Yuille,CVPR,2,0,0,2502.08636,"Although large multimodal models (LMMs) have demonstrated remarkable capabilities in visual scene interpretation and reasoning, their capacity for complex and precise 3-dimensional spatial reasoning remains uncertain. Existing benchmarks focus predominantly on 2D spatial understanding and lack a framework to comprehensively evaluate 6D spatial reasoning across varying complexities. To address this limitation, we present Spatial457, a scalable and unbiased synthetic dataset designed with 4 key capability for spatial reasoning: multi-object recognition, 2D location, 3D location, and 3D orientation. We develop a cascading evaluation structure, constructing 7 question types across 5 difficulty levels that range from basic single object recognition to our new proposed complex 6D spatial reasoning tasks. We evaluated various large multimodal models (LMMs) on PulseCheck457, observing a general decline in performance as task complexity increases, particularly in 3D reasoning and 6D spatial tasks. To quantify these challenges, we introduce the Relative Performance Dropping Rate (RPDR), highlighting key weaknesses in 3D reasoning capabilities. Leveraging the unbiased attribute design of our dataset, we also uncover prediction biases across different attributes, with similar patterns observed in real-world image settings. The code and data are released in https://github.com/XingruiWang/Spatial457.",http://arxiv.org/abs/2502.08636v4,https://arxiv.org/pdf/2502.08636v4,Published in CVPR 2025 as Highlight. Data and code are released at https://github.com/XingruiWang/Spatial457
FloVD: Optical Flow Meets Video Diffusion Model for Enhanced Camera-Controlled Video Synthesis,Wonjoon Jin; Qi Dai; Chong Luo; Seung-Hwan Baek; Sunghyun Cho,CVPR,2,0,0,2502.08244,"We present FloVD, a novel video diffusion model for camera-controllable video generation. FloVD leverages optical flow to represent the motions of the camera and moving objects. This approach offers two key benefits. Since optical flow can be directly estimated from videos, our approach allows for the use of arbitrary training videos without ground-truth camera parameters. Moreover, as background optical flow encodes 3D correlation across different viewpoints, our method enables detailed camera control by leveraging the background motion. To synthesize natural object motion while supporting detailed camera control, our framework adopts a two-stage video synthesis pipeline consisting of optical flow generation and flow-conditioned video synthesis. Extensive experiments demonstrate the superiority of our method over previous approaches in terms of accurate camera control and natural object motion synthesis.",http://arxiv.org/abs/2502.08244v2,https://arxiv.org/pdf/2502.08244v2,Our paper has been accepted to CVPR 2025. Website: https://jinwonjoon.github.io/flovd_site/ Code: https://github.com/JinWonjoon/FloVD
Towards Zero-Shot Anomaly Detection and Reasoning with Multimodal Large Language Models,Jiacong Xu; Shao-Yuan Lo; Bardia Safaei; Vishal M. Patel; Isht Dwivedi,CVPR,2,0,0,2502.07601,"Zero-Shot Anomaly Detection (ZSAD) is an emerging AD paradigm. Unlike the traditional unsupervised AD setting that requires a large number of normal samples to train a model, ZSAD is more practical for handling data-restricted real-world scenarios. Recently, Multimodal Large Language Models (MLLMs) have shown revolutionary reasoning capabilities in various vision tasks. However, the reasoning of image abnormalities remains underexplored due to the lack of corresponding datasets and benchmarks. To facilitate research in AD & reasoning, we establish the first visual instruction tuning dataset, Anomaly-Instruct-125k, and the evaluation benchmark, VisA-D&R. Through investigation with our benchmark, we reveal that current MLLMs like GPT-4o cannot accurately detect and describe fine-grained anomalous details in images. To address this, we propose Anomaly-OneVision (Anomaly-OV), the first specialist visual assistant for ZSAD and reasoning. Inspired by human behavior in visual inspection, Anomaly-OV leverages a Look-Twice Feature Matching (LTFM) mechanism to adaptively select and emphasize abnormal visual tokens. Extensive experiments demonstrate that Anomaly-OV achieves significant improvements over advanced generalist models in both detection and reasoning. Extensions to medical and 3D AD are provided for future study. The link to our project page: https://xujiacong.github.io/Anomaly-OV/",http://arxiv.org/abs/2502.07601v2,https://arxiv.org/pdf/2502.07601v2,"19 pages, 10 figures, accepted by CVPR 2025"
EgoTextVQA: Towards Egocentric Scene-Text Aware Video Question Answering,Sheng Zhou; Junbin Xiao; Qingyun Li; Yicong Li; Xun Yang; Dan Guo; Meng Wang; Tat-Seng Chua; Angela Yao,CVPR,2,0,0,2502.07411,"We introduce EgoTextVQA, a novel and rigorously constructed benchmark for egocentric QA assistance involving scene text. EgoTextVQA contains 1.5K ego-view videos and 7K scene-text aware questions that reflect real user needs in outdoor driving and indoor house-keeping activities. The questions are designed to elicit identification and reasoning on scene text in an egocentric and dynamic environment. With EgoTextVQA, we comprehensively evaluate 10 prominent multimodal large language models. Currently, all models struggle, and the best results (Gemini 1.5 Pro) are around 33\% accuracy, highlighting the severe deficiency of these techniques in egocentric QA assistance. Our further investigations suggest that precise temporal grounding and multi-frame reasoning, along with high resolution and auxiliary scene-text inputs, are key for better performance. With thorough analyses and heuristic suggestions, we hope EgoTextVQA can serve as a solid testbed for research in egocentric scene-text QA assistance. Our dataset is released at: https://github.com/zhousheng97/EgoTextVQA.",http://arxiv.org/abs/2502.07411v2,https://arxiv.org/pdf/2502.07411v2,Accepted by CVPR 2025
Transfer Your Perspective: Controllable 3D Generation from Any Viewpoint in a Driving Scene,Tai-Yu Pan; Sooyoung Jeon; Mengdi Fan; Jinsu Yoo; Zhenyang Feng; Mark Campbell; Kilian Q. Weinberger; Bharath Hariharan; Wei-Lun Chao,CVPR,2,0,0,2502.06682,"Self-driving cars relying solely on ego-centric perception face limitations in sensing, often failing to detect occluded, faraway objects. Collaborative autonomous driving (CAV) seems like a promising direction, but collecting data for development is non-trivial. It requires placing multiple sensor-equipped agents in a real-world driving scene, simultaneously! As such, existing datasets are limited in locations and agents. We introduce a novel surrogate to the rescue, which is to generate realistic perception from different viewpoints in a driving scene, conditioned on a real-world sample - the ego-car's sensory data. This surrogate has huge potential: it could potentially turn any ego-car dataset into a collaborative driving one to scale up the development of CAV. We present the very first solution, using a combination of simulated collaborative data and real ego-car data. Our method, Transfer Your Perspective (TYP), learns a conditioned diffusion model whose output samples are not only realistic but also consistent in both semantics and layouts with the given ego-car data. Empirical results demonstrate TYP's effectiveness in aiding in a CAV setting. In particular, TYP enables us to (pre-)train collaborative perception algorithms like early and late fusion with little or no real-world collaborative data, greatly facilitating downstream CAV applications.",http://arxiv.org/abs/2502.06682v2,https://arxiv.org/pdf/2502.06682v2,Accepted to CVPR 2025
AuraFusion360: Augmented Unseen Region Alignment for Reference-based 360° Unbounded Scene Inpainting,Chung-Ho Wu; Yang-Jung Chen; Ying-Huan Chen; Jie-Ying Lee; Bo-Hsu Ke; Chun-Wei Tuan Mu; Yi-Chuan Huang; Chin-Yang Lin; Min-Hung Chen; Yen-Yu Lin; Yu-Lun Liu,CVPR,2,0,0,2502.05176,"Three-dimensional scene inpainting is crucial for applications from virtual reality to architectural visualization, yet existing methods struggle with view consistency and geometric accuracy in 360° unbounded scenes. We present AuraFusion360, a novel reference-based method that enables high-quality object removal and hole filling in 3D scenes represented by Gaussian Splatting. Our approach introduces (1) depth-aware unseen mask generation for accurate occlusion identification, (2) Adaptive Guided Depth Diffusion, a zero-shot method for accurate initial point placement without requiring additional training, and (3) SDEdit-based detail enhancement for multi-view coherence. We also introduce 360-USID, the first comprehensive dataset for 360° unbounded scene inpainting with ground truth. Extensive experiments demonstrate that AuraFusion360 significantly outperforms existing methods, achieving superior perceptual quality while maintaining geometric accuracy across dramatic viewpoint changes.",http://arxiv.org/abs/2502.05176v3,https://arxiv.org/pdf/2502.05176v3,Paper accepted to CVPR 2025. Project page: https://kkennethwu.github.io/aurafusion360/
HD-EPIC: A Highly-Detailed Egocentric Video Dataset,Toby Perrett; Ahmad Darkhalil; Saptarshi Sinha; Omar Emara; Sam Pollard; Kranti Parida; Kaiting Liu; Prajwal Gatti; Siddhant Bansal; Kevin Flanagan; Jacob Chalk; Zhifan Zhu; Rhodri Guerrier; Fahd Abdelazim; Bin Zhu; Davide Moltisanti; Michael Wray; Hazel Doughty; Dima Damen,CVPR,2,0,0,2502.04144,"We present a validation dataset of newly-collected kitchen-based egocentric videos, manually annotated with highly detailed and interconnected ground-truth labels covering: recipe steps, fine-grained actions, ingredients with nutritional values, moving objects, and audio annotations. Importantly, all annotations are grounded in 3D through digital twinning of the scene, fixtures, object locations, and primed with gaze. Footage is collected from unscripted recordings in diverse home environments, making HDEPIC the first dataset collected in-the-wild but with detailed annotations matching those in controlled lab environments. We show the potential of our highly-detailed annotations through a challenging VQA benchmark of 26K questions assessing the capability to recognise recipes, ingredients, nutrition, fine-grained actions, 3D perception, object motion, and gaze direction. The powerful long-context Gemini Pro only achieves 38.5% on this benchmark, showcasing its difficulty and highlighting shortcomings in current VLMs. We additionally assess action recognition, sound recognition, and long-term video-object segmentation on HD-EPIC. HD-EPIC is 41 hours of video in 9 kitchens with digital twins of 413 kitchen fixtures, capturing 69 recipes, 59K fine-grained actions, 51K audio events, 20K object movements and 37K object masks lifted to 3D. On average, we have 263 annotations per minute of our unscripted videos.",http://arxiv.org/abs/2502.04144v2,https://arxiv.org/pdf/2502.04144v2,Accepted at CVPR 2025. Project Webpage and Dataset: http://hd-epic.github.io
REALEDIT: Reddit Edits As a Large-scale Empirical Dataset for Image Transformations,Peter Sushko; Ayana Bharadwaj; Zhi Yang Lim; Vasily Ilin; Ben Caffee; Dongping Chen; Mohammadreza Salehi; Cheng-Yu Hsieh; Ranjay Krishna,CVPR,2,0,0,2502.03629,"Existing image editing models struggle to meet real-world demands. Despite excelling in academic benchmarks, they have yet to be widely adopted for real user needs. Datasets that power these models use artificial edits, lacking the scale and ecological validity necessary to address the true diversity of user requests. We introduce REALEDIT, a large-scale image editing dataset with authentic user requests and human-made edits sourced from Reddit. REALEDIT includes a test set of 9300 examples to evaluate models on real user requests. Our results show that existing models fall short on these tasks, highlighting the need for realistic training data. To address this, we introduce 48K training examples and train our REALEDIT model, achieving substantial gains - outperforming competitors by up to 165 Elo points in human judgment and 92 percent relative improvement on the automated VIEScore metric. We deploy our model on Reddit, testing it on new requests, and receive positive feedback. Beyond image editing, we explore REALEDIT's potential in detecting edited images by partnering with a deepfake detection non-profit. Finetuning their model on REALEDIT data improves its F1-score by 14 percentage points, underscoring the dataset's value for broad applications.",http://arxiv.org/abs/2502.03629v2,https://arxiv.org/pdf/2502.03629v2,Published at CVPR 2025
Instruct-4DGS: Efficient Dynamic Scene Editing via 4D Gaussian-based Static-Dynamic Separation,Joohyun Kwon; Hanbyel Cho; Junmo Kim,CVPR,2,0,0,2502.02091,"Recent 4D dynamic scene editing methods require editing thousands of 2D images used for dynamic scene synthesis and updating the entire scene with additional training loops, resulting in several hours of processing to edit a single dynamic scene. Therefore, these methods are not scalable with respect to the temporal dimension of the dynamic scene (i.e., the number of timesteps). In this work, we propose Instruct-4DGS, an efficient dynamic scene editing method that is more scalable in terms of temporal dimension. To achieve computational efficiency, we leverage a 4D Gaussian representation that models a 4D dynamic scene by combining static 3D Gaussians with a Hexplane-based deformation field, which captures dynamic information. We then perform editing solely on the static 3D Gaussians, which is the minimal but sufficient component required for visual editing. To resolve the misalignment between the edited 3D Gaussians and the deformation field, which may arise from the editing process, we introduce a refinement stage using a score distillation mechanism. Extensive editing results demonstrate that Instruct-4DGS is efficient, reducing editing time by more than half compared to existing methods while achieving high-quality edits that better follow user instructions. Code and results: https://hanbyelcho.info/instruct-4dgs/",http://arxiv.org/abs/2502.02091v3,https://arxiv.org/pdf/2502.02091v3,Accepted to CVPR 2025. The first two authors contributed equally
PhysAnimator: Physics-Guided Generative Cartoon Animation,Tianyi Xie; Yiwei Zhao; Ying Jiang; Chenfanfu Jiang,CVPR,2,0,0,2501.16550,"Creating hand-drawn animation sequences is labor-intensive and demands professional expertise. We introduce PhysAnimator, a novel approach for generating physically plausible meanwhile anime-stylized animation from static anime illustrations. Our method seamlessly integrates physics-based simulations with data-driven generative models to produce dynamic and visually compelling animations. To capture the fluidity and exaggeration characteristic of anime, we perform image-space deformable body simulations on extracted mesh geometries. We enhance artistic control by introducing customizable energy strokes and incorporating rigging point support, enabling the creation of tailored animation effects such as wind interactions. Finally, we extract and warp sketches from the simulation sequence, generating a texture-agnostic representation, and employ a sketch-guided video diffusion model to synthesize high-quality animation frames. The resulting animations exhibit temporal consistency and visual plausibility, demonstrating the effectiveness of our method in creating dynamic anime-style animations. See our project page for more demos: https://xpandora.github.io/PhysAnimator/",http://arxiv.org/abs/2501.16550v2,https://arxiv.org/pdf/2501.16550v2,Accepted by CVPR 2025
"T2ISafety: Benchmark for Assessing Fairness, Toxicity, and Privacy in Image Generation",Lijun Li; Zhelun Shi; Xuhao Hu; Bowen Dong; Yiran Qin; Xihui Liu; Lu Sheng; Jing Shao,CVPR,2,0,0,2501.12612,"Text-to-image (T2I) models have rapidly advanced, enabling the generation of high-quality images from text prompts across various domains. However, these models present notable safety concerns, including the risk of generating harmful, biased, or private content. Current research on assessing T2I safety remains in its early stages. While some efforts have been made to evaluate models on specific safety dimensions, many critical risks remain unexplored. To address this gap, we introduce T2ISafety, a safety benchmark that evaluates T2I models across three key domains: toxicity, fairness, and bias. We build a detailed hierarchy of 12 tasks and 44 categories based on these three domains, and meticulously collect 70K corresponding prompts. Based on this taxonomy and prompt set, we build a large-scale T2I dataset with 68K manually annotated images and train an evaluator capable of detecting critical risks that previous work has failed to identify, including risks that even ultra-large proprietary models like GPTs cannot correctly detect. We evaluate 12 prominent diffusion models on T2ISafety and reveal several concerns including persistent issues with racial fairness, a tendency to generate toxic content, and significant variation in privacy protection across the models, even with defense methods like concept erasing. Data and evaluator are released under https://github.com/adwardlee/t2i_safety.",http://arxiv.org/abs/2501.12612v3,https://arxiv.org/pdf/2501.12612v3,Accepted at CVPR 2025
Teaching Large Language Models to Regress Accurate Image Quality Scores using Score Distribution,Zhiyuan You; Xin Cai; Jinjin Gu; Tianfan Xue; Chao Dong,CVPR,2,0,0,2501.11561,"With the rapid advancement of Multi-modal Large Language Models (MLLMs), MLLM-based Image Quality Assessment (IQA) methods have shown promising performance in linguistic quality description. However, current methods still fall short in accurately scoring image quality. In this work, we aim to leverage MLLMs to regress accurate quality scores. A key challenge is that the quality score is inherently continuous, typically modeled as a Gaussian distribution, whereas MLLMs generate discrete token outputs. This mismatch necessitates score discretization. Previous approaches discretize the mean score into a one-hot label, resulting in information loss and failing to capture inter-image relationships. We propose a distribution-based approach that discretizes the score distribution into a soft label. This method preserves the characteristics of the score distribution, achieving high accuracy and maintaining inter-image relationships. Moreover, to address dataset variation, where different IQA datasets exhibit various distributions, we introduce a fidelity loss based on Thurstone's model. This loss captures intra-dataset relationships, facilitating co-training across multiple IQA datasets. With these designs, we develop the distribution-based Depicted image Quality Assessment model for Score regression (DeQA-Score). Experiments across multiple benchmarks show that DeQA-Score stably outperforms baselines in score regression. Also, DeQA-Score can predict the score distribution that closely aligns with human annotations. Codes and model weights have been released in https://depictqa.github.io/deqa-score/.",http://arxiv.org/abs/2501.11561v3,https://arxiv.org/pdf/2501.11561v3,Accepted by CVPR 2025
UltraFusion: Ultra High Dynamic Imaging using Exposure Fusion,Zixuan Chen; Yujin Wang; Xin Cai; Zhiyuan You; Zheming Lu; Fan Zhang; Shi Guo; Tianfan Xue,CVPR,2,0,0,2501.11515,"Capturing high dynamic range (HDR) scenes is one of the most important issues in camera design. Majority of cameras use exposure fusion, which fuses images captured by different exposure levels, to increase dynamic range. However, this approach can only handle images with limited exposure difference, normally 3-4 stops. When applying to very high dynamic range scenes where a large exposure difference is required, this approach often fails due to incorrect alignment or inconsistent lighting between inputs, or tone mapping artifacts. In this work, we propose \model, the first exposure fusion technique that can merge inputs with 9 stops differences. The key idea is that we model exposure fusion as a guided inpainting problem, where the under-exposed image is used as a guidance to fill the missing information of over-exposed highlights in the over-exposed region. Using an under-exposed image as a soft guidance, instead of a hard constraint, our model is robust to potential alignment issue or lighting variations. Moreover, by utilizing the image prior of the generative model, our model also generates natural tone mapping, even for very high-dynamic range scenes. Our approach outperforms HDR-Transformer on latest HDR benchmarks. Moreover, to test its performance in ultra high dynamic range scenes, we capture a new real-world exposure fusion benchmark, UltraFusion dataset, with exposure differences up to 9 stops, and experiments show that UltraFusion can generate beautiful and high-quality fusion results under various scenarios. Code and data will be available at https://openimaginglab.github.io/UltraFusion.",http://arxiv.org/abs/2501.11515v4,https://arxiv.org/pdf/2501.11515v4,Accepted by CVPR 2025. Project Page: https://openimaginglab.github.io/UltraFusion
Finer-CAM: Spotting the Difference Reveals Finer Details for Visual Explanation,Ziheng Zhang; Jianyang Gu; Arpita Chowdhury; Zheda Mai; David Carlyn; Tanya Berger-Wolf; Yu Su; Wei-Lun Chao,CVPR,2,0,0,2501.11309,"Class activation map (CAM) has been widely used to highlight image regions that contribute to class predictions. Despite its simplicity and computational efficiency, CAM often struggles to identify discriminative regions that distinguish visually similar fine-grained classes. Prior efforts address this limitation by introducing more sophisticated explanation processes, but at the cost of extra complexity. In this paper, we propose Finer-CAM, a method that retains CAM's efficiency while achieving precise localization of discriminative regions. Our key insight is that the deficiency of CAM lies not in ""how"" it explains, but in ""what"" it explains. Specifically, previous methods attempt to identify all cues contributing to the target class's logit value, which inadvertently also activates regions predictive of visually similar classes. By explicitly comparing the target class with similar classes and spotting their differences, Finer-CAM suppresses features shared with other classes and emphasizes the unique, discriminative details of the target class. Finer-CAM is easy to implement, compatible with various CAM methods, and can be extended to multi-modal models for accurate localization of specific concepts. Additionally, Finer-CAM allows adjustable comparison strength, enabling users to selectively highlight coarse object contours or fine discriminative details. Quantitatively, we show that masking out the top 5% of activated pixels by Finer-CAM results in a larger relative confidence drop compared to baselines. The source code and demo are available at https://github.com/Imageomics/Finer-CAM.",http://arxiv.org/abs/2501.11309v2,https://arxiv.org/pdf/2501.11309v2,Accepted by CVPR 2025
Mitigating Hallucinations in Large Vision-Language Models via DPO: On-Policy Data Hold the Key,Zhihe Yang; Xufang Luo; Dongqi Han; Yunjian Xu; Dongsheng Li,CVPR,2,0,0,2501.09695,"Hallucination remains a major challenge for Large Vision-Language Models (LVLMs). Direct Preference Optimization (DPO) has gained increasing attention as a simple solution to hallucination issues. It directly learns from constructed preference pairs that reflect the severity of hallucinations in responses to the same prompt and image. Nonetheless, different data construction methods in existing works bring notable performance variations. We identify a crucial factor here: outcomes are largely contingent on whether the constructed data aligns on-policy w.r.t the initial (reference) policy of DPO. Theoretical analysis suggests that learning from off-policy data is impeded by the presence of KL-divergence between the updated policy and the reference policy. From the perspective of dataset distribution, we systematically summarize the inherent flaws in existing algorithms that employ DPO to address hallucination issues. To alleviate the problems, we propose On-Policy Alignment (OPA)-DPO framework, which uniquely leverages expert feedback to correct hallucinated responses and aligns both the original and expert-revised responses in an on-policy manner. Notably, with only 4.8k data, OPA-DPO achieves an additional reduction in the hallucination rate of LLaVA-1.5-7B: 13.26% on the AMBER benchmark and 5.39% on the Object-Hal benchmark, compared to the previous SOTA algorithm trained with 16k samples. Our implementation is available at https://github.com/zhyang2226/OPA-DPO.",http://arxiv.org/abs/2501.09695v2,https://arxiv.org/pdf/2501.09695v2,Accepted by CVPR 2025
Prompt-CAM: Making Vision Transformers Interpretable for Fine-Grained Analysis,Arpita Chowdhury; Dipanjyoti Paul; Zheda Mai; Jianyang Gu; Ziheng Zhang; Kazi Sajeed Mehrab; Elizabeth G. Campolongo; Daniel Rubenstein; Charles V. Stewart; Anuj Karpatne; Tanya Berger-Wolf; Yu Su; Wei-Lun Chao,CVPR,2,0,0,2501.09333,"We present a simple approach to make pre-trained Vision Transformers (ViTs) interpretable for fine-grained analysis, aiming to identify and localize the traits that distinguish visually similar categories, such as bird species. Pre-trained ViTs, such as DINO, have demonstrated remarkable capabilities in extracting localized, discriminative features. However, saliency maps like Grad-CAM often fail to identify these traits, producing blurred, coarse heatmaps that highlight entire objects instead. We propose a novel approach, Prompt Class Attention Map (Prompt-CAM), to address this limitation. Prompt-CAM learns class-specific prompts for a pre-trained ViT and uses the corresponding outputs for classification. To correctly classify an image, the true-class prompt must attend to unique image patches not present in other classes' images (i.e., traits). As a result, the true class's multi-head attention maps reveal traits and their locations. Implementation-wise, Prompt-CAM is almost a ``free lunch,'' requiring only a modification to the prediction head of Visual Prompt Tuning (VPT). This makes Prompt-CAM easy to train and apply, in stark contrast to other interpretable methods that require designing specific models and training processes. Extensive empirical studies on a dozen datasets from various domains (e.g., birds, fishes, insects, fungi, flowers, food, and cars) validate the superior interpretation capability of Prompt-CAM. The source code and demo are available at https://github.com/Imageomics/Prompt_CAM.",http://arxiv.org/abs/2501.09333v2,https://arxiv.org/pdf/2501.09333v2,Accepted by CVPR 2025 Main Conference
Bias for Action: Video Implicit Neural Representations with Bias Modulation,Alper Kayabasi; Anil Kumar Vadathya; Guha Balakrishnan; Vishwanath Saragadam,CVPR,2,0,0,2501.09277,"We propose a new continuous video modeling framework based on implicit neural representations (INRs) called ActINR. At the core of our approach is the observation that INRs can be considered as a learnable dictionary, with the shapes of the basis functions governed by the weights of the INR, and their locations governed by the biases. Given compact non-linear activation functions, we hypothesize that an INR's biases are suitable to capture motion across images, and facilitate compact representations for video sequences. Using these observations, we design ActINR to share INR weights across frames of a video sequence, while using unique biases for each frame. We further model the biases as the output of a separate INR conditioned on time index to promote smoothness. By training the video INR and this bias INR together, we demonstrate unique capabilities, including $10\times$ video slow motion, 4x spatial super resolution along with 2x slow motion, denoising, and video inpainting. ActINR performs remarkably well across numerous video processing tasks (often achieving more than 6dB improvement), setting a new standard for continuous modeling of videos.",http://arxiv.org/abs/2501.09277v2,https://arxiv.org/pdf/2501.09277v2,Accepted to CVPR 2025. Project webpage: https://alpoler.github.io/actioner
"MonSter++: Unified Stereo Matching, Multi-view Stereo, and Real-time Stereo with Monodepth Priors",Junda Cheng; Wenjing Liao; Zhipeng Cai; Longliang Liu; Gangwei Xu; Xianqi Wang; Yuzhou Wang; Zikang Yuan; Yong Deng; Jinliang Zang; Yangyang Shi; Jinhui Tang; Xin Yang,CVPR,2,0,0,2501.08643,"We introduce MonSter++, a geometric foundation model for multi-view depth estimation, unifying rectified stereo matching and unrectified multi-view stereo. Both tasks fundamentally recover metric depth from correspondence search and consequently face the same dilemma: struggling to handle ill-posed regions with limited matching cues. To address this, we propose MonSter++, a novel method that integrates monocular depth priors into multi-view depth estimation, effectively combining the complementary strengths of single-view and multi-view cues. MonSter++ fuses monocular depth and multi-view depth into a dual-branched architecture. Confidence-based guidance adaptively selects reliable multi-view cues to correct scale ambiguity in monocular depth. The refined monocular predictions, in turn, effectively guide multi-view estimation in ill-posed regions. This iterative mutual enhancement enables MonSter++ to evolve coarse object-level monocular priors into fine-grained, pixel-level geometry, fully unlocking the potential of multi-view depth estimation. MonSter++ achieves new state-of-the-art on both stereo matching and multi-view stereo. By effectively incorporating monocular priors through our cascaded search and multi-scale depth fusion strategy, our real-time variant RT-MonSter++ also outperforms previous real-time methods by a large margin. As shown in Fig.1, MonSter++ achieves significant improvements over previous methods across eight benchmarks from three tasks -- stereo matching, real-time stereo matching, and multi-view stereo, demonstrating the strong generality of our framework. Besides high accuracy, MonSter++ also demonstrates superior zero-shot generalization capability. We will release both the large and the real-time models to facilitate their use by the open-source community.",http://arxiv.org/abs/2501.08643v2,https://arxiv.org/pdf/2501.08643v2,"MonSter++: Unified Stereo Matching, Multi-view Stereo, and Real-time Stereo with Monodepth Priors, is the extended journal version of our earlier conference paper (arXiv:2501.08643) accepted to CVPR 2025"
VASparse: Towards Efficient Visual Hallucination Mitigation via Visual-Aware Token Sparsification,Xianwei Zhuang; Zhihong Zhu; Yuxin Xie; Liming Liang; Yuexian Zou,CVPR,2,0,0,2501.06553,"Large Vision-Language Models (LVLMs) may produce outputs that are unfaithful to reality, also known as visual hallucinations (VH), which significantly impedes their real-world usage. To alleviate VH, various decoding strategies have been proposed to enhance visual information. However, many of these methods may require secondary decoding and rollback, which significantly reduces inference speed. In this work, we propose an efficient plug-and-play decoding algorithm via Visual-Aware Sparsification (VASparse) from the perspective of token sparsity for mitigating VH. VASparse is inspired by empirical observations: (1) the sparse activation of attention in LVLMs, and (2) visual-agnostic tokens sparsification exacerbates VH. Based on these insights, we propose a novel token sparsification strategy that balances efficiency and trustworthiness. Specifically, VASparse implements a visual-aware token selection strategy during decoding to reduce redundant tokens while preserving visual context effectively. Additionally, we innovatively introduce a sparse-based visual contrastive decoding method to recalibrate the distribution of hallucinated outputs without the time overhead associated with secondary decoding. Subsequently, VASparse recalibrates attention scores to penalize attention sinking of LVLMs towards text tokens. Extensive experiments across four popular benchmarks confirm the effectiveness of VASparse in mitigating VH across different LVLM families without requiring additional training or post-processing. Impressively, VASparse achieves state-of-the-art performance for mitigating VH while maintaining competitive decoding speed. Code is available at https://github.com/mengchuang123/VASparse-github.",http://arxiv.org/abs/2501.06553v2,https://arxiv.org/pdf/2501.06553v2,Accepted by CVPR 2025
Discovering Hidden Visual Concepts Beyond Linguistic Input in Infant Learning,Xueyi Ke; Satoshi Tsutsui; Yayun Zhang; Bihan Wen,CVPR,2,0,0,2501.05205,"Infants develop complex visual understanding rapidly, even preceding the acquisition of linguistic skills. As computer vision seeks to replicate the human vision system, understanding infant visual development may offer valuable insights. In this paper, we present an interdisciplinary study exploring this question: can a computational model that imitates the infant learning process develop broader visual concepts that extend beyond the vocabulary it has heard, similar to how infants naturally learn? To investigate this, we analyze a recently published model in Science by Vong et al., which is trained on longitudinal, egocentric images of a single child paired with transcribed parental speech. We perform neuron labeling to identify visual concept neurons hidden in the model's internal representations. We then demonstrate that these neurons can recognize objects beyond the model's original vocabulary. Furthermore, we compare the differences in representation between infant models and those in modern computer vision models, such as CLIP and ImageNet pre-trained model. Ultimately, our work bridges cognitive science and computer vision by analyzing the internal representations of a computational model trained on an infant visual and linguistic inputs. Project page is available at https://kexueyi.github.io/webpage-discover-hidden-visual-concepts.",http://arxiv.org/abs/2501.05205v5,https://arxiv.org/pdf/2501.05205v5,Accepted at CVPR 2025
Commonsense Video Question Answering through Video-Grounded Entailment Tree Reasoning,Huabin Liu; Filip Ilievski; Cees G. M. Snoek,CVPR,2,0,0,2501.05069,"This paper proposes the first video-grounded entailment tree reasoning method for commonsense video question answering (VQA). Despite the remarkable progress of large visual-language models (VLMs), there are growing concerns that they learn spurious correlations between videos and likely answers, reinforced by their black-box nature and remaining benchmarking biases. Our method explicitly grounds VQA tasks to video fragments in four steps: entailment tree construction, video-language entailment verification, tree reasoning, and dynamic tree expansion. A vital benefit of the method is its generalizability to current video and image-based VLMs across reasoning types. To support fair evaluation, we devise a de-biasing procedure based on large-language models that rewrites VQA benchmark answer sets to enforce model reasoning. Systematic experiments on existing and de-biased benchmarks highlight the impact of our method components across benchmarks, VLMs, and reasoning types.",http://arxiv.org/abs/2501.05069v2,https://arxiv.org/pdf/2501.05069v2,Accepted by CVPR 2025
MoVE-KD: Knowledge Distillation for VLMs with Mixture of Visual Encoders,Jiajun Cao; Yuan Zhang; Tao Huang; Ming Lu; Qizhe Zhang; Ruichuan An; Ningning MA; Shanghang Zhang,CVPR,2,0,0,2501.01709,"Visual encoders are fundamental components in vision-language models (VLMs), each showcasing unique strengths derived from various pre-trained visual foundation models. To leverage the various capabilities of these encoders, recent studies incorporate multiple encoders within a single VLM, leading to a considerable increase in computational cost. In this paper, we present Mixture-of-Visual-Encoder Knowledge Distillation (MoVE-KD), a novel framework that distills the unique proficiencies of multiple vision encoders into a single, efficient encoder model. Specifically, to mitigate conflicts and retain the unique characteristics of each teacher encoder, we employ low-rank adaptation (LoRA) and mixture-of-experts (MoEs) to selectively activate specialized knowledge based on input features, enhancing both adaptability and efficiency. To regularize the KD process and enhance performance, we propose an attention-based distillation strategy that adaptively weighs the different encoders and emphasizes valuable visual tokens, reducing the burden of replicating comprehensive but distinct features from multiple teachers. Comprehensive experiments on popular VLMs, such as LLaVA and LLaVA-NeXT, validate the effectiveness of our method. Our code is available at: https://github.com/hey-cjj/MoVE-KD.",http://arxiv.org/abs/2501.01709v3,https://arxiv.org/pdf/2501.01709v3,Accepted by CVPR 2025
3D-LLaVA: Towards Generalist 3D LMMs with Omni Superpoint Transformer,Jiajun Deng; Tianyu He; Li Jiang; Tianyu Wang; Feras Dayoub; Ian Reid,CVPR,2,0,0,2501.01163,"Current 3D Large Multimodal Models (3D LMMs) have shown tremendous potential in 3D-vision-based dialogue and reasoning. However, how to further enhance 3D LMMs to achieve fine-grained scene understanding and facilitate flexible human-agent interaction remains a challenging problem. In this work, we introduce 3D-LLaVA, a simple yet highly powerful 3D LMM designed to act as an intelligent assistant in comprehending, reasoning, and interacting with the 3D world. Unlike existing top-performing methods that rely on complicated pipelines-such as offline multi-view feature extraction or additional task-specific heads-3D-LLaVA adopts a minimalist design with integrated architecture and only takes point clouds as input. At the core of 3D-LLaVA is a new Omni Superpoint Transformer (OST), which integrates three functionalities: (1) a visual feature selector that converts and selects visual tokens, (2) a visual prompt encoder that embeds interactive visual prompts into the visual token space, and (3) a referring mask decoder that produces 3D masks based on text description. This versatile OST is empowered by the hybrid pretraining to obtain perception priors and leveraged as the visual connector that bridges the 3D data to the LLM. After performing unified instruction tuning, our 3D-LLaVA reports impressive results on various benchmarks.",http://arxiv.org/abs/2501.01163v2,https://arxiv.org/pdf/2501.01163v2,Accepted by CVPR 2025
Improving Autoregressive Visual Generation with Cluster-Oriented Token Prediction,Teng Hu; Jiangning Zhang; Ran Yi; Jieyu Weng; Yabiao Wang; Xianfang Zeng; Zhucun Xue; Lizhuang Ma,CVPR,2,0,0,2501.00880,"Employing LLMs for visual generation has recently become a research focus. However, the existing methods primarily transfer the LLM architecture to visual generation but rarely investigate the fundamental differences between language and vision. This oversight may lead to suboptimal utilization of visual generation capabilities within the LLM framework. In this paper, we explore the characteristics of visual embedding space under the LLM framework and discover that the correlation between visual embeddings can help achieve more stable and robust generation results. We present IAR, an Improved AutoRegressive Visual Generation Method that enhances the training efficiency and generation quality of LLM-based visual generation models. Firstly, we propose a Codebook Rearrangement strategy that uses balanced k-means clustering algorithm to rearrange the visual codebook into clusters, ensuring high similarity among visual features within each cluster. Leveraging the rearranged codebook, we propose a Cluster-oriented Cross-entropy Loss that guides the model to correctly predict the cluster where the token is located. This approach ensures that even if the model predicts the wrong token index, there is a high probability the predicted token is located in the correct cluster, which significantly enhances the generation quality and robustness. Extensive experiments demonstrate that our method consistently enhances the model training efficiency and performance from 100M to 1.4B, reducing the training time by half while achieving the same FID. Additionally, our approach can be applied to various LLM-based visual generation models and adheres to the scaling law, providing a promising direction for future research in LLM-based visual generation. The code is available at: https://github.com/sjtuplayer/IAR.",http://arxiv.org/abs/2501.00880v2,https://arxiv.org/pdf/2501.00880v2,Accepted by CVPR 2025
PERSE: Personalized 3D Generative Avatars from A Single Portrait,Hyunsoo Cha; Inhee Lee; Hanbyul Joo,CVPR,2,0,0,2412.21206,"We present PERSE, a method for building a personalized 3D generative avatar from a reference portrait. Our avatar enables facial attribute editing in a continuous and disentangled latent space to control each facial attribute, while preserving the individual's identity. To achieve this, our method begins by synthesizing large-scale synthetic 2D video datasets, where each video contains consistent changes in facial expression and viewpoint, along with variations in a specific facial attribute from the original input. We propose a novel pipeline to produce high-quality, photorealistic 2D videos with facial attribute editing. Leveraging this synthetic attribute dataset, we present a personalized avatar creation method based on 3D Gaussian Splatting, learning a continuous and disentangled latent space for intuitive facial attribute manipulation. To enforce smooth transitions in this latent space, we introduce a latent space regularization technique by using interpolated 2D faces as supervision. Compared to previous approaches, we demonstrate that PERSE generates high-quality avatars with interpolated attributes while preserving the identity of the reference individual.",http://arxiv.org/abs/2412.21206v2,https://arxiv.org/pdf/2412.21206v2,"Accepted to CVPR 2025, Project Page: https://hyunsoocha.github.io/perse/"
Latent Drifting in Diffusion Models for Counterfactual Medical Image Synthesis,Yousef Yeganeh; Azade Farshad; Ioannis Charisiadis; Marta Hasny; Martin Hartenberger; Björn Ommer; Nassir Navab; Ehsan Adeli,CVPR,2,0,0,2412.20651,"Scaling by training on large datasets has been shown to enhance the quality and fidelity of image generation and manipulation with diffusion models; however, such large datasets are not always accessible in medical imaging due to cost and privacy issues, which contradicts one of the main applications of such models to produce synthetic samples where real data is scarce. Also, fine-tuning pre-trained general models has been a challenge due to the distribution shift between the medical domain and the pre-trained models. Here, we propose Latent Drift (LD) for diffusion models that can be adopted for any fine-tuning method to mitigate the issues faced by the distribution shift or employed in inference time as a condition. Latent Drifting enables diffusion models to be conditioned for medical images fitted for the complex task of counterfactual image generation, which is crucial to investigate how parameters such as gender, age, and adding or removing diseases in a patient would alter the medical images. We evaluate our method on three public longitudinal benchmark datasets of brain MRI and chest X-rays for counterfactual image generation. Our results demonstrate significant performance gains in various scenarios when combined with different fine-tuning schemes.",http://arxiv.org/abs/2412.20651v2,https://arxiv.org/pdf/2412.20651v2,Accepted to CVPR 2025 (highlight)
Data-Free Group-Wise Fully Quantized Winograd Convolution via Learnable Scales,Shuokai Pan; Gerti Tuzi; Sudarshan Sreeram; Dibakar Gope,CVPR,2,0,0,2412.19867,"Despite the revolutionary breakthroughs of large-scale text-to-image diffusion models for complex vision and downstream tasks, their extremely high computational and storage costs limit their usability. Quantization of diffusion models has been explored in recent works to reduce compute costs and memory bandwidth usage. To further improve inference time, fast convolution algorithms such as Winograd can be used for convolution layers, which account for a significant portion of computations in diffusion models. However, the significant quality loss of fully quantized Winograd using existing coarser-grained post-training quantization methods, combined with the complexity and cost of finetuning the Winograd transformation matrices for such large models to recover quality, makes them unsuitable for large-scale foundation models. Motivated by the presence of a large range of values in them, we investigate the impact of finer-grained group-wise quantization in quantizing diffusion models. While group-wise quantization can largely handle the fully quantized Winograd convolution, it struggles to deal with the large distribution imbalance in a sizable portion of the Winograd domain computation. To reduce range differences in the Winograd domain, we propose finetuning only the scale parameters of the Winograd transform matrices without using any domain-specific training data. Because our method does not depend on any training data, the generalization performance of quantized diffusion models is safely guaranteed. For text-to-image generation task, the 8-bit fully-quantized diffusion model with Winograd provides near-lossless quality (FID and CLIP scores) in comparison to the full-precision model. For image classification, our method outperforms the state-of-the-art Winograd PTQ method by 1.62% and 2.56% in top-1 ImageNet accuracy on ResNet18 and ResNet-34, respectively, with Winograd F(6, 3).",http://arxiv.org/abs/2412.19867v2,https://arxiv.org/pdf/2412.19867v2,Accepted by CVPR 2025
MINIMA: Modality Invariant Image Matching,Jiangwei Ren; Xingyu Jiang; Zizhuo Li; Dingkang Liang; Xin Zhou; Xiang Bai,CVPR,2,0,0,2412.19412,"Image matching for both cross-view and cross-modality plays a critical role in multimodal perception. In practice, the modality gap caused by different imaging systems/styles poses great challenges to the matching task. Existing works try to extract invariant features for specific modalities and train on limited datasets, showing poor generalization. In this paper, we present MINIMA, a unified image matching framework for multiple cross-modal cases. Without pursuing fancy modules, our MINIMA aims to enhance universal performance from the perspective of data scaling up. For such purpose, we propose a simple yet effective data engine that can freely produce a large dataset containing multiple modalities, rich scenarios, and accurate matching labels. Specifically, we scale up the modalities from cheap but rich RGB-only matching data, by means of generative models. Under this setting, the matching labels and rich diversity of the RGB dataset are well inherited by the generated multimodal data. Benefiting from this, we construct MD-syn, a new comprehensive dataset that fills the data gap for general multimodal image matching. With MD-syn, we can directly train any advanced matching pipeline on randomly selected modality pairs to obtain cross-modal ability. Extensive experiments on in-domain and zero-shot matching tasks, including $19$ cross-modal cases, demonstrate that our MINIMA can significantly outperform the baselines and even surpass modality-specific methods. The dataset and code are available at https://github.com/LSXI7/MINIMA.",http://arxiv.org/abs/2412.19412v2,https://arxiv.org/pdf/2412.19412v2,Accepted to CVPR 2025. The dataset and code are available at https://github.com/LSXI7/MINIMA
CALICO: Part-Focused Semantic Co-Segmentation with Large Vision-Language Models,Kiet A. Nguyen; Adheesh Juvekar; Tianjiao Yu; Muntasir Wahed; Ismini Lourentzou,CVPR,2,0,0,2412.19331,"Recent advances in Large Vision-Language Models (LVLMs) have enabled general-purpose vision tasks through visual instruction tuning. While existing LVLMs can generate segmentation masks from text prompts for single images, they struggle with segmentation-grounded reasoning across images, especially at finer granularities such as object parts. In this paper, we introduce the new task of part-focused semantic co-segmentation, which involves identifying and segmenting common objects, as well as common and unique object parts across images. To address this task, we present CALICO, the first LVLM designed for multi-image part-level reasoning segmentation. CALICO features two key components, a novel Correspondence Extraction Module that identifies semantic part-level correspondences, and Correspondence Adaptation Modules that embed this information into the LVLM to facilitate multi-image understanding in a parameter-efficient manner. To support training and evaluation, we curate MixedParts, a large-scale multi-image segmentation dataset containing $\sim$2.4M samples across $\sim$44K images spanning diverse object and part categories. Experimental results demonstrate that CALICO, with just 0.3% of its parameters finetuned, achieves strong performance on this challenging task.",http://arxiv.org/abs/2412.19331v2,https://arxiv.org/pdf/2412.19331v2,Accepted to CVPR 2025. Project page: https://plan-lab.github.io/calico/
Handling Spatial-Temporal Data Heterogeneity for Federated Continual Learning via Tail Anchor,Hao Yu; Xin Yang; Le Zhang; Hanlin Gu; Tianrui Li; Lixin Fan; Qiang Yang,CVPR,2,0,0,2412.18355,"Federated continual learning (FCL) allows each client to continually update its knowledge from task streams, enhancing the applicability of federated learning in real-world scenarios. However, FCL needs to address not only spatial data heterogeneity between clients but also temporal data heterogeneity between tasks. In this paper, empirical experiments demonstrate that such input-level heterogeneity significantly affects the model's internal parameters and outputs, leading to severe spatial-temporal catastrophic forgetting of local and previous knowledge. To this end, we propose Federated Tail Anchor (FedTA) to mix trainable Tail Anchor with the frozen output features to adjust their position in the feature space, thereby overcoming parameter-forgetting and output-forgetting. Three novel components are also included: Input Enhancement for improving the performance of pre-trained models on downstream tasks; Selective Input Knowledge Fusion for fusion of heterogeneous local knowledge on the server; and Best Global Prototype Selection for finding the best anchor point for each class in the feature space. Extensive experiments demonstrate that FedTA not only outperforms existing FCL methods but also effectively preserves the relative positions of features.",http://arxiv.org/abs/2412.18355v2,https://arxiv.org/pdf/2412.18355v2,This paper is accepted by CVPR 2025
Adapter Merging with Centroid Prototype Mapping for Scalable Class-Incremental Learning,Takuma Fukuda; Hiroshi Kera; Kazuhiko Kawamoto,CVPR,2,0,0,2412.18219,"We propose Adapter Merging with Centroid Prototype Mapping (ACMap), an exemplar-free framework for class-incremental learning (CIL) that addresses both catastrophic forgetting and scalability. While existing methods involve a trade-off between inference time and accuracy, ACMap consolidates task-specific adapters into a single adapter, thus achieving constant inference time across tasks without sacrificing accuracy. The framework employs adapter merging to build a shared subspace that aligns task representations and mitigates forgetting, while centroid prototype mapping maintains high accuracy by consistently adapting representations within the shared subspace. To further improve scalability, an early stopping strategy limits adapter merging as tasks increase. Extensive experiments on five benchmark datasets demonstrate that ACMap matches state-of-the-art accuracy while maintaining inference time comparable to the fastest existing methods. The code is available at https://github.com/tf63/ACMap.",http://arxiv.org/abs/2412.18219v2,https://arxiv.org/pdf/2412.18219v2,Accepted to CVPR 2025
Dora: Sampling and Benchmarking for 3D Shape Variational Auto-Encoders,Rui Chen; Jianfeng Zhang; Yixun Liang; Guan Luo; Weiyu Li; Jiarui Liu; Xiu Li; Xiaoxiao Long; Jiashi Feng; Ping Tan,CVPR,2,0,0,2412.17808,"Recent 3D content generation pipelines commonly employ Variational Autoencoders (VAEs) to encode shapes into compact latent representations for diffusion-based generation. However, the widely adopted uniform point sampling strategy in Shape VAE training often leads to a significant loss of geometric details, limiting the quality of shape reconstruction and downstream generation tasks. We present Dora-VAE, a novel approach that enhances VAE reconstruction through our proposed sharp edge sampling strategy and a dual cross-attention mechanism. By identifying and prioritizing regions with high geometric complexity during training, our method significantly improves the preservation of fine-grained shape features. Such sampling strategy and the dual attention mechanism enable the VAE to focus on crucial geometric details that are typically missed by uniform sampling approaches. To systematically evaluate VAE reconstruction quality, we additionally propose Dora-bench, a benchmark that quantifies shape complexity through the density of sharp edges, introducing a new metric focused on reconstruction accuracy at these salient geometric features. Extensive experiments on the Dora-bench demonstrate that Dora-VAE achieves comparable reconstruction quality to the state-of-the-art dense XCube-VAE while requiring a latent space at least 8$\times$ smaller (1,280 vs. > 10,000 codes).",http://arxiv.org/abs/2412.17808v3,https://arxiv.org/pdf/2412.17808v3,Accepted by CVPR 2025. Project page: https://aruichen.github.io/Dora/
Reasoning to Attend: Try to Understand How <SEG> Token Works,Rui Qian; Xin Yin; Dejing Dou,CVPR,2,0,0,2412.17741,"Current Large Multimodal Models (LMMs) empowered visual grounding typically rely on $\texttt{<SEG>}$ tokens as a text prompt to jointly optimize the vision-language model (e.g., LLaVA) and the downstream task-specific model (e.g., SAM). However, we observe that little research has looked into how it works.In this work, we first visualize the similarity maps, which are obtained by computing the semantic similarity between the $\texttt{<SEG>}$ token and the image token embeddings derived from the last hidden layer in both the LLaVA encoder and SAM decoder. Intriguingly, we have found that a striking consistency holds in terms of activation responses in the similarity map, which reveals that what the $\texttt{<SEG>}$ token contributes to is semantic similarity within image-text pairs. Specifically, the $\texttt{<SEG>}$ token, a placeholder expanded in text vocabulary, extensively queries among individual tokenized image patches to match the semantics of an object from text to the paired image, while the Large Language Models (LLMs) are being fine-tuned. Upon the above findings, we present READ, which facilitates LMMs' resilient $\textbf{REA}$soning capability of where to atten$\textbf{D}$ under the guidance of highly activated points borrowed from similarity maps. Remarkably, READ features an intuitive design, Similarity as Points module (SasP), which can be seamlessly applied to $\texttt{<SEG>}$-like paradigms in a plug-and-play fashion. Also, extensive experiments have been conducted on ReasonSeg and RefCOCO(+/g) datasets. To validate whether READ suffers from catastrophic forgetting of previous skills after fine-tuning, we further assess its generation ability on an augmented FP-RefCOCO(+/g) dataset. All codes and models are publicly available at https://github.com/rui-qian/READ.",http://arxiv.org/abs/2412.17741v7,https://arxiv.org/pdf/2412.17741v7,"This work has been accepted to CVPR 2025, please refer to https://github.com/rui-qian/READ"
VidTwin: Video VAE with Decoupled Structure and Dynamics,Yuchi Wang; Junliang Guo; Xinyi Xie; Tianyu He; Xu Sun; Jiang Bian,CVPR,2,0,0,2412.17726,"Recent advancements in video autoencoders (Video AEs) have significantly improved the quality and efficiency of video generation. In this paper, we propose a novel and compact video autoencoder, VidTwin, that decouples video into two distinct latent spaces: Structure latent vectors, which capture overall content and global movement, and Dynamics latent vectors, which represent fine-grained details and rapid movements. Specifically, our approach leverages an Encoder-Decoder backbone, augmented with two submodules for extracting these latent spaces, respectively. The first submodule employs a Q-Former to extract low-frequency motion trends, followed by downsampling blocks to remove redundant content details. The second averages the latent vectors along the spatial dimension to capture rapid motion. Extensive experiments show that VidTwin achieves a high compression rate of 0.20% with high reconstruction quality (PSNR of 28.14 on the MCL-JCV dataset), and performs efficiently and effectively in downstream generative tasks. Moreover, our model demonstrates explainability and scalability, paving the way for future research in video latent representation and generation. Check our project page for more details: https://vidtwin.github.io/.",http://arxiv.org/abs/2412.17726v2,https://arxiv.org/pdf/2412.17726v2,Accepted by CVPR 2025; Project page: https://vidtwin.github.io/; Code: https://github.com/microsoft/VidTok/tree/main/vidtwin
COBRA: COmBinatorial Retrieval Augmentation for Few-Shot Adaptation,Arnav M. Das; Gantavya Bhatt; Lilly Kumari; Sahil Verma; Jeff Bilmes,CVPR,2,0,0,2412.17684,"Retrieval augmentation, the practice of retrieving additional data from large auxiliary pools, has emerged as an effective technique for enhancing model performance in the low-data regime. Prior approaches have employed only nearest-neighbor based strategies for data selection, which retrieve auxiliary samples with high similarity to instances in the target task. However, these approaches are prone to selecting highly redundant samples, since they fail to incorporate any notion of diversity. In our work, we first demonstrate that data selection strategies used in prior retrieval-augmented few-shot adaptation settings can be generalized using a class of functions known as Combinatorial Mutual Information (CMI) measures. We then propose COBRA (COmBinatorial Retrieval Augmentation), which employs an alternative CMI measure that considers both diversity and similarity to a target dataset. COBRA consistently outperforms previous retrieval approaches across image classification tasks and few-shot learning techniques when used to retrieve samples from LAION-2B. COBRA introduces negligible computational overhead to the cost of retrieval while providing significant gains in downstream model performance.",http://arxiv.org/abs/2412.17684v2,https://arxiv.org/pdf/2412.17684v2,Accepted at CVPR 2025
GME: Improving Universal Multimodal Retrieval by Multimodal LLMs,Xin Zhang; Yanzhao Zhang; Wen Xie; Mingxin Li; Ziqi Dai; Dingkun Long; Pengjun Xie; Meishan Zhang; Wenjie Li; Min Zhang,CVPR,2,0,0,2412.16855,"Universal Multimodal Retrieval (UMR) aims to enable search across various modalities using a unified model, where queries and candidates can consist of pure text, images, or a combination of both. Previous work has attempted to adopt multimodal large language models (MLLMs) to realize UMR using only text data. However, our preliminary experiments demonstrate that more diverse multimodal training data can further unlock the potential of MLLMs. Despite its effectiveness, the existing multimodal training data is highly imbalanced in terms of modality, which motivates us to develop a training data synthesis pipeline and construct a large-scale, high-quality fused-modal training dataset. Based on the synthetic training data, we develop the General Multimodal Embedder (GME), an MLLM-based dense retriever designed for UMR. Furthermore, we construct a comprehensive UMR Benchmark (UMRB) to evaluate the effectiveness of our approach. Experimental results show that our method achieves state-of-the-art performance among existing UMR methods. Last, we provide in-depth analyses of model scaling and training strategies, and perform ablation studies on both the model and synthetic data.",http://arxiv.org/abs/2412.16855v2,https://arxiv.org/pdf/2412.16855v2,"Accepted to CVPR 2025, models at https://huggingface.co/Alibaba-NLP/gme-Qwen2-VL-2B-Instruct"
Layer- and Timestep-Adaptive Differentiable Token Compression Ratios for Efficient Diffusion Transformers,Haoran You; Connelly Barnes; Yuqian Zhou; Yan Kang; Zhenbang Du; Wei Zhou; Lingzhi Zhang; Yotam Nitzan; Xiaoyang Liu; Zhe Lin; Eli Shechtman; Sohrab Amirghodsi; Yingyan Celine Lin,CVPR,2,0,0,2412.16822,"Diffusion Transformers (DiTs) have achieved state-of-the-art (SOTA) image generation quality but suffer from high latency and memory inefficiency, making them difficult to deploy on resource-constrained devices. One major efficiency bottleneck is that existing DiTs apply equal computation across all regions of an image. However, not all image tokens are equally important, and certain localized areas require more computation, such as objects. To address this, we propose DiffCR, a dynamic DiT inference framework with differentiable compression ratios, which automatically learns to dynamically route computation across layers and timesteps for each image token, resulting in efficient DiTs. Specifically, DiffCR integrates three features: (1) A token-level routing scheme where each DiT layer includes a router that is fine-tuned jointly with model weights to predict token importance scores. In this way, unimportant tokens bypass the entire layer's computation; (2) A layer-wise differentiable ratio mechanism where different DiT layers automatically learn varying compression ratios from a zero initialization, resulting in large compression ratios in redundant layers while others remain less compressed or even uncompressed; (3) A timestep-wise differentiable ratio mechanism where each denoising timestep learns its own compression ratio. The resulting pattern shows higher ratios for noisier timesteps and lower ratios as the image becomes clearer. Extensive experiments on text-to-image and inpainting tasks show that DiffCR effectively captures dynamism across token, layer, and timestep axes, achieving superior trade-offs between generation quality and efficiency compared to prior works. The project website is available at https://www.haoranyou.com/diffcr.",http://arxiv.org/abs/2412.16822v2,https://arxiv.org/pdf/2412.16822v2,Accepted by CVPR 2025
MotiF: Making Text Count in Image Animation with Motion Focal Loss,Shijie Wang; Samaneh Azadi; Rohit Girdhar; Saketh Rambhatla; Chen Sun; Xi Yin,CVPR,2,0,0,2412.16153,"Text-Image-to-Video (TI2V) generation aims to generate a video from an image following a text description, which is also referred to as text-guided image animation. Most existing methods struggle to generate videos that align well with the text prompts, particularly when motion is specified. To overcome this limitation, we introduce MotiF, a simple yet effective approach that directs the model's learning to the regions with more motion, thereby improving the text alignment and motion generation. We use optical flow to generate a motion heatmap and weight the loss according to the intensity of the motion. This modified objective leads to noticeable improvements and complements existing methods that utilize motion priors as model inputs. Additionally, due to the lack of a diverse benchmark for evaluating TI2V generation, we propose TI2V Bench, a dataset consists of 320 image-text pairs for robust evaluation. We present a human evaluation protocol that asks the annotators to select an overall preference between two videos followed by their justifications. Through a comprehensive evaluation on TI2V Bench, MotiF outperforms nine open-sourced models, achieving an average preference of 72%. The TI2V Bench and additional results are released in https://wang-sj16.github.io/motif/.",http://arxiv.org/abs/2412.16153v2,https://arxiv.org/pdf/2412.16153v2,Accepted by CVPR 2025. Project page: https://wang-sj16.github.io/motif/
MMAudio: Taming Multimodal Joint Training for High-Quality Video-to-Audio Synthesis,Ho Kei Cheng; Masato Ishii; Akio Hayakawa; Takashi Shibuya; Alexander Schwing; Yuki Mitsufuji,CVPR,2,0,0,2412.15322,"We propose to synthesize high-quality and synchronized audio, given video and optional text conditions, using a novel multimodal joint training framework MMAudio. In contrast to single-modality training conditioned on (limited) video data only, MMAudio is jointly trained with larger-scale, readily available text-audio data to learn to generate semantically aligned high-quality audio samples. Additionally, we improve audio-visual synchrony with a conditional synchronization module that aligns video conditions with audio latents at the frame level. Trained with a flow matching objective, MMAudio achieves new video-to-audio state-of-the-art among public models in terms of audio quality, semantic alignment, and audio-visual synchronization, while having a low inference time (1.23s to generate an 8s clip) and just 157M parameters. MMAudio also achieves surprisingly competitive performance in text-to-audio generation, showing that joint training does not hinder single-modality performance. Code and demo are available at: https://hkchengrex.github.io/MMAudio",http://arxiv.org/abs/2412.15322v2,https://arxiv.org/pdf/2412.15322v2,Accepted to CVPR 2025. Project page: https://hkchengrex.github.io/MMAudio
EnergyMoGen: Compositional Human Motion Generation with Energy-Based Diffusion Model in Latent Space,Jianrong Zhang; Hehe Fan; Yi Yang,CVPR,2,0,0,2412.14706,"Diffusion models, particularly latent diffusion models, have demonstrated remarkable success in text-driven human motion generation. However, it remains challenging for latent diffusion models to effectively compose multiple semantic concepts into a single, coherent motion sequence. To address this issue, we propose EnergyMoGen, which includes two spectrums of Energy-Based Models: (1) We interpret the diffusion model as a latent-aware energy-based model that generates motions by composing a set of diffusion models in latent space; (2) We introduce a semantic-aware energy model based on cross-attention, which enables semantic composition and adaptive gradient descent for text embeddings. To overcome the challenges of semantic inconsistency and motion distortion across these two spectrums, we introduce Synergistic Energy Fusion. This design allows the motion latent diffusion model to synthesize high-quality, complex motions by combining multiple energy terms corresponding to textual descriptions. Experiments show that our approach outperforms existing state-of-the-art models on various motion generation tasks, including text-to-motion generation, compositional motion generation, and multi-concept motion generation. Additionally, we demonstrate that our method can be used to extend motion datasets and improve the text-to-motion task.",http://arxiv.org/abs/2412.14706v2,https://arxiv.org/pdf/2412.14706v2,Accepted to CVPR 2025. Project page: https://jiro-zhang.github.io/EnergyMoGen/
Temporally Consistent Object-Centric Learning by Contrasting Slots,Anna Manasyan; Maximilian Seitzer; Filip Radovic; Georg Martius; Andrii Zadaianchuk,CVPR,2,0,0,2412.14295,"Unsupervised object-centric learning from videos is a promising approach to extract structured representations from large, unlabeled collections of videos. To support downstream tasks like autonomous control, these representations must be both compositional and temporally consistent. Existing approaches based on recurrent processing often lack long-term stability across frames because their training objective does not enforce temporal consistency. In this work, we introduce a novel object-level temporal contrastive loss for video object-centric models that explicitly promotes temporal consistency. Our method significantly improves the temporal consistency of the learned object-centric representations, yielding more reliable video decompositions that facilitate challenging downstream tasks such as unsupervised object dynamics prediction. Furthermore, the inductive bias added by our loss strongly improves object discovery, leading to state-of-the-art results on both synthetic and real-world datasets, outperforming even weakly-supervised methods that leverage motion masks as additional cues.",http://arxiv.org/abs/2412.14295v2,https://arxiv.org/pdf/2412.14295v2,Published at CVPR 2025
Prompt Categories Cluster for Weakly Supervised Semantic Segmentation,Wangyu Wu; Xianglin Qiu; Siqi Song; Xiaowei Huang; Fei Ma; Jimin Xiao,CVPR,2,0,0,2412.13823,"Weakly Supervised Semantic Segmentation (WSSS), which leverages image-level labels, has garnered significant attention due to its cost-effectiveness. The previous methods mainly strengthen the inter-class differences to avoid class semantic ambiguity which may lead to erroneous activation. However, they overlook the positive function of some shared information between similar classes. Categories within the same cluster share some similar features. Allowing the model to recognize these features can further relieve the semantic ambiguity between these classes. To effectively identify and utilize this shared information, in this paper, we introduce a novel WSSS framework called Prompt Categories Clustering (PCC). Specifically, we explore the ability of Large Language Models (LLMs) to derive category clusters through prompts. These clusters effectively represent the intrinsic relationships between categories. By integrating this relational information into the training network, our model is able to better learn the hidden connections between categories. Experimental results demonstrate the effectiveness of our approach, showing its ability to enhance performance on the PASCAL VOC 2012 dataset and surpass existing state-of-the-art methods in WSSS.",http://arxiv.org/abs/2412.13823v2,https://arxiv.org/pdf/2412.13823v2,Accepted at CVPR 2025 ELVM
Real-time Free-view Human Rendering from Sparse-view RGB Videos using Double Unprojected Textures,Guoxing Sun; Rishabh Dabral; Heming Zhu; Pascal Fua; Christian Theobalt; Marc Habermann,CVPR,2,0,0,2412.13183,"Real-time free-view human rendering from sparse-view RGB inputs is a challenging task due to the sensor scarcity and the tight time budget. To ensure efficiency, recent methods leverage 2D CNNs operating in texture space to learn rendering primitives. However, they either jointly learn geometry and appearance, or completely ignore sparse image information for geometry estimation, significantly harming visual quality and robustness to unseen body poses. To address these issues, we present Double Unprojected Textures, which at the core disentangles coarse geometric deformation estimation from appearance synthesis, enabling robust and photorealistic 4K rendering in real-time. Specifically, we first introduce a novel image-conditioned template deformation network, which estimates the coarse deformation of the human template from a first unprojected texture. This updated geometry is then used to apply a second and more accurate texture unprojection. The resulting texture map has fewer artifacts and better alignment with input views, which benefits our learning of finer-level geometry and appearance represented by Gaussian splats. We validate the effectiveness and efficiency of the proposed method in quantitative and qualitative experiments, which significantly surpasses other state-of-the-art methods. Project page: https://vcai.mpi-inf.mpg.de/projects/DUT/",http://arxiv.org/abs/2412.13183v3,https://arxiv.org/pdf/2412.13183v3,"Accepted at CVPR 2025, Project page: https://vcai.mpi-inf.mpg.de/projects/DUT/"
RaCFormer: Towards High-Quality 3D Object Detection via Query-based Radar-Camera Fusion,Xiaomeng Chu; Jiajun Deng; Guoliang You; Yifan Duan; Houqiang Li; Yanyong Zhang,CVPR,2,0,0,2412.12725,"We propose Radar-Camera fusion transformer (RaCFormer) to boost the accuracy of 3D object detection by the following insight. The Radar-Camera fusion in outdoor 3D scene perception is capped by the image-to-BEV transformation--if the depth of pixels is not accurately estimated, the naive combination of BEV features actually integrates unaligned visual content. To avoid this problem, we propose a query-based framework that enables adaptive sampling of instance-relevant features from both the bird's-eye view (BEV) and the original image view. Furthermore, we enhance system performance by two key designs: optimizing query initialization and strengthening the representational capacity of BEV. For the former, we introduce an adaptive circular distribution in polar coordinates to refine the initialization of object queries, allowing for a distance-based adjustment of query density. For the latter, we initially incorporate a radar-guided depth head to refine the transformation from image view to BEV. Subsequently, we focus on leveraging the Doppler effect of radar and introduce an implicit dynamic catcher to capture the temporal elements within the BEV. Extensive experiments on nuScenes and View-of-Delft (VoD) datasets validate the merits of our design. Remarkably, our method achieves superior results of 64.9% mAP and 70.2% NDS on nuScenes. RaCFormer also secures the state-of-the-art performance on the VoD dataset. Code is available at https://github.com/cxmomo/RaCFormer.",http://arxiv.org/abs/2412.12725v2,https://arxiv.org/pdf/2412.12725v2,Accepted to CVPR 2025
3DGUT: Enabling Distorted Cameras and Secondary Rays in Gaussian Splatting,Qi Wu; Janick Martinez Esturo; Ashkan Mirzaei; Nicolas Moenne-Loccoz; Zan Gojcic,CVPR,2,0,0,2412.12507,"3D Gaussian Splatting (3DGS) enables efficient reconstruction and high-fidelity real-time rendering of complex scenes on consumer hardware. However, due to its rasterization-based formulation, 3DGS is constrained to ideal pinhole cameras and lacks support for secondary lighting effects. Recent methods address these limitations by tracing the particles instead, but, this comes at the cost of significantly slower rendering. In this work, we propose 3D Gaussian Unscented Transform (3DGUT), replacing the EWA splatting formulation with the Unscented Transform that approximates the particles through sigma points, which can be projected exactly under any nonlinear projection function. This modification enables trivial support of distorted cameras with time dependent effects such as rolling shutter, while retaining the efficiency of rasterization. Additionally, we align our rendering formulation with that of tracing-based methods, enabling secondary ray tracing required to represent phenomena such as reflections and refraction within the same 3D representation. The source code is available at: https://github.com/nv-tlabs/3dgrut.",http://arxiv.org/abs/2412.12507v2,https://arxiv.org/pdf/2412.12507v2,"Our paper has been accepted by CVPR 2025. For more details and updates, please visit our project website: https://research.nvidia.com/labs/toronto-ai/3DGUT"
MOVIS: Enhancing Multi-Object Novel View Synthesis for Indoor Scenes,Ruijie Lu; Yixin Chen; Junfeng Ni; Baoxiong Jia; Yu Liu; Diwen Wan; Gang Zeng; Siyuan Huang,CVPR,2,0,0,2412.11457,"Repurposing pre-trained diffusion models has been proven to be effective for NVS. However, these methods are mostly limited to a single object; directly applying such methods to compositional multi-object scenarios yields inferior results, especially incorrect object placement and inconsistent shape and appearance under novel views. How to enhance and systematically evaluate the cross-view consistency of such models remains under-explored. To address this issue, we propose MOVIS to enhance the structural awareness of the view-conditioned diffusion model for multi-object NVS in terms of model inputs, auxiliary tasks, and training strategy. First, we inject structure-aware features, including depth and object mask, into the denoising U-Net to enhance the model's comprehension of object instances and their spatial relationships. Second, we introduce an auxiliary task requiring the model to simultaneously predict novel view object masks, further improving the model's capability in differentiating and placing objects. Finally, we conduct an in-depth analysis of the diffusion sampling process and carefully devise a structure-guided timestep sampling scheduler during training, which balances the learning of global object placement and fine-grained detail recovery. To systematically evaluate the plausibility of synthesized images, we propose to assess cross-view consistency and novel view object placement alongside existing image-level NVS metrics. Extensive experiments on challenging synthetic and realistic datasets demonstrate that our method exhibits strong generalization capabilities and produces consistent novel view synthesis, highlighting its potential to guide future 3D-aware multi-object NVS tasks. Our project page is available at https://jason-aplp.github.io/MOVIS/.",http://arxiv.org/abs/2412.11457v2,https://arxiv.org/pdf/2412.11457v2,Accepted by CVPR 2025. Project page: https://jason-aplp.github.io/MOVIS/
Empowering LLMs to Understand and Generate Complex Vector Graphics,Ximing Xing; Juncheng Hu; Guotao Liang; Jing Zhang; Dong Xu; Qian Yu,CVPR,2,0,0,2412.11102,"The unprecedented advancements in Large Language Models (LLMs) have profoundly impacted natural language processing but have yet to fully embrace the realm of scalable vector graphics (SVG) generation. While LLMs encode partial knowledge of SVG data from web pages during training, recent findings suggest that semantically ambiguous and tokenized representations within LLMs may result in hallucinations in vector primitive predictions. Additionally, LLM training typically lacks modeling and understanding of the rendering sequence of vector paths, which can lead to occlusion between output vector primitives. In this paper, we present LLM4SVG, an initial yet substantial step toward bridging this gap by enabling LLMs to better understand and generate vector graphics. LLM4SVG facilitates a deeper understanding of SVG components through learnable semantic tokens, which precisely encode these tokens and their corresponding properties to generate semantically aligned SVG outputs. Using a series of learnable semantic tokens, a structured dataset for instruction following is developed to support comprehension and generation across two primary tasks. Our method introduces a modular architecture to existing large language models, integrating semantic tags, vector instruction encoders, fine-tuned commands, and powerful LLMs to tightly combine geometric, appearance, and language information. To overcome the scarcity of SVG-text instruction data, we developed an automated data generation pipeline that collected our SVGX-SFT Dataset, consisting of high-quality human-designed SVGs and 580k SVG instruction following data specifically crafted for LLM training, which facilitated the adoption of the supervised fine-tuning strategy popular in LLM development.",http://arxiv.org/abs/2412.11102v3,https://arxiv.org/pdf/2412.11102v3,Accepted by CVPR 2025. Project Page: https://ximinng.github.io/LLM4SVGProject/
EVOS: Efficient Implicit Neural Training via EVOlutionary Selector,Weixiang Zhang; Shuzhao Xie; Chengwei Ren; Siyi Xie; Chen Tang; Shijia Ge; Mingzi Wang; Zhi Wang,CVPR,2,0,0,2412.10153,"We propose EVOlutionary Selector (EVOS), an efficient training paradigm for accelerating Implicit Neural Representation (INR). Unlike conventional INR training that feeds all samples through the neural network in each iteration, our approach restricts training to strategically selected points, reducing computational overhead by eliminating redundant forward passes. Specifically, we treat each sample as an individual in an evolutionary process, where only those fittest ones survive and merit inclusion in training, adaptively evolving with the neural network dynamics. While this is conceptually similar to Evolutionary Algorithms, their distinct objectives (selection for acceleration vs. iterative solution optimization) require a fundamental redefinition of evolutionary mechanisms for our context. In response, we design sparse fitness evaluation, frequency-guided crossover, and augmented unbiased mutation to comprise EVOS. These components respectively guide sample selection with reduced computational cost, enhance performance through frequency-domain balance, and mitigate selection bias from cached evaluation. Extensive experiments demonstrate that our method achieves approximately 48%-66% reduction in training time while ensuring superior convergence without additional cost, establishing state-of-the-art acceleration among recent sampling-based strategies.",http://arxiv.org/abs/2412.10153v3,https://arxiv.org/pdf/2412.10153v3,Accepted by CVPR 2025
ViCaS: A Dataset for Combining Holistic and Pixel-level Video Understanding using Captions with Grounded Segmentation,Ali Athar; Xueqing Deng; Liang-Chieh Chen,CVPR,2,0,0,2412.09754,"Recent advances in multimodal large language models (MLLMs) have expanded research in video understanding, primarily focusing on high-level tasks such as video captioning and question-answering. Meanwhile, a smaller body of work addresses dense, pixel-precise segmentation tasks, which typically involve category-guided or referral-based object segmentation. Although both directions are essential for developing models with human-level video comprehension, they have largely evolved separately, with distinct benchmarks and architectures. This paper aims to unify these efforts by introducing ViCaS, a new dataset containing thousands of challenging videos, each annotated with detailed, human-written captions and temporally consistent, pixel-accurate masks for multiple objects with phrase grounding. Our benchmark evaluates models on both holistic/high-level understanding and language-guided, pixel-precise segmentation. We also present carefully validated evaluation measures and propose an effective model architecture that can tackle our benchmark. Project page: https://ali2500.github.io/vicas-project/",http://arxiv.org/abs/2412.09754v3,https://arxiv.org/pdf/2412.09754v3,Accepted to CVPR 2025. Project page: https://ali2500.github.io/vicas-project/
Olympus: A Universal Task Router for Computer Vision Tasks,Yuanze Lin; Yunsheng Li; Dongdong Chen; Weijian Xu; Ronald Clark; Philip H. S. Torr,CVPR,2,0,0,2412.09612,"We introduce Olympus, a new approach that transforms Multimodal Large Language Models (MLLMs) into a unified framework capable of handling a wide array of computer vision tasks. Utilizing a controller MLLM, Olympus delegates over 20 specialized tasks across images, videos, and 3D objects to dedicated modules. This instruction-based routing enables complex workflows through chained actions without the need for training heavy generative models. Olympus easily integrates with existing MLLMs, expanding their capabilities with comparable performance. Experimental results demonstrate that Olympus achieves an average routing accuracy of 94.75% across 20 tasks and precision of 91.82% in chained action scenarios, showcasing its effectiveness as a universal task router that can solve a diverse range of computer vision tasks. Project page: http://yuanze-lin.me/Olympus_page/",http://arxiv.org/abs/2412.09612v3,https://arxiv.org/pdf/2412.09612v3,"Accepted to CVPR 2025, Project webpage: http://yuanze-lin.me/Olympus_page/"
"Towards Long-Horizon Vision-Language Navigation: Platform, Benchmark and Method",Xinshuai Song; Weixing Chen; Yang Liu; Weikai Chen; Guanbin Li; Liang Lin,CVPR,2,0,0,2412.09082,"Existing Vision-Language Navigation (VLN) methods primarily focus on single-stage navigation, limiting their effectiveness in multi-stage and long-horizon tasks within complex and dynamic environments. To address these limitations, we propose a novel VLN task, named Long-Horizon Vision-Language Navigation (LH-VLN), which emphasizes long-term planning and decision consistency across consecutive subtasks. Furthermore, to support LH-VLN, we develop an automated data generation platform NavGen, which constructs datasets with complex task structures and improves data utility through a bidirectional, multi-granularity generation approach. To accurately evaluate complex tasks, we construct the Long-Horizon Planning and Reasoning in VLN (LHPR-VLN) benchmark consisting of 3,260 tasks with an average of 150 task steps, serving as the first dataset specifically designed for the long-horizon vision-language navigation task. Furthermore, we propose Independent Success Rate (ISR), Conditional Success Rate (CSR), and CSR weight by Ground Truth (CGT) metrics, to provide fine-grained assessments of task completion. To improve model adaptability in complex tasks, we propose a novel Multi-Granularity Dynamic Memory (MGDM) module that integrates short-term memory blurring with long-term memory retrieval to enable flexible navigation in dynamic environments. Our platform, benchmark and method supply LH-VLN with a robust data generation pipeline, comprehensive model evaluation dataset, reasonable metrics, and a novel VLN model, establishing a foundational framework for advancing LH-VLN.",http://arxiv.org/abs/2412.09082v3,https://arxiv.org/pdf/2412.09082v3,"Accepted by CVPR 2025. A novel Long-Horizon Vision-Language Navigation task, project page: https://hcplab-sysu.github.io/LH-VLN/"
Arbitrary-steps Image Super-resolution via Diffusion Inversion,Zongsheng Yue; Kang Liao; Chen Change Loy,CVPR,2,0,0,2412.09013,"This study presents a new image super-resolution (SR) technique based on diffusion inversion, aiming at harnessing the rich image priors encapsulated in large pre-trained diffusion models to improve SR performance. We design a Partial noise Prediction strategy to construct an intermediate state of the diffusion model, which serves as the starting sampling point. Central to our approach is a deep noise predictor to estimate the optimal noise maps for the forward diffusion process. Once trained, this noise predictor can be used to initialize the sampling process partially along the diffusion trajectory, generating the desirable high-resolution result. Compared to existing approaches, our method offers a flexible and efficient sampling mechanism that supports an arbitrary number of sampling steps, ranging from one to five. Even with a single sampling step, our method demonstrates superior or comparable performance to recent state-of-the-art approaches. The code and model are publicly available at https://github.com/zsyOAOA/InvSR.",http://arxiv.org/abs/2412.09013v2,https://arxiv.org/pdf/2412.09013v2,Accepted by CVPR 2025. Project: https://github.com/zsyOAOA/InvSR
EmoDubber: Towards High Quality and Emotion Controllable Movie Dubbing,Gaoxiang Cong; Jiadong Pan; Liang Li; Yuankai Qi; Yuxin Peng; Anton van den Hengel; Jian Yang; Qingming Huang,CVPR,2,0,0,2412.08988,"Given a piece of text, a video clip, and a reference audio, the movie dubbing task aims to generate speech that aligns with the video while cloning the desired voice. The existing methods have two primary deficiencies: (1) They struggle to simultaneously hold audio-visual sync and achieve clear pronunciation; (2) They lack the capacity to express user-defined emotions. To address these problems, we propose EmoDubber, an emotion-controllable dubbing architecture that allows users to specify emotion type and emotional intensity while satisfying high-quality lip sync and pronunciation. Specifically, we first design Lip-related Prosody Aligning (LPA), which focuses on learning the inherent consistency between lip motion and prosody variation by duration level contrastive learning to incorporate reasonable alignment. Then, we design Pronunciation Enhancing (PE) strategy to fuse the video-level phoneme sequences by efficient conformer to improve speech intelligibility. Next, the speaker identity adapting module aims to decode acoustics prior and inject the speaker style embedding. After that, the proposed Flow-based User Emotion Controlling (FUEC) is used to synthesize waveform by flow matching prediction network conditioned on acoustics prior. In this process, the FUEC determines the gradient direction and guidance scale based on the user's emotion instructions by the positive and negative guidance mechanism, which focuses on amplifying the desired emotion while suppressing others. Extensive experimental results on three benchmark datasets demonstrate favorable performance compared to several state-of-the-art methods.",http://arxiv.org/abs/2412.08988v3,https://arxiv.org/pdf/2412.08988v3,Accepted to CVPR 2025
StyleStudio: Text-Driven Style Transfer with Selective Control of Style Elements,Mingkun Lei; Xue Song; Beier Zhu; Hao Wang; Chi Zhang,CVPR,2,0,0,2412.08503,"Text-driven style transfer aims to merge the style of a reference image with content described by a text prompt. Recent advancements in text-to-image models have improved the nuance of style transformations, yet significant challenges remain, particularly with overfitting to reference styles, limiting stylistic control, and misaligning with textual content. In this paper, we propose three complementary strategies to address these issues. First, we introduce a cross-modal Adaptive Instance Normalization (AdaIN) mechanism for better integration of style and text features, enhancing alignment. Second, we develop a Style-based Classifier-Free Guidance (SCFG) approach that enables selective control over stylistic elements, reducing irrelevant influences. Finally, we incorporate a teacher model during early generation stages to stabilize spatial layouts and mitigate artifacts. Our extensive evaluations demonstrate significant improvements in style transfer quality and alignment with textual prompts. Furthermore, our approach can be integrated into existing style transfer frameworks without fine-tuning.",http://arxiv.org/abs/2412.08503v2,https://arxiv.org/pdf/2412.08503v2,Accepted by CVPR 2025
Repurposing Pre-trained Video Diffusion Models for Event-based Video Interpolation,Jingxi Chen; Brandon Y. Feng; Haoming Cai; Tianfu Wang; Levi Burner; Dehao Yuan; Cornelia Fermuller; Christopher A. Metzler; Yiannis Aloimonos,CVPR,2,0,0,2412.07761,"Video Frame Interpolation aims to recover realistic missing frames between observed frames, generating a high-frame-rate video from a low-frame-rate video. However, without additional guidance, the large motion between frames makes this problem ill-posed. Event-based Video Frame Interpolation (EVFI) addresses this challenge by using sparse, high-temporal-resolution event measurements as motion guidance. This guidance allows EVFI methods to significantly outperform frame-only methods. However, to date, EVFI methods have relied on a limited set of paired event-frame training data, severely limiting their performance and generalization capabilities. In this work, we overcome the limited data challenge by adapting pre-trained video diffusion models trained on internet-scale datasets to EVFI. We experimentally validate our approach on real-world EVFI datasets, including a new one that we introduce. Our method outperforms existing methods and generalizes across cameras far better than existing approaches.",http://arxiv.org/abs/2412.07761v2,https://arxiv.org/pdf/2412.07761v2,Accepted to CVPR 2025
FIRE: Robust Detection of Diffusion-Generated Images via Frequency-Guided Reconstruction Error,Beilin Chu; Xuan Xu; Xin Wang; Yufei Zhang; Weike You; Linna Zhou,CVPR,2,0,0,2412.07140,"The rapid advancement of diffusion models has significantly improved high-quality image generation, making generated content increasingly challenging to distinguish from real images and raising concerns about potential misuse. In this paper, we observe that diffusion models struggle to accurately reconstruct mid-band frequency information in real images, suggesting the limitation could serve as a cue for detecting diffusion model generated images. Motivated by this observation, we propose a novel method called Frequency-guided Reconstruction Error (FIRE), which, to the best of our knowledge, is the first to investigate the influence of frequency decomposition on reconstruction error. FIRE assesses the variation in reconstruction error before and after the frequency decomposition, offering a robust method for identifying diffusion model generated images. Extensive experiments show that FIRE generalizes effectively to unseen diffusion models and maintains robustness against diverse perturbations.",http://arxiv.org/abs/2412.07140v3,https://arxiv.org/pdf/2412.07140v3,"14 pages, 14 figures. Accepted to CVPR 2025"
Edge-SD-SR: Low Latency and Parameter Efficient On-device Super-Resolution with Stable Diffusion via Bidirectional Conditioning,Mehdi Noroozi; Isma Hadji; Victor Escorcia; Anestis Zaganidis; Brais Martinez; Georgios Tzimiropoulos,CVPR,2,0,0,2412.06978,"There has been immense progress recently in the visual quality of Stable Diffusion-based Super Resolution (SD-SR). However, deploying large diffusion models on computationally restricted devices such as mobile phones remains impractical due to the large model size and high latency. This is compounded for SR as it often operates at high res (e.g. 4Kx3K). In this work, we introduce Edge-SD-SR, the first parameter efficient and low latency diffusion model for image super-resolution. Edge-SD-SR consists of ~169M parameters, including UNet, encoder and decoder, and has a complexity of only ~142 GFLOPs. To maintain a high visual quality on such low compute budget, we introduce a number of training strategies: (i) A novel conditioning mechanism on the low resolution input, coined bidirectional conditioning, which tailors the SD model for the SR task. (ii) Joint training of the UNet and encoder, while decoupling the encodings of the HR and LR images and using a dedicated schedule. (iii) Finetuning the decoder using the UNet's output to directly tailor the decoder to the latents obtained at inference time. Edge-SD-SR runs efficiently on device, e.g. it can upscale a 128x128 patch to 512x512 in 38 msec while running on a Samsung S24 DSP, and of a 512x512 to 2048x2048 (requiring 25 model evaluations) in just ~1.1 sec. Furthermore, we show that Edge-SD-SR matches or even outperforms state-of-the-art SR approaches on the most established SR benchmarks.",http://arxiv.org/abs/2412.06978v2,https://arxiv.org/pdf/2412.06978v2,Accepted to CVPR 2025
"You See it, You Got it: Learning 3D Creation on Pose-Free Videos at Scale",Baorui Ma; Huachen Gao; Haoge Deng; Zhengxiong Luo; Tiejun Huang; Lulu Tang; Xinlong Wang,CVPR,2,0,0,2412.06699,"Recent 3D generation models typically rely on limited-scale 3D `gold-labels' or 2D diffusion priors for 3D content creation. However, their performance is upper-bounded by constrained 3D priors due to the lack of scalable learning paradigms. In this work, we present See3D, a visual-conditional multi-view diffusion model trained on large-scale Internet videos for open-world 3D creation. The model aims to Get 3D knowledge by solely Seeing the visual contents from the vast and rapidly growing video data -- You See it, You Got it. To achieve this, we first scale up the training data using a proposed data curation pipeline that automatically filters out multi-view inconsistencies and insufficient observations from source videos. This results in a high-quality, richly diverse, large-scale dataset of multi-view images, termed WebVi3D, containing 320M frames from 16M video clips. Nevertheless, learning generic 3D priors from videos without explicit 3D geometry or camera pose annotations is nontrivial, and annotating poses for web-scale videos is prohibitively expensive. To eliminate the need for pose conditions, we introduce an innovative visual-condition - a purely 2D-inductive visual signal generated by adding time-dependent noise to the masked video data. Finally, we introduce a novel visual-conditional 3D generation framework by integrating See3D into a warping-based pipeline for high-fidelity 3D generation. Our numerical and visual comparisons on single and sparse reconstruction benchmarks show that See3D, trained on cost-effective and scalable video data, achieves notable zero-shot and open-world generation capabilities, markedly outperforming models trained on costly and constrained 3D datasets. Please refer to our project page at: https://vision.baai.ac.cn/see3d",http://arxiv.org/abs/2412.06699v3,https://arxiv.org/pdf/2412.06699v3,"Accepted by CVPR 2025, Project Page: https://vision.baai.ac.cn/see3d"
On-Device Self-Supervised Learning of Low-Latency Monocular Depth from Only Events,Jesse Hagenaars; Yilun Wu; Federico Paredes-Vallés; Stein Stroobants; Guido de Croon,CVPR,2,0,0,2412.06359,"Event cameras provide low-latency perception for only milliwatts of power. This makes them highly suitable for resource-restricted, agile robots such as small flying drones. Self-supervised learning based on contrast maximization holds great potential for event-based robot vision, as it foregoes the need for high-frequency ground truth and allows for online learning in the robot's operational environment. However, online, on-board learning raises the major challenge of achieving sufficient computational efficiency for real-time learning, while maintaining competitive visual perception performance. In this work, we improve the time and memory efficiency of the contrast maximization pipeline, making on-device learning of low-latency monocular depth possible. We demonstrate that online learning on board a small drone yields more accurate depth estimates and more successful obstacle avoidance behavior compared to only pre-training. Benchmarking experiments show that the proposed pipeline is not only efficient, but also achieves state-of-the-art depth estimation performance among self-supervised approaches. Our work taps into the unused potential of online, on-device robot learning, promising smaller reality gaps and better performance.",http://arxiv.org/abs/2412.06359v2,https://arxiv.org/pdf/2412.06359v2,Accepted at CVPR 2025
Homogeneous Dynamics Space for Heterogeneous Humans,Xinpeng Liu; Junxuan Liang; Chenshuo Zhang; Zixuan Cai; Cewu Lu; Yong-Lu Li,CVPR,2,0,0,2412.06146,"Analyses of human motion kinematics have achieved tremendous advances. However, the production mechanism, known as human dynamics, is still undercovered. In this paper, we aim to push data-driven human dynamics understanding forward. We identify a major obstacle to this as the heterogeneity of existing human motion understanding efforts. Specifically, heterogeneity exists in not only the diverse kinematics representations and hierarchical dynamics representations but also in the data from different domains, namely biomechanics and reinforcement learning. With an in-depth analysis of the existing heterogeneity, we propose to emphasize the beneath homogeneity: all of them represent the homogeneous fact of human motion, though from different perspectives. Given this, we propose Homogeneous Dynamics Space (HDyS) as a fundamental space for human dynamics by aggregating heterogeneous data and training a homogeneous latent space with inspiration from the inverse-forward dynamics procedure. Leveraging the heterogeneous representations and datasets, HDyS achieves decent mapping between human kinematics and dynamics. We demonstrate the feasibility of HDyS with extensive experiments and applications. The project page is https://foruck.github.io/HDyS.",http://arxiv.org/abs/2412.06146v2,https://arxiv.org/pdf/2412.06146v2,Accepted by CVPR 2025. Cewu Lu and Yong-Lu Li are the corresponding authors
TopoCellGen: Generating Histopathology Cell Topology with a Diffusion Model,Meilong Xu; Saumya Gupta; Xiaoling Hu; Chen Li; Shahira Abousamra; Dimitris Samaras; Prateek Prasanna; Chao Chen,CVPR,2,0,0,2412.06011,"Accurately modeling multi-class cell topology is crucial in digital pathology, as it provides critical insights into tissue structure and pathology. The synthetic generation of cell topology enables realistic simulations of complex tissue environments, enhances downstream tasks by augmenting training data, aligns more closely with pathologists' domain knowledge, and offers new opportunities for controlling and generalizing the tumor microenvironment. In this paper, we propose a novel approach that integrates topological constraints into a diffusion model to improve the generation of realistic, contextually accurate cell topologies. Our method refines the simulation of cell distributions and interactions, increasing the precision and interpretability of results in downstream tasks such as cell detection and classification. To assess the topological fidelity of generated layouts, we introduce a new metric, Topological Frechet Distance (TopoFD), which overcomes the limitations of traditional metrics like FID in evaluating topological structure. Experimental results demonstrate the effectiveness of our approach in generating multi-class cell layouts that capture intricate topological relationships. Code is available at https://github.com/Melon-Xu/TopoCellGen.",http://arxiv.org/abs/2412.06011v2,https://arxiv.org/pdf/2412.06011v2,"Accepted by CVPR 2025. 15 pages, 8 figures"
HeatFormer: A Neural Optimizer for Multiview Human Mesh Recovery,Yuto Matsubara; Ko Nishino,CVPR,2,0,0,2412.04456,"We introduce a novel method for human shape and pose recovery that can fully leverage multiple static views. We target fixed-multiview people monitoring, including elderly care and safety monitoring, in which calibrated cameras can be installed at the corners of a room or an open space but whose configuration may vary depending on the environment. Our key idea is to formulate it as neural optimization. We achieve this with HeatFormer, a neural optimizer that iteratively refines the SMPL parameters given multiview images, which is fundamentally agonistic to the configuration of views. HeatFormer realizes this SMPL parameter estimation as heat map generation and alignment with a novel transformer encoder and decoder. We demonstrate the effectiveness of HeatFormer including its accuracy, robustness to occlusion, and generalizability through an extensive set of experiments. We believe HeatFormer can serve a key role in passive human behavior modeling.",http://arxiv.org/abs/2412.04456v3,https://arxiv.org/pdf/2412.04456v3,To be published in CVPR 2025
Code-as-Monitor: Constraint-aware Visual Programming for Reactive and Proactive Robotic Failure Detection,Enshen Zhou; Qi Su; Cheng Chi; Zhizheng Zhang; Zhongyuan Wang; Tiejun Huang; Lu Sheng; He Wang,CVPR,2,0,0,2412.04455,"Automatic detection and prevention of open-set failures are crucial in closed-loop robotic systems. Recent studies often struggle to simultaneously identify unexpected failures reactively after they occur and prevent foreseeable ones proactively. To this end, we propose Code-as-Monitor (CaM), a novel paradigm leveraging the vision-language model (VLM) for both open-set reactive and proactive failure detection. The core of our method is to formulate both tasks as a unified set of spatio-temporal constraint satisfaction problems and use VLM-generated code to evaluate them for real-time monitoring. To enhance the accuracy and efficiency of monitoring, we further introduce constraint elements that abstract constraint-related entities or their parts into compact geometric elements. This approach offers greater generality, simplifies tracking, and facilitates constraint-aware visual programming by leveraging these elements as visual prompts. Experiments show that CaM achieves a 28.7% higher success rate and reduces execution time by 31.8% under severe disturbances compared to baselines across three simulators and a real-world setting. Moreover, CaM can be integrated with open-loop control policies to form closed-loop systems, enabling long-horizon tasks in cluttered scenes with dynamic environments.",http://arxiv.org/abs/2412.04455v3,https://arxiv.org/pdf/2412.04455v3,Accepted by CVPR 2025. Project page: https://zhoues.github.io/Code-as-Monitor/
VladVA: Discriminative Fine-tuning of LVLMs,Yassine Ouali; Adrian Bulat; Alexandros Xenos; Anestis Zaganidis; Ioannis Maniadis Metaxas; Brais Martinez; Georgios Tzimiropoulos,CVPR,2,0,0,2412.04378,"Contrastively-trained Vision-Language Models (VLMs) like CLIP have become the de facto approach for discriminative vision-language representation learning. However, these models have limited language understanding, often exhibiting a ""bag of words"" behavior. At the same time, Large Vision-Language Models (LVLMs), which combine vision encoders with LLMs, have been shown to be capable of detailed vision-language reasoning, yet their autoregressive nature renders them less suitable for discriminative tasks. In this work, we propose to combine ""the best of both worlds"": a new training approach for discriminative fine-tuning of LVLMs that results in strong discriminative and compositional capabilities. Essentially, our approach converts a generative LVLM into a discriminative one, unlocking its capability for powerful image-text discrimination combined with enhanced language understanding. Our contributions include (1) a carefully designed training/optimization framework that utilizes image-text pairs of variable length and granularity for training the model with both contrastive and next-token prediction losses. This is accompanied by ablation studies that justify the necessity of our framework's components; (2) a parameter-efficient adaptation method using a combination of soft prompting and LoRA adapters; (3) significant improvements over state-of-the-art CLIP-like models of similar size, including standard image-text retrieval benchmarks and notable gains in compositionality.",http://arxiv.org/abs/2412.04378v3,https://arxiv.org/pdf/2412.04378v3,Published at CVPR 2025
Mask-Adapter: The Devil is in the Masks for Open-Vocabulary Segmentation,Yongkang Li; Tianheng Cheng; Bin Feng; Wenyu Liu; Xinggang Wang,CVPR,2,0,0,2412.04533,"Recent open-vocabulary segmentation methods adopt mask generators to predict segmentation masks and leverage pre-trained vision-language models, e.g., CLIP, to classify these masks via mask pooling. Although these approaches show promising results, it is counterintuitive that accurate masks often fail to yield accurate classification results through pooling CLIP image embeddings within the mask regions. In this paper, we reveal the performance limitations of mask pooling and introduce Mask-Adapter, a simple yet effective method to address these challenges in open-vocabulary segmentation. Compared to directly using proposal masks, our proposed Mask-Adapter extracts semantic activation maps from proposal masks, providing richer contextual information and ensuring alignment between masks and CLIP. Additionally, we propose a mask consistency loss that encourages proposal masks with similar IoUs to obtain similar CLIP embeddings to enhance models' robustness to varying predicted masks. Mask-Adapter integrates seamlessly into open-vocabulary segmentation methods based on mask pooling in a plug-and-play manner, delivering more accurate classification results. Extensive experiments across several zero-shot benchmarks demonstrate significant performance gains for the proposed Mask-Adapter on several well-established methods. Notably, Mask-Adapter also extends effectively to SAM and achieves impressive results on several open-vocabulary segmentation datasets. Code and models are available at https://github.com/hustvl/MaskAdapter.",http://arxiv.org/abs/2412.04533v2,https://arxiv.org/pdf/2412.04533v2,Accepted by CVPR 2025; Code & models: https://github.com/hustvl/MaskAdapter
Multi-View Pose-Agnostic Change Localization with Zero Labels,Chamuditha Jayanga Galappaththige; Jason Lai; Lloyd Windrim; Donald Dansereau; Niko Suenderhauf; Dimity Miller,CVPR,2,0,0,2412.03911,"Autonomous agents often require accurate methods for detecting and localizing changes in their environment, particularly when observations are captured from unconstrained and inconsistent viewpoints. We propose a novel label-free, pose-agnostic change detection method that integrates information from multiple viewpoints to construct a change-aware 3D Gaussian Splatting (3DGS) representation of the scene. With as few as 5 images of the post-change scene, our approach can learn an additional change channel in a 3DGS and produce change masks that outperform single-view techniques. Our change-aware 3D scene representation additionally enables the generation of accurate change masks for unseen viewpoints. Experimental results demonstrate state-of-the-art performance in complex multi-object scenes, achieving a 1.7x and 1.5x improvement in Mean Intersection Over Union and F1 score respectively over other baselines. We also contribute a new real-world dataset to benchmark change detection in diverse challenging scenes in the presence of lighting variations.",http://arxiv.org/abs/2412.03911v2,https://arxiv.org/pdf/2412.03911v2,Accepted at CVPR 2025
Beyond Local Sharpness: Communication-Efficient Global Sharpness-aware Minimization for Federated Learning,Debora Caldarola; Pietro Cagnasso; Barbara Caputo; Marco Ciccone,CVPR,2,0,0,2412.03752,"Federated learning (FL) enables collaborative model training with privacy preservation. Data heterogeneity across edge devices (clients) can cause models to converge to sharp minima, negatively impacting generalization and robustness. Recent approaches use client-side sharpness-aware minimization (SAM) to encourage flatter minima, but the discrepancy between local and global loss landscapes often undermines their effectiveness, as optimizing for local sharpness does not ensure global flatness. This work introduces FedGloSS (Federated Global Server-side Sharpness), a novel FL approach that prioritizes the optimization of global sharpness on the server, using SAM. To reduce communication overhead, FedGloSS cleverly approximates sharpness using the previous global gradient, eliminating the need for additional client communication. Our extensive evaluations demonstrate that FedGloSS consistently reaches flatter minima and better performance compared to state-of-the-art FL methods across various federated vision benchmarks.",http://arxiv.org/abs/2412.03752v2,https://arxiv.org/pdf/2412.03752v2,"Accepted at CVPR 2025, 20 pages"
UniVAD: A Training-free Unified Model for Few-shot Visual Anomaly Detection,Zhaopeng Gu; Bingke Zhu; Guibo Zhu; Yingying Chen; Ming Tang; Jinqiao Wang,CVPR,2,0,0,2412.03342,"Visual Anomaly Detection (VAD) aims to identify abnormal samples in images that deviate from normal patterns, covering multiple domains, including industrial, logical, and medical fields. Due to the domain gaps between these fields, existing VAD methods are typically tailored to each domain, with specialized detection techniques and model architectures that are difficult to generalize across different domains. Moreover, even within the same domain, current VAD approaches often follow a ""one-category-one-model"" paradigm, requiring large amounts of normal samples to train class-specific models, resulting in poor generalizability and hindering unified evaluation across domains. To address this issue, we propose a generalized few-shot VAD method, UniVAD, capable of detecting anomalies across various domains, such as industrial, logical, and medical anomalies, with a training-free unified model. UniVAD only needs few normal samples as references during testing to detect anomalies in previously unseen objects, without training on the specific domain. Specifically, UniVAD employs a Contextual Component Clustering ($C^3$) module based on clustering and vision foundation models to segment components within the image accurately, and leverages Component-Aware Patch Matching (CAPM) and Graph-Enhanced Component Modeling (GECM) modules to detect anomalies at different semantic levels, which are aggregated to produce the final detection result. We conduct experiments on nine datasets spanning industrial, logical, and medical fields, and the results demonstrate that UniVAD achieves state-of-the-art performance in few-shot anomaly detection tasks across multiple domains, outperforming domain-specific anomaly detection models. Code is available at https://github.com/FantasticGNU/UniVAD.",http://arxiv.org/abs/2412.03342v3,https://arxiv.org/pdf/2412.03342v3,Accepted by CVPR 2025; Project page: https://uni-vad.github.io/
Task-driven Image Fusion with Learnable Fusion Loss,Haowen Bai; Jiangshe Zhang; Zixiang Zhao; Yichen Wu; Lilun Deng; Yukun Cui; Tao Feng; Shuang Xu,CVPR,2,0,0,2412.03240,"Multi-modal image fusion aggregates information from multiple sensor sources, achieving superior visual quality and perceptual features compared to single-source images, often improving downstream tasks. However, current fusion methods for downstream tasks still use predefined fusion objectives that potentially mismatch the downstream tasks, limiting adaptive guidance and reducing model flexibility. To address this, we propose Task-driven Image Fusion (TDFusion), a fusion framework incorporating a learnable fusion loss guided by task loss. Specifically, our fusion loss includes learnable parameters modeled by a neural network called the loss generation module. This module is supervised by the downstream task loss in a meta-learning manner. The learning objective is to minimize the task loss of fused images after optimizing the fusion module with the fusion loss. Iterative updates between the fusion module and the loss module ensure that the fusion network evolves toward minimizing task loss, guiding the fusion process toward the task objectives. TDFusion's training relies entirely on the downstream task loss, making it adaptable to any specific task. It can be applied to any architecture of fusion and task networks. Experiments demonstrate TDFusion's performance through fusion experiments conducted on four different datasets, in addition to evaluations on semantic segmentation and object detection tasks.",http://arxiv.org/abs/2412.03240v2,https://arxiv.org/pdf/2412.03240v2,Accepted to CVPR 2025
EchoONE: Segmenting Multiple echocardiography Planes in One Model,Jiongtong Hu; Wei Zhuo; Jun Cheng; Yingying Liu; Wufeng Xue; Dong Ni,CVPR,2,0,0,2412.02993,"In clinical practice of echocardiography examinations, multiple planes containing the heart structures of different view are usually required in screening, diagnosis and treatment of cardiac disease. AI models for echocardiography have to be tailored for each specific plane due to the dramatic structure differences, thus resulting in repetition development and extra complexity. Effective solution for such a multi-plane segmentation (MPS) problem is highly demanded for medical images, yet has not been well investigated. In this paper, we propose a novel solution, EchoONE, for this problem with a SAM-based segmentation architecture, a prior-composable mask learning (PC-Mask) module for semantic-aware dense prompt generation, and a learnable CNN-branch with a simple yet effective local feature fusion and adaption (LFFA) module for SAM adapting. We extensively evaluated our method on multiple internal and external echocardiography datasets, and achieved consistently state-of-the-art performance for multi-source datasets with different heart planes. This is the first time that the MPS problem is solved in one model for echocardiography data. The code will be available at https://github.com/a2502503/EchoONE.",http://arxiv.org/abs/2412.02993v3,https://arxiv.org/pdf/2412.02993v3,Accepted by CVPR 2025
UniGraspTransformer: Simplified Policy Distillation for Scalable Dexterous Robotic Grasping,Wenbo Wang; Fangyun Wei; Lei Zhou; Xi Chen; Lin Luo; Xiaohan Yi; Yizhong Zhang; Yaobo Liang; Chang Xu; Yan Lu; Jiaolong Yang; Baining Guo,CVPR,2,0,0,2412.02699,"We introduce UniGraspTransformer, a universal Transformer-based network for dexterous robotic grasping that simplifies training while enhancing scalability and performance. Unlike prior methods such as UniDexGrasp++, which require complex, multi-step training pipelines, UniGraspTransformer follows a streamlined process: first, dedicated policy networks are trained for individual objects using reinforcement learning to generate successful grasp trajectories; then, these trajectories are distilled into a single, universal network. Our approach enables UniGraspTransformer to scale effectively, incorporating up to 12 self-attention blocks for handling thousands of objects with diverse poses. Additionally, it generalizes well to both idealized and real-world inputs, evaluated in state-based and vision-based settings. Notably, UniGraspTransformer generates a broader range of grasping poses for objects in various shapes and orientations, resulting in more diverse grasp strategies. Experimental results demonstrate significant improvements over state-of-the-art, UniDexGrasp++, across various object categories, achieving success rate gains of 3.5%, 7.7%, and 10.1% on seen objects, unseen objects within seen categories, and completely unseen objects, respectively, in the vision-based setting. Project page: https://dexhand.github.io/UniGraspTransformer.",http://arxiv.org/abs/2412.02699v2,https://arxiv.org/pdf/2412.02699v2,Accepted to CVPR 2025. Project page: https://dexhand.github.io/UniGraspTransformer
Generative Photography: Scene-Consistent Camera Control for Realistic Text-to-Image Synthesis,Yu Yuan; Xijun Wang; Yichen Sheng; Prateek Chennuri; Xingguang Zhang; Stanley Chan,CVPR,2,0,0,2412.02168,"Image generation today can produce somewhat realistic images from text prompts. However, if one asks the generator to synthesize a specific camera setting such as creating different fields of view using a 24mm lens versus a 70mm lens, the generator will not be able to interpret and generate scene-consistent images. This limitation not only hinders the adoption of generative tools in professional photography but also highlights the broader challenge of aligning data-driven models with real-world physical settings. In this paper, we introduce Generative Photography, a framework that allows controlling camera intrinsic settings during content generation. The core innovation of this work are the concepts of Dimensionality Lifting and Differential Camera Intrinsics Learning, enabling smooth and consistent transitions across different camera settings. Experimental results show that our method produces significantly more scene-consistent photorealistic images than state-of-the-art models such as Stable Diffusion 3 and FLUX. Our code and additional results are available at https://generative-photography.github.io/project.",http://arxiv.org/abs/2412.02168v3,https://arxiv.org/pdf/2412.02168v3,Accepted by CVPR 2025. Project page: https://generative-photography.github.io/project/
Progress-Aware Video Frame Captioning,Zihui Xue; Joungbin An; Xitong Yang; Kristen Grauman,CVPR,2,0,0,2412.02071,"While image captioning provides isolated descriptions for individual images, and video captioning offers one single narrative for an entire video clip, our work explores an important middle ground: progress-aware video captioning at the frame level. This novel task aims to generate temporally fine-grained captions that not only accurately describe each frame but also capture the subtle progression of actions throughout a video sequence. Despite the strong capabilities of existing leading vision language models, they often struggle to discern the nuances of frame-wise differences. To address this, we propose ProgressCaptioner, a captioning model designed to capture the fine-grained temporal dynamics within an action sequence. Alongside, we develop the FrameCap dataset to support training and the FrameCapEval benchmark to assess caption quality. The results demonstrate that ProgressCaptioner significantly surpasses leading captioning models, producing precise captions that accurately capture action progression and set a new standard for temporal precision in video captioning. Finally, we showcase practical applications of our approach, specifically in aiding keyframe selection and advancing video understanding, highlighting its broad utility.",http://arxiv.org/abs/2412.02071v2,https://arxiv.org/pdf/2412.02071v2,"Accepted by CVPR 2025, Project website: https://vision.cs.utexas.edu/projects/ProgressCaptioner/"
OmniGuard: Hybrid Manipulation Localization via Augmented Versatile Deep Image Watermarking,Xuanyu Zhang; Zecheng Tang; Zhipei Xu; Runyi Li; Youmin Xu; Bin Chen; Feng Gao; Jian Zhang,CVPR,2,0,0,2412.01615,"With the rapid growth of generative AI and its widespread application in image editing, new risks have emerged regarding the authenticity and integrity of digital content. Existing versatile watermarking approaches suffer from trade-offs between tamper localization precision and visual quality. Constrained by the limited flexibility of previous framework, their localized watermark must remain fixed across all images. Under AIGC-editing, their copyright extraction accuracy is also unsatisfactory. To address these challenges, we propose OmniGuard, a novel augmented versatile watermarking approach that integrates proactive embedding with passive, blind extraction for robust copyright protection and tamper localization. OmniGuard employs a hybrid forensic framework that enables flexible localization watermark selection and introduces a degradation-aware tamper extraction network for precise localization under challenging conditions. Additionally, a lightweight AIGC-editing simulation layer is designed to enhance robustness across global and local editing. Extensive experiments show that OmniGuard achieves superior fidelity, robustness, and flexibility. Compared to the recent state-of-the-art approach EditGuard, our method outperforms it by 4.25dB in PSNR of the container image, 20.7% in F1-Score under noisy conditions, and 14.8% in average bit accuracy.",http://arxiv.org/abs/2412.01615v3,https://arxiv.org/pdf/2412.01615v3,Accepted by CVPR 2025
Long Video Diffusion Generation with Segmented Cross-Attention and Content-Rich Video Data Curation,Xin Yan; Yuxuan Cai; Qiuyue Wang; Yuan Zhou; Wenhao Huang; Huan Yang,CVPR,2,0,0,2412.01316,"We introduce Presto, a novel video diffusion model designed to generate 15-second videos with long-range coherence and rich content. Extending video generation methods to maintain scenario diversity over long durations presents significant challenges. To address this, we propose a Segmented Cross-Attention (SCA) strategy, which splits hidden states into segments along the temporal dimension, allowing each segment to cross-attend to a corresponding sub-caption. SCA requires no additional parameters, enabling seamless incorporation into current DiT-based architectures. To facilitate high-quality long video generation, we build the LongTake-HD dataset, consisting of 261k content-rich videos with scenario coherence, annotated with an overall video caption and five progressive sub-captions. Experiments show that our Presto achieves 78.5% on the VBench Semantic Score and 100% on the Dynamic Degree, outperforming existing state-of-the-art video generation methods. This demonstrates that our proposed Presto significantly enhances content richness, maintains long-range coherence, and captures intricate textual details. More details are displayed on our project page: https://presto-video.github.io/.",http://arxiv.org/abs/2412.01316v2,https://arxiv.org/pdf/2412.01316v2,This paper is accepted by CVPR 2025
Synergizing Motion and Appearance: Multi-Scale Compensatory Codebooks for Talking Head Video Generation,Shuling Zhao; Fa-Ting Hong; Xiaoshui Huang; Dan Xu,CVPR,2,0,0,2412.00719,"Talking head video generation aims to generate a realistic talking head video that preserves the person's identity from a source image and the motion from a driving video. Despite the promising progress made in the field, it remains a challenging and critical problem to generate videos with accurate poses and fine-grained facial details simultaneously. Essentially, facial motion is often highly complex to model precisely, and the one-shot source face image cannot provide sufficient appearance guidance during generation due to dynamic pose changes. To tackle the problem, we propose to jointly learn motion and appearance codebooks and perform multi-scale codebook compensation to effectively refine both the facial motion conditions and appearance features for talking face image decoding. Specifically, the designed multi-scale motion and appearance codebooks are learned simultaneously in a unified framework to store representative global facial motion flow and appearance patterns. Then, we present a novel multi-scale motion and appearance compensation module, which utilizes a transformer-based codebook retrieval strategy to query complementary information from the two codebooks for joint motion and appearance compensation. The entire process produces motion flows of greater flexibility and appearance features with fewer distortions across different scales, resulting in a high-quality talking head video generation framework. Extensive experiments on various benchmarks validate the effectiveness of our approach and demonstrate superior generation results from both qualitative and quantitative perspectives when compared to state-of-the-art competitors.",http://arxiv.org/abs/2412.00719v2,https://arxiv.org/pdf/2412.00719v2,Accepted by CVPR 2025. Project page: https://shaelynz.github.io/synergize-motion-appearance/
Video-3D LLM: Learning Position-Aware Video Representation for 3D Scene Understanding,Duo Zheng; Shijia Huang; Liwei Wang,CVPR,2,0,0,2412.00493,"The rapid advancement of Multimodal Large Language Models (MLLMs) has significantly impacted various multimodal tasks. However, these models face challenges in tasks that require spatial understanding within 3D environments. Efforts to enhance MLLMs, such as incorporating point cloud features, have been made, yet a considerable gap remains between the models' learned representations and the inherent complexity of 3D scenes. This discrepancy largely stems from the training of MLLMs on predominantly 2D data, which restricts their effectiveness in comprehending 3D spaces. To address this issue, in this paper, we propose a novel generalist model, i.e., Video-3D LLM, for 3D scene understanding. By treating 3D scenes as dynamic videos and incorporating 3D position encoding into these representations, our Video-3D LLM aligns video representations with real-world spatial contexts more accurately. In addition, we have implemented a maximum coverage sampling technique to optimize the trade-off between computational cost and performance. Extensive experiments demonstrate that our model achieves state-of-the-art performance on several 3D scene understanding benchmarks, including ScanRefer, Multi3DRefer, Scan2Cap, ScanQA, and SQA3D.",http://arxiv.org/abs/2412.00493v2,https://arxiv.org/pdf/2412.00493v2,Accepted by CVPR 2025
InstanceGaussian: Appearance-Semantic Joint Gaussian Representation for 3D Instance-Level Perception,Haijie Li; Yanmin Wu; Jiarui Meng; Qiankun Gao; Zhiyao Zhang; Ronggang Wang; Jian Zhang,CVPR,2,0,0,2411.19235,"3D scene understanding has become an essential area of research with applications in autonomous driving, robotics, and augmented reality. Recently, 3D Gaussian Splatting (3DGS) has emerged as a powerful approach, combining explicit modeling with neural adaptability to provide efficient and detailed scene representations. However, three major challenges remain in leveraging 3DGS for scene understanding: 1) an imbalance between appearance and semantics, where dense Gaussian usage for fine-grained texture modeling does not align with the minimal requirements for semantic attributes; 2) inconsistencies between appearance and semantics, as purely appearance-based Gaussians often misrepresent object boundaries; and 3) reliance on top-down instance segmentation methods, which struggle with uneven category distributions, leading to over- or under-segmentation. In this work, we propose InstanceGaussian, a method that jointly learns appearance and semantic features while adaptively aggregating instances. Our contributions include: i) a novel Semantic-Scaffold-GS representation balancing appearance and semantics to improve feature representations and boundary delineation; ii) a progressive appearance-semantic joint training strategy to enhance stability and segmentation accuracy; and iii) a bottom-up, category-agnostic instance aggregation approach that addresses segmentation challenges through farthest point sampling and connected component analysis. Our approach achieves state-of-the-art performance in category-agnostic, open-vocabulary 3D point-level segmentation, highlighting the effectiveness of the proposed representation and training strategies. Project page: https://lhj-git.github.io/InstanceGaussian/",http://arxiv.org/abs/2411.19235v2,https://arxiv.org/pdf/2411.19235v2,"14 pages, accepted by CVPR 2025 as poster"
TAMT: Temporal-Aware Model Tuning for Cross-Domain Few-Shot Action Recognition,Yilong Wang; Zilin Gao; Qilong Wang; Zhaofeng Chen; Peihua Li; Qinghua Hu,CVPR,2,0,0,2411.19041,"Going beyond few-shot action recognition (FSAR), cross-domain FSAR (CDFSAR) has attracted recent research interests by solving the domain gap lying in source-to-target transfer learning. Existing CDFSAR methods mainly focus on joint training of source and target data to mitigate the side effect of domain gap. However, such kind of methods suffer from two limitations: First, pair-wise joint training requires retraining deep models in case of one source data and multiple target ones, which incurs heavy computation cost, especially for large source and small target data. Second, pre-trained models after joint training are adopted to target domain in a straightforward manner, hardly taking full potential of pre-trained models and then limiting recognition performance. To overcome above limitations, this paper proposes a simple yet effective baseline, namely Temporal-Aware Model Tuning (TAMT) for CDFSAR. Specifically, our TAMT involves a decoupled paradigm by performing pre-training on source data and fine-tuning target data, which avoids retraining for multiple target data with single source. To effectively and efficiently explore the potential of pre-trained models in transferring to target domain, our TAMT proposes a Hierarchical Temporal Tuning Network (HTTN), whose core involves local temporal-aware adapters (TAA) and a global temporal-aware moment tuning (GTMT). Particularly, TAA learns few parameters to recalibrate the intermediate features of frozen pre-trained models, enabling efficient adaptation to target domains. Furthermore, GTMT helps to generate powerful video representations, improving match performance on the target domain. Experiments on several widely used video benchmarks show our TAMT outperforms the recently proposed counterparts by 13%$\sim$31%, achieving new state-of-the-art CDFSAR results.",http://arxiv.org/abs/2411.19041v2,https://arxiv.org/pdf/2411.19041v2,Accepted by CVPR 2025; Project page: https://github.com/TJU-YDragonW/TAMT
Revealing Key Details to See Differences: A Novel Prototypical Perspective for Skeleton-based Action Recognition,Hongda Liu; Yunfan Liu; Min Ren; Hao Wang; Yunlong Wang; Zhenan Sun,CVPR,2,0,0,2411.18941,"In skeleton-based action recognition, a key challenge is distinguishing between actions with similar trajectories of joints due to the lack of image-level details in skeletal representations. Recognizing that the differentiation of similar actions relies on subtle motion details in specific body parts, we direct our approach to focus on the fine-grained motion of local skeleton components. To this end, we introduce ProtoGCN, a Graph Convolutional Network (GCN)-based model that breaks down the dynamics of entire skeleton sequences into a combination of learnable prototypes representing core motion patterns of action units. By contrasting the reconstruction of prototypes, ProtoGCN can effectively identify and enhance the discriminative representation of similar actions. Without bells and whistles, ProtoGCN achieves state-of-the-art performance on multiple benchmark datasets, including NTU RGB+D, NTU RGB+D 120, Kinetics-Skeleton, and FineGYM, which demonstrates the effectiveness of the proposed method. The code is available at https://github.com/firework8/ProtoGCN.",http://arxiv.org/abs/2411.18941v2,https://arxiv.org/pdf/2411.18941v2,Accepted by CVPR 2025
Immune: Improving Safety Against Jailbreaks in Multi-modal LLMs via Inference-Time Alignment,Soumya Suvra Ghosal; Souradip Chakraborty; Vaibhav Singh; Tianrui Guan; Mengdi Wang; Alvaro Velasquez; Ahmad Beirami; Furong Huang; Dinesh Manocha; Amrit Singh Bedi,CVPR,2,0,0,2411.18688,"With the widespread deployment of Multimodal Large Language Models (MLLMs) for visual-reasoning tasks, improving their safety has become crucial. Recent research indicates that despite training-time safety alignment, these models remain vulnerable to jailbreak attacks. In this work, we first highlight an important safety gap to describe that alignment achieved solely through safety training may be insufficient against jailbreak attacks. To address this vulnerability, we propose Immune, an inference-time defense framework that leverages a safe reward model through controlled decoding to defend against jailbreak attacks. Additionally, we provide a mathematical characterization of Immune, offering insights on why it improves safety against jailbreaks. Extensive evaluations on diverse jailbreak benchmarks using recent MLLMs reveal that Immune effectively enhances model safety while preserving the model's original capabilities. For instance, against text-based jailbreak attacks on LLaVA-1.6, Immune reduces the attack success rate by 57.82% and 16.78% compared to the base MLLM and state-of-the-art defense strategy, respectively.",http://arxiv.org/abs/2411.18688v5,https://arxiv.org/pdf/2411.18688v5,Accepted to CVPR 2025
FactCheXcker: Mitigating Measurement Hallucinations in Chest X-ray Report Generation Models,Alice Heiman; Xiaoman Zhang; Emma Chen; Sung Eun Kim; Pranav Rajpurkar,CVPR,2,0,0,2411.18672,"Medical vision-language models often struggle with generating accurate quantitative measurements in radiology reports, leading to hallucinations that undermine clinical reliability. We introduce FactCheXcker, a modular framework that de-hallucinates radiology report measurements by leveraging an improved query-code-update paradigm. Specifically, FactCheXcker employs specialized modules and the code generation capabilities of large language models to solve measurement queries generated based on the original report. After extracting measurable findings, the results are incorporated into an updated report. We evaluate FactCheXcker on endotracheal tube placement, which accounts for an average of 78% of report measurements, using the MIMIC-CXR dataset and 11 medical report-generation models. Our results show that FactCheXcker significantly reduces hallucinations, improves measurement precision, and maintains the quality of the original reports. Specifically, FactCheXcker improves the performance of 10/11 models and achieves an average improvement of 135.0% in reducing measurement hallucinations measured by mean absolute error. Code is available at https://github.com/rajpurkarlab/FactCheXcker.",http://arxiv.org/abs/2411.18672v3,https://arxiv.org/pdf/2411.18672v3,Accepted to CVPR 2025
DexHandDiff: Interaction-aware Diffusion Planning for Adaptive Dexterous Manipulation,Zhixuan Liang; Yao Mu; Yixiao Wang; Tianxing Chen; Wenqi Shao; Wei Zhan; Masayoshi Tomizuka; Ping Luo; Mingyu Ding,CVPR,2,0,0,2411.18562,"Dexterous manipulation with contact-rich interactions is crucial for advanced robotics. While recent diffusion-based planning approaches show promise for simple manipulation tasks, they often produce unrealistic ghost states (e.g., the object automatically moves without hand contact) or lack adaptability when handling complex sequential interactions. In this work, we introduce DexHandDiff, an interaction-aware diffusion planning framework for adaptive dexterous manipulation. DexHandDiff models joint state-action dynamics through a dual-phase diffusion process which consists of pre-interaction contact alignment and post-contact goal-directed control, enabling goal-adaptive generalizable dexterous manipulation. Additionally, we incorporate dynamics model-based dual guidance and leverage large language models for automated guidance function generation, enhancing generalizability for physical interactions and facilitating diverse goal adaptation through language cues. Experiments on physical interaction tasks such as door opening, pen and block re-orientation, object relocation, and hammer striking demonstrate DexHandDiff's effectiveness on goals outside training distributions, achieving over twice the average success rate (59.2% vs. 29.5%) compared to existing methods. Our framework achieves an average of 70.7% success rate on goal adaptive dexterous tasks, highlighting its robustness and flexibility in contact-rich manipulation.",http://arxiv.org/abs/2411.18562v6,https://arxiv.org/pdf/2411.18562v6,Accepted by CVPR 2025. Camera ready version. Previous DexDiffuser. Project page: https://dexdiffuser.github.io/
OpenING: A Comprehensive Benchmark for Judging Open-ended Interleaved Image-Text Generation,Pengfei Zhou; Xiaopeng Peng; Jiajun Song; Chuanhao Li; Zhaopan Xu; Yue Yang; Ziyao Guo; Hao Zhang; Yuqi Lin; Yefei He; Lirui Zhao; Shuo Liu; Tianhua Li; Yuxuan Xie; Xiaojun Chang; Yu Qiao; Wenqi Shao; Kaipeng Zhang,CVPR,2,0,0,2411.18499,"Multimodal Large Language Models (MLLMs) have made significant strides in visual understanding and generation tasks. However, generating interleaved image-text content remains a challenge, which requires integrated multimodal understanding and generation abilities. While the progress in unified models offers new solutions, existing benchmarks are insufficient for evaluating these methods due to limitations in data size and diversity. To bridge this gap, we introduce OpenING, a comprehensive benchmark comprising 5,400 high-quality human-annotated instances across 56 real-world tasks. OpenING covers diverse daily scenarios such as travel guide, design, and brainstorming, offering a robust platform for challenging interleaved generation methods. In addition, we present IntJudge, a judge model for evaluating open-ended multimodal generation methods. Trained with a novel data pipeline, our IntJudge achieves an agreement rate of 82.42% with human judgments, outperforming GPT-based evaluators by 11.34%. Extensive experiments on OpenING reveal that current interleaved generation methods still have substantial room for improvement. Key findings on interleaved image-text generation are further presented to guide the development of next-generation models.",http://arxiv.org/abs/2411.18499v3,https://arxiv.org/pdf/2411.18499v3,"53 pages, 19 figures, accepted by CVPR 2025"
Complexity Experts are Task-Discriminative Learners for Any Image Restoration,Eduard Zamfir; Zongwei Wu; Nancy Mehta; Yuedong Tan; Danda Pani Paudel; Yulun Zhang; Radu Timofte,CVPR,2,0,0,2411.18466,"Recent advancements in all-in-one image restoration models have revolutionized the ability to address diverse degradations through a unified framework. However, parameters tied to specific tasks often remain inactive for other tasks, making mixture-of-experts (MoE) architectures a natural extension. Despite this, MoEs often show inconsistent behavior, with some experts unexpectedly generalizing across tasks while others struggle within their intended scope. This hinders leveraging MoEs' computational benefits by bypassing irrelevant experts during inference. We attribute this undesired behavior to the uniform and rigid architecture of traditional MoEs. To address this, we introduce ``complexity experts"" -- flexible expert blocks with varying computational complexity and receptive fields. A key challenge is assigning tasks to each expert, as degradation complexity is unknown in advance. Thus, we execute tasks with a simple bias toward lower complexity. To our surprise, this preference effectively drives task-specific allocation, assigning tasks to experts with the appropriate complexity. Extensive experiments validate our approach, demonstrating the ability to bypass irrelevant experts during inference while maintaining superior performance. The proposed MoCE-IR model outperforms state-of-the-art methods, affirming its efficiency and practical applicability. The source code and models are publicly available at \href{https://eduardzamfir.github.io/moceir/}{\texttt{eduardzamfir.github.io/MoCE-IR/}}",http://arxiv.org/abs/2411.18466v2,https://arxiv.org/pdf/2411.18466v2,Accepted at CVPR 2025
G3Flow: Generative 3D Semantic Flow for Pose-aware and Generalizable Object Manipulation,Tianxing Chen; Yao Mu; Zhixuan Liang; Zanxin Chen; Shijia Peng; Qiangyu Chen; Mingkun Xu; Ruizhen Hu; Hongyuan Zhang; Xuelong Li; Ping Luo,CVPR,2,0,0,2411.18369,"Recent advances in imitation learning for 3D robotic manipulation have shown promising results with diffusion-based policies. However, achieving human-level dexterity requires seamless integration of geometric precision and semantic understanding. We present G3Flow, a novel framework that constructs real-time semantic flow, a dynamic, object-centric 3D semantic representation by leveraging foundation models. Our approach uniquely combines 3D generative models for digital twin creation, vision foundation models for semantic feature extraction, and robust pose tracking for continuous semantic flow updates. This integration enables complete semantic understanding even under occlusions while eliminating manual annotation requirements. By incorporating semantic flow into diffusion policies, we demonstrate significant improvements in both terminal-constrained manipulation and cross-object generalization. Extensive experiments across five simulation tasks show that G3Flow consistently outperforms existing approaches, achieving up to 68.3% and 50.1% average success rates on terminal-constrained manipulation and cross-object generalization tasks respectively. Our results demonstrate the effectiveness of G3Flow in enhancing real-time dynamic semantic feature understanding for robotic manipulation policies.",http://arxiv.org/abs/2411.18369v3,https://arxiv.org/pdf/2411.18369v3,"Webpage: https://tianxingchen.github.io/G3Flow/, accepted to CVPR 2025"
Helvipad: A Real-World Dataset for Omnidirectional Stereo Depth Estimation,Mehdi Zayene; Jannik Endres; Albias Havolli; Charles Corbière; Salim Cherkaoui; Alexandre Kontouli; Alexandre Alahi,CVPR,2,0,0,2411.18335,"Despite progress in stereo depth estimation, omnidirectional imaging remains underexplored, mainly due to the lack of appropriate data. We introduce Helvipad, a real-world dataset for omnidirectional stereo depth estimation, featuring 40K video frames from video sequences across diverse environments, including crowded indoor and outdoor scenes with various lighting conditions. Collected using two 360° cameras in a top-bottom setup and a LiDAR sensor, the dataset includes accurate depth and disparity labels by projecting 3D point clouds onto equirectangular images. Additionally, we provide an augmented training set with an increased label density by using depth completion. We benchmark leading stereo depth estimation models for both standard and omnidirectional images. The results show that while recent stereo methods perform decently, a challenge persists in accurately estimating depth in omnidirectional imaging. To address this, we introduce necessary adaptations to stereo models, leading to improved performance.",http://arxiv.org/abs/2411.18335v2,https://arxiv.org/pdf/2411.18335v2,Accepted to CVPR 2025. Project page: https://vita-epfl.github.io/Helvipad
Type-R: Automatically Retouching Typos for Text-to-Image Generation,Wataru Shimoda; Naoto Inoue; Daichi Haraguchi; Hayato Mitani; Seiichi Uchida; Kota Yamaguchi,CVPR,2,0,0,2411.18159,"While recent text-to-image models can generate photorealistic images from text prompts that reflect detailed instructions, they still face significant challenges in accurately rendering words in the image. In this paper, we propose to retouch erroneous text renderings in the post-processing pipeline. Our approach, called Type-R, identifies typographical errors in the generated image, erases the erroneous text, regenerates text boxes for missing words, and finally corrects typos in the rendered words. Through extensive experiments, we show that Type-R, in combination with the latest text-to-image models such as Stable Diffusion or Flux, achieves the highest text rendering accuracy while maintaining image quality and also outperforms text-focused generation baselines in terms of balancing text accuracy and image quality.",http://arxiv.org/abs/2411.18159v2,https://arxiv.org/pdf/2411.18159v2,Accepted to CVPR 2025. Codes: https://github.com/CyberAgentAILab/Type-R
CityWalker: Learning Embodied Urban Navigation from Web-Scale Videos,Xinhao Liu; Jintong Li; Yicheng Jiang; Niranjan Sujay; Zhicheng Yang; Juexiao Zhang; John Abanes; Jing Zhang; Chen Feng,CVPR,2,0,0,2411.17820,"Navigating dynamic urban environments presents significant challenges for embodied agents, requiring advanced spatial reasoning and adherence to common-sense norms. Despite progress, existing visual navigation methods struggle in map-free or off-street settings, limiting the deployment of autonomous agents like last-mile delivery robots. To overcome these obstacles, we propose a scalable, data-driven approach for human-like urban navigation by training agents on thousands of hours of in-the-wild city walking and driving videos sourced from the web. We introduce a simple and scalable data processing pipeline that extracts action supervision from these videos, enabling large-scale imitation learning without costly annotations. Our model learns sophisticated navigation policies to handle diverse challenges and critical scenarios. Experimental results show that training on large-scale, diverse datasets significantly enhances navigation performance, surpassing current methods. This work shows the potential of using abundant online video data to develop robust navigation policies for embodied agents in dynamic urban settings. Project homepage is at https://ai4ce.github.io/CityWalker/.",http://arxiv.org/abs/2411.17820v3,https://arxiv.org/pdf/2411.17820v3,Accepted to CVPR 2025
Video-Guided Foley Sound Generation with Multimodal Controls,Ziyang Chen; Prem Seetharaman; Bryan Russell; Oriol Nieto; David Bourgin; Andrew Owens; Justin Salamon,CVPR,2,0,0,2411.17698,"Generating sound effects for videos often requires creating artistic sound effects that diverge significantly from real-life sources and flexible control in the sound design. To address this problem, we introduce MultiFoley, a model designed for video-guided sound generation that supports multimodal conditioning through text, audio, and video. Given a silent video and a text prompt, MultiFoley allows users to create clean sounds (e.g., skateboard wheels spinning without wind noise) or more whimsical sounds (e.g., making a lion's roar sound like a cat's meow). MultiFoley also allows users to choose reference audio from sound effects (SFX) libraries or partial videos for conditioning. A key novelty of our model lies in its joint training on both internet video datasets with low-quality audio and professional SFX recordings, enabling high-quality, full-bandwidth (48kHz) audio generation. Through automated evaluations and human studies, we demonstrate that MultiFoley successfully generates synchronized high-quality sounds across varied conditional inputs and outperforms existing methods. Please see our project page for video results: https://ificl.github.io/MultiFoley/",http://arxiv.org/abs/2411.17698v4,https://arxiv.org/pdf/2411.17698v4,Accepted at CVPR 2025. Project site: https://ificl.github.io/MultiFoley/
GenDeg: Diffusion-based Degradation Synthesis for Generalizable All-In-One Image Restoration,Sudarshan Rajagopalan; Nithin Gopalakrishnan Nair; Jay N. Paranjape; Vishal M. Patel,CVPR,2,0,0,2411.17687,"Deep learning-based models for All-In-One Image Restoration (AIOR) have achieved significant advancements in recent years. However, their practical applicability is limited by poor generalization to samples outside the training distribution. This limitation arises primarily from insufficient diversity in degradation variations and scenes within existing datasets, resulting in inadequate representations of real-world scenarios. Additionally, capturing large-scale real-world paired data for degradations such as haze, low-light, and raindrops is often cumbersome and sometimes infeasible. In this paper, we leverage the generative capabilities of latent diffusion models to synthesize high-quality degraded images from their clean counterparts. Specifically, we introduce GenDeg, a degradation and intensity-aware conditional diffusion model capable of producing diverse degradation patterns on clean images. Using GenDeg, we synthesize over 550k samples across six degradation types: haze, rain, snow, motion blur, low-light, and raindrops. These generated samples are integrated with existing datasets to form the GenDS dataset, comprising over 750k samples. Our experiments reveal that image restoration models trained on the GenDS dataset exhibit significant improvements in out-of-distribution performance compared to those trained solely on existing datasets. Furthermore, we provide comprehensive analyses on implications of diffusion model-based synthetic degradations for AIOR.",http://arxiv.org/abs/2411.17687v2,https://arxiv.org/pdf/2411.17687v2,Accepted to CVPR 2025. Project Page: https://sudraj2002.github.io/gendegpage/
DepthCues: Evaluating Monocular Depth Perception in Large Vision Models,Duolikun Danier; Mehmet Aygün; Changjian Li; Hakan Bilen; Oisin Mac Aodha,CVPR,2,0,0,2411.17385,"Large-scale pre-trained vision models are becoming increasingly prevalent, offering expressive and generalizable visual representations that benefit various downstream tasks. Recent studies on the emergent properties of these models have revealed their high-level geometric understanding, in particular in the context of depth perception. However, it remains unclear how depth perception arises in these models without explicit depth supervision provided during pre-training. To investigate this, we examine whether the monocular depth cues, similar to those used by the human visual system, emerge in these models. We introduce a new benchmark, DepthCues, designed to evaluate depth cue understanding, and present findings across 20 diverse and representative pre-trained vision models. Our analysis shows that human-like depth cues emerge in more recent larger models. We also explore enhancing depth perception in large vision models by fine-tuning on DepthCues, and find that even without dense depth supervision, this improves depth estimation. To support further research, our benchmark and evaluation code will be made publicly available for studying depth perception in vision models.",http://arxiv.org/abs/2411.17385v3,https://arxiv.org/pdf/2411.17385v3,Accepted to CVPR 2025. Project page: https://danier97.github.io/depthcues/
HEIE: MLLM-Based Hierarchical Explainable AIGC Image Implausibility Evaluator,Fan Yang; Ru Zhen; Jianing Wang; Yanhao Zhang; Haoxiang Chen; Haonan Lu; Sicheng Zhao; Guiguang Ding,CVPR,2,0,0,2411.17261,"AIGC images are prevalent across various fields, yet they frequently suffer from quality issues like artifacts and unnatural textures. Specialized models aim to predict defect region heatmaps but face two primary challenges: (1) lack of explainability, failing to provide reasons and analyses for subtle defects, and (2) inability to leverage common sense and logical reasoning, leading to poor generalization. Multimodal large language models (MLLMs) promise better comprehension and reasoning but face their own challenges: (1) difficulty in fine-grained defect localization due to the limitations in capturing tiny details, and (2) constraints in providing pixel-wise outputs necessary for precise heatmap generation. To address these challenges, we propose HEIE: a novel MLLM-Based Hierarchical Explainable Image Implausibility Evaluator. We introduce the CoT-Driven Explainable Trinity Evaluator, which integrates heatmaps, scores, and explanation outputs, using CoT to decompose complex tasks into subtasks of increasing difficulty and enhance interpretability. Our Adaptive Hierarchical Implausibility Mapper synergizes low-level image features with high-level mapper tokens from LLMs, enabling precise local-to-global hierarchical heatmap predictions through an uncertainty-based adaptive token approach. Moreover, we propose a new dataset: Expl-AIGI-Eval, designed to facilitate interpretable implausibility evaluation of AIGC images. Our method demonstrates state-of-the-art performance through extensive experiments. Our project is at https://yfthu.github.io/HEIE/.",http://arxiv.org/abs/2411.17261v2,https://arxiv.org/pdf/2411.17261v2,Accepted by CVPR 2025
OSDFace: One-Step Diffusion Model for Face Restoration,Jingkai Wang; Jue Gong; Lin Zhang; Zheng Chen; Xing Liu; Hong Gu; Yutong Liu; Yulun Zhang; Xiaokang Yang,CVPR,2,0,0,2411.17163,"Diffusion models have demonstrated impressive performance in face restoration. Yet, their multi-step inference process remains computationally intensive, limiting their applicability in real-world scenarios. Moreover, existing methods often struggle to generate face images that are harmonious, realistic, and consistent with the subject's identity. In this work, we propose OSDFace, a novel one-step diffusion model for face restoration. Specifically, we propose a visual representation embedder (VRE) to better capture prior information and understand the input face. In VRE, low-quality faces are processed by a visual tokenizer and subsequently embedded with a vector-quantized dictionary to generate visual prompts. Additionally, we incorporate a facial identity loss derived from face recognition to further ensure identity consistency. We further employ a generative adversarial network (GAN) as a guidance model to encourage distribution alignment between the restored face and the ground truth. Experimental results demonstrate that OSDFace surpasses current state-of-the-art (SOTA) methods in both visual quality and quantitative metrics, generating high-fidelity, natural face images with high identity consistency. The code and model will be released at https://github.com/jkwang28/OSDFace.",http://arxiv.org/abs/2411.17163v2,https://arxiv.org/pdf/2411.17163v2,Accepted to CVPR 2025. The code and model will be available at https://github.com/jkwang28/OSDFace
Human Motion Instruction Tuning,Lei Li; Sen Jia; Jianhao Wang; Zhongyu Jiang; Feng Zhou; Ju Dai; Tianfang Zhang; Zongkai Wu; Jenq-Neng Hwang,CVPR,2,0,0,2411.16805,"This paper presents LLaMo (Large Language and Human Motion Assistant), a multimodal framework for human motion instruction tuning. In contrast to conventional instruction-tuning approaches that convert non-linguistic inputs, such as video or motion sequences, into language tokens, LLaMo retains motion in its native form for instruction tuning. This method preserves motion-specific details that are often diminished in tokenization, thereby improving the model's ability to interpret complex human behaviors. By processing both video and motion data alongside textual inputs, LLaMo enables a flexible, human-centric analysis. Experimental evaluations across high-complexity domains, including human behaviors and professional activities, indicate that LLaMo effectively captures domain-specific knowledge, enhancing comprehension and prediction in motion-intensive scenarios. We hope LLaMo offers a foundation for future multimodal AI systems with broad applications, from sports analytics to behavioral prediction. Our code and models are available on the project website: https://github.com/ILGLJ/LLaMo.",http://arxiv.org/abs/2411.16805v4,https://arxiv.org/pdf/2411.16805v4,Accepted by CVPR 2025
Interpreting Object-level Foundation Models via Visual Precision Search,Ruoyu Chen; Siyuan Liang; Jingzhi Li; Shiming Liu; Maosen Li; Zhen Huang; Hua Zhang; Xiaochun Cao,CVPR,2,0,0,2411.16198,"Advances in multimodal pre-training have propelled object-level foundation models, such as Grounding DINO and Florence-2, in tasks like visual grounding and object detection. However, interpreting these models' decisions has grown increasingly challenging. Existing interpretable attribution methods for object-level task interpretation have notable limitations: (1) gradient-based methods lack precise localization due to visual-textual fusion in foundation models, and (2) perturbation-based methods produce noisy saliency maps, limiting fine-grained interpretability. To address these, we propose a Visual Precision Search method that generates accurate attribution maps with fewer regions. Our method bypasses internal model parameters to overcome attribution issues from multimodal fusion, dividing inputs into sparse sub-regions and using consistency and collaboration scores to accurately identify critical decision-making regions. We also conducted a theoretical analysis of the boundary guarantees and scope of applicability of our method. Experiments on RefCOCO, MS COCO, and LVIS show our approach enhances object-level task interpretability over SOTA for Grounding DINO and Florence-2 across various evaluation metrics, with faithfulness gains of 23.7%, 31.6%, and 20.1% on MS COCO, LVIS, and RefCOCO for Grounding DINO, and 102.9% and 66.9% on MS COCO and RefCOCO for Florence-2. Additionally, our method can interpret failures in visual grounding and object detection tasks, surpassing existing methods across multiple evaluation metrics. The code will be released at https://github.com/RuoyuChen10/VPS.",http://arxiv.org/abs/2411.16198v4,https://arxiv.org/pdf/2411.16198v4,Accepted to CVPR 2025 (Highlight)
Three Cars Approaching within 100m! Enhancing Distant Geometry by Tri-Axis Voxel Scanning for Camera-based Semantic Scene Completion,Jongseong Bae; Junwoo Ha; Ha Young Kim,CVPR,2,0,0,2411.16129,"Camera-based Semantic Scene Completion (SSC) is gaining attentions in the 3D perception field. However, properties such as perspective and occlusion lead to the underestimation of the geometry in distant regions, posing a critical issue for safety-focused autonomous driving systems. To tackle this, we propose ScanSSC, a novel camera-based SSC model composed of a Scan Module and Scan Loss, both designed to enhance distant scenes by leveraging context from near-viewpoint scenes. The Scan Module uses axis-wise masked attention, where each axis employing a near-to-far cascade masking that enables distant voxels to capture relationships with preceding voxels. In addition, the Scan Loss computes the cross-entropy along each axis between cumulative logits and corresponding class distributions in a near-to-far direction, thereby propagating rich context-aware signals to distant voxels. Leveraging the synergy between these components, ScanSSC achieves state-of-the-art performance, with IoUs of 44.54 and 48.29, and mIoUs of 17.40 and 20.14 on the SemanticKITTI and SSCBench-KITTI-360 benchmarks.",http://arxiv.org/abs/2411.16129v2,https://arxiv.org/pdf/2411.16129v2,Accepted to CVPR 2025
Multi-Granularity Class Prototype Topology Distillation for Class-Incremental Source-Free Unsupervised Domain Adaptation,Peihua Deng; Jiehua Zhang; Xichun Sheng; Chenggang Yan; Yaoqi Sun; Ying Fu; Liang Li,CVPR,2,0,0,2411.16064,"This paper explores the Class-Incremental Source-Free Unsupervised Domain Adaptation (CI-SFUDA) problem, where the unlabeled target data come incrementally without access to labeled source instances. This problem poses two challenges, the interference of similar source-class knowledge in target-class representation learning and the shocks of new target knowledge to old ones. To address them, we propose the Multi-Granularity Class Prototype Topology Distillation (GROTO) algorithm, which effectively transfers the source knowledge to the class-incremental target domain. Concretely, we design the multi-granularity class prototype self-organization module and the prototype topology distillation module. First, we mine the positive classes by modeling accumulation distributions. Next, we introduce multi-granularity class prototypes to generate reliable pseudo-labels, and exploit them to promote the positive-class target feature self-organization. Second, the positive-class prototypes are leveraged to construct the topological structures of source and target feature spaces. Then, we perform the topology distillation to continually mitigate the shocks of new target knowledge to old ones. Extensive experiments demonstrate that our proposed method achieves state-of-the-art performance on three public datasets. Code is available at https://github.com/dengpeihua/GROTO.",http://arxiv.org/abs/2411.16064v4,https://arxiv.org/pdf/2411.16064v4,Accepted by CVPR 2025
AnyEdit: Mastering Unified High-Quality Image Editing for Any Idea,Qifan Yu; Wei Chow; Zhongqi Yue; Kaihang Pan; Yang Wu; Xiaoyang Wan; Juncheng Li; Siliang Tang; Hanwang Zhang; Yueting Zhuang,CVPR,2,0,0,2411.15738,"Instruction-based image editing aims to modify specific image elements with natural language instructions. However, current models in this domain often struggle to accurately execute complex user instructions, as they are trained on low-quality data with limited editing types. We present AnyEdit, a comprehensive multi-modal instruction editing dataset, comprising 2.5 million high-quality editing pairs spanning over 20 editing types and five domains. We ensure the diversity and quality of the AnyEdit collection through three aspects: initial data diversity, adaptive editing process, and automated selection of editing results. Using the dataset, we further train a novel AnyEdit Stable Diffusion with task-aware routing and learnable task embedding for unified image editing. Comprehensive experiments on three benchmark datasets show that AnyEdit consistently boosts the performance of diffusion-based editing models. This presents prospects for developing instruction-driven image editing models that support human creativity.",http://arxiv.org/abs/2411.15738v3,https://arxiv.org/pdf/2411.15738v3,Accepted by CVPR 2025
DiffusionDrive: Truncated Diffusion Model for End-to-End Autonomous Driving,Bencheng Liao; Shaoyu Chen; Haoran Yin; Bo Jiang; Cheng Wang; Sixu Yan; Xinbang Zhang; Xiangyu Li; Ying Zhang; Qian Zhang; Xinggang Wang,CVPR,2,0,0,2411.15139,"Recently, the diffusion model has emerged as a powerful generative technique for robotic policy learning, capable of modeling multi-mode action distributions. Leveraging its capability for end-to-end autonomous driving is a promising direction. However, the numerous denoising steps in the robotic diffusion policy and the more dynamic, open-world nature of traffic scenes pose substantial challenges for generating diverse driving actions at a real-time speed. To address these challenges, we propose a novel truncated diffusion policy that incorporates prior multi-mode anchors and truncates the diffusion schedule, enabling the model to learn denoising from anchored Gaussian distribution to the multi-mode driving action distribution. Additionally, we design an efficient cascade diffusion decoder for enhanced interaction with conditional scene context. The proposed model, DiffusionDrive, demonstrates 10$\times$ reduction in denoising steps compared to vanilla diffusion policy, delivering superior diversity and quality in just 2 steps. On the planning-oriented NAVSIM dataset, with the aligned ResNet-34 backbone, DiffusionDrive achieves 88.1 PDMS without bells and whistles, setting a new record, while running at a real-time speed of 45 FPS on an NVIDIA 4090. Qualitative results on challenging scenarios further confirm that DiffusionDrive can robustly generate diverse plausible driving actions. Code and model will be available at https://github.com/hustvl/DiffusionDrive.",http://arxiv.org/abs/2411.15139v3,https://arxiv.org/pdf/2411.15139v3,Accepted to CVPR 2025 as Highlight. Code & demo & model are available at https://github.com/hustvl/DiffusionDrive
3D Convex Splatting: Radiance Field Rendering with 3D Smooth Convexes,Jan Held; Renaud Vandeghen; Abdullah Hamdi; Adrien Deliege; Anthony Cioppa; Silvio Giancola; Andrea Vedaldi; Bernard Ghanem; Marc Van Droogenbroeck,CVPR,2,0,0,2411.14974,"Recent advances in radiance field reconstruction, such as 3D Gaussian Splatting (3DGS), have achieved high-quality novel view synthesis and fast rendering by representing scenes with compositions of Gaussian primitives. However, 3D Gaussians present several limitations for scene reconstruction. Accurately capturing hard edges is challenging without significantly increasing the number of Gaussians, creating a large memory footprint. Moreover, they struggle to represent flat surfaces, as they are diffused in space. Without hand-crafted regularizers, they tend to disperse irregularly around the actual surface. To circumvent these issues, we introduce a novel method, named 3D Convex Splatting (3DCS), which leverages 3D smooth convexes as primitives for modeling geometrically-meaningful radiance fields from multi-view images. Smooth convex shapes offer greater flexibility than Gaussians, allowing for a better representation of 3D scenes with hard edges and dense volumes using fewer primitives. Powered by our efficient CUDA-based rasterizer, 3DCS achieves superior performance over 3DGS on benchmarks such as Mip-NeRF360, Tanks and Temples, and Deep Blending. Specifically, our method attains an improvement of up to 0.81 in PSNR and 0.026 in LPIPS compared to 3DGS while maintaining high rendering speeds and reducing the number of required primitives. Our results highlight the potential of 3D Convex Splatting to become the new standard for high-quality scene reconstruction and novel view synthesis. Project page: convexsplatting.github.io.",http://arxiv.org/abs/2411.14974v3,https://arxiv.org/pdf/2411.14974v3,"Accepted at CVPR 2025 as Highlight. 13 pages, 13 figures, 10 tables"
FOCUS: Knowledge-enhanced Adaptive Visual Compression for Few-shot Whole Slide Image Classification,Zhengrui Guo; Conghao Xiong; Jiabo Ma; Qichen Sun; Lishuang Feng; Jinzhuo Wang; Hao Chen,CVPR,2,0,0,2411.14743,"Few-shot learning presents a critical solution for cancer diagnosis in computational pathology (CPath), addressing fundamental limitations in data availability, particularly the scarcity of expert annotations and patient privacy constraints. A key challenge in this paradigm stems from the inherent disparity between the limited training set of whole slide images (WSIs) and the enormous number of contained patches, where a significant portion of these patches lacks diagnostically relevant information, potentially diluting the model's ability to learn and focus on critical diagnostic features. While recent works attempt to address this by incorporating additional knowledge, several crucial gaps hinder further progress: (1) despite the emergence of powerful pathology foundation models (FMs), their potential remains largely untapped, with most approaches limiting their use to basic feature extraction; (2) current language guidance mechanisms attempt to align text prompts with vast numbers of WSI patches all at once, struggling to leverage rich pathological semantic information. To this end, we introduce the knowledge-enhanced adaptive visual compression framework, dubbed FOCUS, which uniquely combines pathology FMs with language prior knowledge to enable a focused analysis of diagnostically relevant regions by prioritizing discriminative WSI patches. Our approach implements a progressive three-stage compression strategy: we first leverage FMs for global visual redundancy elimination, and integrate compressed features with language prompts for semantic relevance assessment, then perform neighbor-aware visual token filtering while preserving spatial coherence. Extensive experiments on pathological datasets spanning breast, lung, and ovarian cancers demonstrate its superior performance in few-shot pathology diagnosis. Codes are available at https://github.com/dddavid4real/FOCUS.",http://arxiv.org/abs/2411.14743v2,https://arxiv.org/pdf/2411.14743v2,Accepted by CVPR'2025
Effective SAM Combination for Open-Vocabulary Semantic Segmentation,Minhyeok Lee; Suhwan Cho; Jungho Lee; Sunghun Yang; Heeseung Choi; Ig-Jae Kim; Sangyoun Lee,CVPR,2,0,0,2411.14723,"Open-vocabulary semantic segmentation aims to assign pixel-level labels to images across an unlimited range of classes. Traditional methods address this by sequentially connecting a powerful mask proposal generator, such as the Segment Anything Model (SAM), with a pre-trained vision-language model like CLIP. But these two-stage approaches often suffer from high computational costs, memory inefficiencies. In this paper, we propose ESC-Net, a novel one-stage open-vocabulary segmentation model that leverages the SAM decoder blocks for class-agnostic segmentation within an efficient inference framework. By embedding pseudo prompts generated from image-text correlations into SAM's promptable segmentation framework, ESC-Net achieves refined spatial aggregation for accurate mask predictions. ESC-Net achieves superior performance on standard benchmarks, including ADE20K, PASCAL-VOC, and PASCAL-Context, outperforming prior methods in both efficiency and accuracy. Comprehensive ablation studies further demonstrate its robustness across challenging conditions.",http://arxiv.org/abs/2411.14723v2,https://arxiv.org/pdf/2411.14723v2,Accepted to CVPR 2025
VisionPAD: A Vision-Centric Pre-training Paradigm for Autonomous Driving,Haiming Zhang; Wending Zhou; Yiyao Zhu; Xu Yan; Jiantao Gao; Dongfeng Bai; Yingjie Cai; Bingbing Liu; Shuguang Cui; Zhen Li,CVPR,2,0,0,2411.14716,"This paper introduces VisionPAD, a novel self-supervised pre-training paradigm designed for vision-centric algorithms in autonomous driving. In contrast to previous approaches that employ neural rendering with explicit depth supervision, VisionPAD utilizes more efficient 3D Gaussian Splatting to reconstruct multi-view representations using only images as supervision. Specifically, we introduce a self-supervised method for voxel velocity estimation. By warping voxels to adjacent frames and supervising the rendered outputs, the model effectively learns motion cues in the sequential data. Furthermore, we adopt a multi-frame photometric consistency approach to enhance geometric perception. It projects adjacent frames to the current frame based on rendered depths and relative poses, boosting the 3D geometric representation through pure image supervision. Extensive experiments on autonomous driving datasets demonstrate that VisionPAD significantly improves performance in 3D object detection, occupancy prediction and map segmentation, surpassing state-of-the-art pre-training strategies by a considerable margin.",http://arxiv.org/abs/2411.14716v2,https://arxiv.org/pdf/2411.14716v2,Accepted at CVPR 2025
BiomedCoOp: Learning to Prompt for Biomedical Vision-Language Models,Taha Koleilat; Hojat Asgariandehkordi; Hassan Rivaz; Yiming Xiao,CVPR,2,0,0,2411.15232,"Recent advancements in vision-language models (VLMs), such as CLIP, have demonstrated substantial success in self-supervised representation learning for vision tasks. However, effectively adapting VLMs to downstream applications remains challenging, as their accuracy often depends on time-intensive and expertise-demanding prompt engineering, while full model fine-tuning is costly. This is particularly true for biomedical images, which, unlike natural images, typically suffer from limited annotated datasets, unintuitive image contrasts, and nuanced visual features. Recent prompt learning techniques, such as Context Optimization (CoOp) intend to tackle these issues, but still fall short in generalizability. Meanwhile, explorations in prompt learning for biomedical image analysis are still highly limited. In this work, we propose BiomedCoOp, a novel prompt learning framework that enables efficient adaptation of BiomedCLIP for accurate and highly generalizable few-shot biomedical image classification. Our approach achieves effective prompt context learning by leveraging semantic consistency with average prompt ensembles from Large Language Models (LLMs) and knowledge distillation with a statistics-based prompt selection strategy. We conducted comprehensive validation of our proposed framework on 11 medical datasets across 9 modalities and 10 organs against existing state-of-the-art methods, demonstrating significant improvements in both accuracy and generalizability. The code is publicly available at https://github.com/HealthX-Lab/BiomedCoOp.",http://arxiv.org/abs/2411.15232v2,https://arxiv.org/pdf/2411.15232v2,Accepted to CVPR 2025
Tra-MoE: Learning Trajectory Prediction Model from Multiple Domains for Adaptive Policy Conditioning,Jiange Yang; Haoyi Zhu; Yating Wang; Gangshan Wu; Tong He; Limin Wang,CVPR,2,0,0,2411.14519,"Learning from multiple domains is a primary factor that influences the generalization of a single unified robot system. In this paper, we aim to learn the trajectory prediction model by using broad out-of-domain data to improve its performance and generalization ability. Trajectory model is designed to predict any-point trajectories in the current frame given an instruction and can provide detailed control guidance for robotic policy learning. To handle the diverse out-of-domain data distribution, we propose a sparsely-gated MoE (\textbf{Top-1} gating strategy) architecture for trajectory model, coined as \textbf{Tra-MoE}. The sparse activation design enables good balance between parameter cooperation and specialization, effectively benefiting from large-scale out-of-domain data while maintaining constant FLOPs per token. In addition, we further introduce an adaptive policy conditioning technique by learning 2D mask representations for predicted trajectories, which is explicitly aligned with image observations to guide action prediction more flexibly. We perform extensive experiments on both simulation and real-world scenarios to verify the effectiveness of Tra-MoE and adaptive policy conditioning technique. We also conduct a comprehensive empirical study to train Tra-MoE, demonstrating that our Tra-MoE consistently exhibits superior performance compared to the dense baseline model, even when the latter is scaled to match Tra-MoE's parameter count.",http://arxiv.org/abs/2411.14519v2,https://arxiv.org/pdf/2411.14519v2,Accepted to CVPR 2025. Code Page: https://github.com/MCG-NJU/Tra-MoE
ID-Patch: Robust ID Association for Group Photo Personalization,Yimeng Zhang; Tiancheng Zhi; Jing Liu; Shen Sang; Liming Jiang; Qing Yan; Sijia Liu; Linjie Luo,CVPR,2,0,0,2411.13632,"The ability to synthesize personalized group photos and specify the positions of each identity offers immense creative potential. While such imagery can be visually appealing, it presents significant challenges for existing technologies. A persistent issue is identity (ID) leakage, where injected facial features interfere with one another, resulting in low face resemblance, incorrect positioning, and visual artifacts. Existing methods suffer from limitations such as the reliance on segmentation models, increased runtime, or a high probability of ID leakage. To address these challenges, we propose ID-Patch, a novel method that provides robust association between identities and 2D positions. Our approach generates an ID patch and ID embeddings from the same facial features: the ID patch is positioned on the conditional image for precise spatial control, while the ID embeddings integrate with text embeddings to ensure high resemblance. Experimental results demonstrate that ID-Patch surpasses baseline methods across metrics, such as face ID resemblance, ID-position association accuracy, and generation efficiency. Project Page is: https://byteaigc.github.io/ID-Patch/",http://arxiv.org/abs/2411.13632v2,https://arxiv.org/pdf/2411.13632v2,Accepted by CVPR 2025. Project Page is: https://byteaigc.github.io/ID-Patch/
Adversarial Diffusion Compression for Real-World Image Super-Resolution,Bin Chen; Gehui Li; Rongyuan Wu; Xindong Zhang; Jie Chen; Jian Zhang; Lei Zhang,CVPR,2,0,0,2411.13383,"Real-world image super-resolution (Real-ISR) aims to reconstruct high-resolution images from low-resolution inputs degraded by complex, unknown processes. While many Stable Diffusion (SD)-based Real-ISR methods have achieved remarkable success, their slow, multi-step inference hinders practical deployment. Recent SD-based one-step networks like OSEDiff and S3Diff alleviate this issue but still incur high computational costs due to their reliance on large pretrained SD models. This paper proposes a novel Real-ISR method, AdcSR, by distilling the one-step diffusion network OSEDiff into a streamlined diffusion-GAN model under our Adversarial Diffusion Compression (ADC) framework. We meticulously examine the modules of OSEDiff, categorizing them into two types: (1) Removable (VAE encoder, prompt extractor, text encoder, etc.) and (2) Prunable (denoising UNet and VAE decoder). Since direct removal and pruning can degrade the model's generation capability, we pretrain our pruned VAE decoder to restore its ability to decode images and employ adversarial distillation to compensate for performance loss. This ADC-based diffusion-GAN hybrid design effectively reduces complexity by 73% in inference time, 78% in computation, and 74% in parameters, while preserving the model's generation capability. Experiments manifest that our proposed AdcSR achieves competitive recovery quality on both synthetic and real-world datasets, offering up to 9.3$\times$ speedup over previous one-step diffusion-based methods. Code and models are available at https://github.com/Guaishou74851/AdcSR.",http://arxiv.org/abs/2411.13383v2,https://arxiv.org/pdf/2411.13383v2,Accepted by CVPR 2025
Unsupervised Foundation Model-Agnostic Slide-Level Representation Learning,Tim Lenz; Peter Neidlinger; Marta Ligero; Georg Wölflein; Marko van Treeck; Jakob Nikolas Kather,CVPR,2,0,0,2411.13623,"Representation learning of pathology whole-slide images (WSIs) has primarily relied on weak supervision with Multiple Instance Learning (MIL). This approach leads to slide representations highly tailored to a specific clinical task. Self-supervised learning (SSL) has been successfully applied to train histopathology foundation models (FMs) for patch embedding generation. However, generating patient or slide level embeddings remains challenging. Existing approaches for slide representation learning extend the principles of SSL from patch level learning to entire slides by aligning different augmentations of the slide or by utilizing multimodal data. By integrating tile embeddings from multiple FMs, we propose a new single modality SSL method in feature space that generates useful slide representations. Our contrastive pretraining strategy, called COBRA, employs multiple FMs and an architecture based on Mamba-2. COBRA exceeds performance of state-of-the-art slide encoders on four different public Clinical Protemic Tumor Analysis Consortium (CPTAC) cohorts on average by at least +4.4% AUC, despite only being pretrained on 3048 WSIs from The Cancer Genome Atlas (TCGA). Additionally, COBRA is readily compatible at inference time with previously unseen feature extractors. Code available at https://github.com/KatherLab/COBRA.",http://arxiv.org/abs/2411.13623v3,https://arxiv.org/pdf/2411.13623v3,Got accepted at CVPR 2025
DAGSM: Disentangled Avatar Generation with GS-enhanced Mesh,Jingyu Zhuang; Di Kang; Linchao Bao; Liang Lin; Guanbin Li,CVPR,2,0,0,2411.15205,"Text-driven avatar generation has gained significant attention owing to its convenience. However, existing methods typically model the human body with all garments as a single 3D model, limiting its usability, such as clothing replacement, and reducing user control over the generation process. To overcome the limitations above, we propose DAGSM, a novel pipeline that generates disentangled human bodies and garments from the given text prompts. Specifically, we model each part (e.g., body, upper/lower clothes) of the clothed human as one GS-enhanced mesh (GSM), which is a traditional mesh attached with 2D Gaussians to better handle complicated textures (e.g., woolen, translucent clothes) and produce realistic cloth animations. During the generation, we first create the unclothed body, followed by a sequence of individual cloth generation based on the body, where we introduce a semantic-based algorithm to achieve better human-cloth and garment-garment separation. To improve texture quality, we propose a view-consistent texture refinement module, including a cross-view attention mechanism for texture style consistency and an incident-angle-weighted denoising (IAW-DE) strategy to update the appearance. Extensive experiments have demonstrated that DAGSM generates high-quality disentangled avatars, supports clothing replacement and realistic animation, and outperforms the baselines in visual quality.",http://arxiv.org/abs/2411.15205v2,https://arxiv.org/pdf/2411.15205v2,Accepted by CVPR 2025
LaVin-DiT: Large Vision Diffusion Transformer,Zhaoqing Wang; Xiaobo Xia; Runnan Chen; Dongdong Yu; Changhu Wang; Mingming Gong; Tongliang Liu,CVPR,2,0,0,2411.11505,"This paper presents the Large Vision Diffusion Transformer (LaVin-DiT), a scalable and unified foundation model designed to tackle over 20 computer vision tasks in a generative framework. Unlike existing large vision models directly adapted from natural language processing architectures, which rely on less efficient autoregressive techniques and disrupt spatial relationships essential for vision data, LaVin-DiT introduces key innovations to optimize generative performance for vision tasks. First, to address the high dimensionality of visual data, we incorporate a spatial-temporal variational autoencoder that encodes data into a continuous latent space. Second, for generative modeling, we develop a joint diffusion transformer that progressively produces vision outputs. Third, for unified multi-task training, in-context learning is implemented. Input-target pairs serve as task context, which guides the diffusion transformer to align outputs with specific tasks within the latent space. During inference, a task-specific context set and test data as queries allow LaVin-DiT to generalize across tasks without fine-tuning. Trained on extensive vision datasets, the model is scaled from 0.1B to 3.4B parameters, demonstrating substantial scalability and state-of-the-art performance across diverse vision tasks. This work introduces a novel pathway for large vision foundation models, underscoring the promising potential of diffusion transformers. The code and models are available.",http://arxiv.org/abs/2411.11505v4,https://arxiv.org/pdf/2411.11505v4,"37 pages, 30 figures, 4 tables. Accepted by CVPR 2025"
Towards Open-Vocabulary Audio-Visual Event Localization,Jinxing Zhou; Dan Guo; Ruohao Guo; Yuxin Mao; Jingjing Hu; Yiran Zhong; Xiaojun Chang; Meng Wang,CVPR,2,0,0,2411.11278,"The Audio-Visual Event Localization (AVEL) task aims to temporally locate and classify video events that are both audible and visible. Most research in this field assumes a closed-set setting, which restricts these models' ability to handle test data containing event categories absent (unseen) during training. Recently, a few studies have explored AVEL in an open-set setting, enabling the recognition of unseen events as ``unknown'', but without providing category-specific semantics. In this paper, we advance the field by introducing the Open-Vocabulary Audio-Visual Event Localization (OV-AVEL) problem, which requires localizing audio-visual events and predicting explicit categories for both seen and unseen data at inference. To address this new task, we propose the OV-AVEBench dataset, comprising 24,800 videos across 67 real-life audio-visual scenes (seen:unseen = 46:21), each with manual segment-level annotation. We also establish three evaluation metrics for this task. Moreover, we investigate two baseline approaches, one training-free and one using a further fine-tuning paradigm. Specifically, we utilize the unified multimodal space from the pretrained ImageBind model to extract audio, visual, and textual (event classes) features. The training-free baseline then determines predictions by comparing the consistency of audio-text and visual-text feature similarities. The fine-tuning baseline incorporates lightweight temporal layers to encode temporal relations within the audio and visual modalities, using OV-AVEBench training data for model fine-tuning. We evaluate these baselines on the proposed OV-AVEBench dataset and discuss potential directions for future work in this new field.",http://arxiv.org/abs/2411.11278v3,https://arxiv.org/pdf/2411.11278v3,accepted by CVPR 2025; Project page: https://github.com/jasongief/OV-AVEL
Efficient Transfer Learning for Video-language Foundation Models,Haoxing Chen; Zizheng Huang; Yan Hong; Yanshuo Wang; Zhongcai Lyu; Zhuoer Xu; Jun Lan; Zhangxuan Gu,CVPR,2,0,0,2411.11223,"Pre-trained vision-language models provide a robust foundation for efficient transfer learning across various downstream tasks. In the field of video action recognition, mainstream approaches often introduce additional modules to capture temporal information. Although the additional modules increase the capacity of model, enabling it to better capture video-specific inductive biases, existing methods typically introduce a substantial number of new parameters and are prone to catastrophic forgetting of previously acquired generalizable knowledge. In this paper, we propose a parameter-efficient Multi-modal Spatio-Temporal Adapter (MSTA) to enhance the alignment between textual and visual representations, achieving a balance between generalizable knowledge and task-specific adaptation. Furthermore, to mitigate over-fitting and enhance generalizability, we introduce a spatio-temporal description-guided consistency constraint.This constraint involves providing template inputs (e.g., ""a video of \{\textbf{cls}\}"") to the trainable language branch and LLM-generated spatio-temporal descriptions to the pre-trained language branch, enforcing output consistency between the branches. This approach reduces overfitting to downstream tasks and enhances the distinguishability of the trainable branch within the spatio-temporal semantic space. We evaluate the effectiveness of our approach across four tasks: zero-shot transfer, few-shot learning, base-to-novel generalization, and fully-supervised learning. Compared to many state-of-the-art methods, our MSTA achieves outstanding performance across all evaluations, while using only 2-7\% of the trainable parameters in the original model.",http://arxiv.org/abs/2411.11223v4,https://arxiv.org/pdf/2411.11223v4,Accepted by CVPR 2025
VidComposition: Can MLLMs Analyze Compositions in Compiled Videos?,Yolo Y. Tang; Junjia Guo; Hang Hua; Susan Liang; Mingqian Feng; Xinyang Li; Rui Mao; Chao Huang; Jing Bi; Zeliang Zhang; Pooyan Fazli; Chenliang Xu,CVPR,2,0,0,2411.10979,"The advancement of Multimodal Large Language Models (MLLMs) has enabled significant progress in multimodal understanding, expanding their capacity to analyze video content. However, existing evaluation benchmarks for MLLMs primarily focus on abstract video comprehension, lacking a detailed assessment of their ability to understand video compositions, the nuanced interpretation of how visual elements combine and interact within highly compiled video contexts. We introduce VidComposition, a new benchmark specifically designed to evaluate the video composition understanding capabilities of MLLMs using carefully curated compiled videos and cinematic-level annotations. VidComposition includes 982 videos with 1706 multiple-choice questions, covering various compositional aspects such as camera movement, angle, shot size, narrative structure, character actions and emotions, etc. Our comprehensive evaluation of 33 open-source and proprietary MLLMs reveals a significant performance gap between human and model capabilities. This highlights the limitations of current MLLMs in understanding complex, compiled video compositions and offers insights into areas for further improvement. The leaderboard and evaluation code are available at https://yunlong10.github.io/VidComposition/",http://arxiv.org/abs/2411.10979v5,https://arxiv.org/pdf/2411.10979v5,Accepted to CVPR 2025
Repurposing Stable Diffusion Attention for Training-Free Unsupervised Interactive Segmentation,Markus Karmann; Onay Urfalioglu,CVPR,2,0,0,2411.10411,"Recent progress in interactive point prompt based Image Segmentation allows to significantly reduce the manual effort to obtain high quality semantic labels. State-of-the-art unsupervised methods use self-supervised pre-trained models to obtain pseudo-labels which are used in training a prompt-based segmentation model. In this paper, we propose a novel unsupervised and training-free approach based solely on the self-attention of Stable Diffusion. We interpret the self-attention tensor as a Markov transition operator, which enables us to iteratively construct a Markov chain. Pixel-wise counting of the required number of iterations along the Markov chain to reach a relative probability threshold yields a Markov-iteration-map, which we simply call a Markov-map. Compared to the raw attention maps, we show that our proposed Markov-map has less noise, sharper semantic boundaries and more uniform values within semantically similar regions. We integrate the Markov-map in a simple yet effective truncated nearest neighbor framework to obtain interactive point prompt based segmentation. Despite being training-free, we experimentally show that our approach yields excellent results in terms of Number of Clicks (NoC), even outperforming state-of-the-art training based unsupervised methods in most of the datasets. Code is available at https://github.com/mkarmann/m2n2.",http://arxiv.org/abs/2411.10411v2,https://arxiv.org/pdf/2411.10411v2,Accepted by CVPR 2025
Number it: Temporal Grounding Videos like Flipping Manga,Yongliang Wu; Xinting Hu; Yuyang Sun; Yizhou Zhou; Wenbo Zhu; Fengyun Rao; Bernt Schiele; Xu Yang,CVPR,2,0,0,2411.10332,"Video Large Language Models (Vid-LLMs) have made remarkable advancements in comprehending video content for QA dialogue. However, they struggle to extend this visual understanding to tasks requiring precise temporal localization, known as Video Temporal Grounding (VTG). To address this gap, we introduce Number-Prompt (NumPro), a novel method that empowers Vid-LLMs to bridge visual comprehension with temporal grounding by adding unique numerical identifiers to each video frame. Treating a video as a sequence of numbered frame images, NumPro transforms VTG into an intuitive process: flipping through manga panels in sequence. This allows Vid-LLMs to ""read"" event timelines, accurately linking visual content with corresponding temporal information. Our experiments demonstrate that NumPro significantly boosts VTG performance of top-tier Vid-LLMs without additional computational cost. Furthermore, fine-tuning on a NumPro-enhanced dataset defines a new state-of-the-art for VTG, surpassing previous top-performing methods by up to 6.9\% in mIoU for moment retrieval and 8.5\% in mAP for highlight detection. The code will be available at https://github.com/yongliang-wu/NumPro.",http://arxiv.org/abs/2411.10332v3,https://arxiv.org/pdf/2411.10332v3,Accepted by CVPR 2025
MagicQuill: An Intelligent Interactive Image Editing System,Zichen Liu; Yue Yu; Hao Ouyang; Qiuyu Wang; Ka Leong Cheng; Wen Wang; Zhiheng Liu; Qifeng Chen; Yujun Shen,CVPR,2,0,0,2411.09703,"Image editing involves a variety of complex tasks and requires efficient and precise manipulation techniques. In this paper, we present MagicQuill, an integrated image editing system that enables swift actualization of creative ideas. Our system features a streamlined yet functionally robust interface, allowing for the articulation of editing operations (e.g., inserting elements, erasing objects, altering color) with minimal input. These interactions are monitored by a multimodal large language model (MLLM) to anticipate editing intentions in real time, bypassing the need for explicit prompt entry. Finally, we apply a powerful diffusion prior, enhanced by a carefully learned two-branch plug-in module, to process editing requests with precise control. Experimental results demonstrate the effectiveness of MagicQuill in achieving high-quality image edits. Please visit https://magic-quill.github.io to try out our system.",http://arxiv.org/abs/2411.09703v2,https://arxiv.org/pdf/2411.09703v2,Accepted to CVPR 2025. Code and demo available at https://magic-quill.github.io
Which Viewpoint Shows it Best? Language for Weakly Supervising View Selection in Multi-view Instructional Videos,Sagnik Majumder; Tushar Nagarajan; Ziad Al-Halah; Reina Pradhan; Kristen Grauman,CVPR,2,0,0,2411.08753,"Given a multi-view video, which viewpoint is most informative for a human observer? Existing methods rely on heuristics or expensive ""best-view"" supervision to answer this question, limiting their applicability. We propose a weakly supervised approach that leverages language accompanying an instructional multi-view video as a means to recover its most informative viewpoint(s). Our key hypothesis is that the more accurately an individual view can predict a view-agnostic text summary, the more informative it is. To put this into action, we propose LangView, a framework that uses the relative accuracy of view-dependent caption predictions as a proxy for best view pseudo-labels. Then, those pseudo-labels are used to train a view selector, together with an auxiliary camera pose predictor that enhances view-sensitivity. During inference, our model takes as input only a multi-view video--no language or camera poses--and returns the best viewpoint to watch at each timestep. On two challenging datasets comprised of diverse multi-camera setups and how-to activities, our model consistently outperforms state-of-the-art baselines, both with quantitative metrics and human evaluation. Project page: https://vision.cs.utexas.edu/projects/which-view-shows-it-best.",http://arxiv.org/abs/2411.08753v4,https://arxiv.org/pdf/2411.08753v4,Accepted to CVPR 2025 (Highlight)
JanusFlow: Harmonizing Autoregression and Rectified Flow for Unified Multimodal Understanding and Generation,Yiyang Ma; Xingchao Liu; Xiaokang Chen; Wen Liu; Chengyue Wu; Zhiyu Wu; Zizheng Pan; Zhenda Xie; Haowei Zhang; Xingkai yu; Liang Zhao; Yisong Wang; Jiaying Liu; Chong Ruan,CVPR,2,0,0,2411.07975,"We present JanusFlow, a powerful framework that unifies image understanding and generation in a single model. JanusFlow introduces a minimalist architecture that integrates autoregressive language models with rectified flow, a state-of-the-art method in generative modeling. Our key finding demonstrates that rectified flow can be straightforwardly trained within the large language model framework, eliminating the need for complex architectural modifications. To further improve the performance of our unified model, we adopt two key strategies: (i) decoupling the understanding and generation encoders, and (ii) aligning their representations during unified training. Extensive experiments show that JanusFlow achieves comparable or superior performance to specialized models in their respective domains, while significantly outperforming existing unified approaches across standard benchmarks. This work represents a step toward more efficient and versatile vision-language models.",http://arxiv.org/abs/2411.07975v2,https://arxiv.org/pdf/2411.07975v2,Accepted by CVPR 2025
Decoupling Fine Detail and Global Geometry for Compressed Depth Map Super-Resolution,Huan Zheng; Wencheng Han; Jianbing Shen,CVPR,2,0,0,2411.03239,"Recovering high-quality depth maps from compressed sources has gained significant attention due to the limitations of consumer-grade depth cameras and the bandwidth restrictions during data transmission. However, current methods still suffer from two challenges. First, bit-depth compression produces a uniform depth representation in regions with subtle variations, hindering the recovery of detailed information. Second, densely distributed random noise reduces the accuracy of estimating the global geometric structure of the scene. To address these challenges, we propose a novel framework, termed geometry-decoupled network (GDNet), for compressed depth map super-resolution that decouples the high-quality depth map reconstruction process by handling global and detailed geometric features separately. To be specific, we propose the fine geometry detail encoder (FGDE), which is designed to aggregate fine geometry details in high-resolution low-level image features while simultaneously enriching them with complementary information from low-resolution context-level image features. In addition, we develop the global geometry encoder (GGE) that aims at suppressing noise and extracting global geometric information effectively via constructing compact feature representation in a low-rank space. We conduct experiments on multiple benchmark datasets, demonstrating that our GDNet significantly outperforms current methods in terms of geometric consistency and detail recovery. In the ECCV 2024 AIM Compressed Depth Upsampling Challenge, our solution won the 1st place award. Our codes are available at: https://github.com/Ian0926/GDNet.",http://arxiv.org/abs/2411.03239v4,https://arxiv.org/pdf/2411.03239v4,Accepted by CVPR 2025 & The 1st place award for the ECCV 2024 AIM Compressed Depth Upsampling Challenge
EEE-Bench: A Comprehensive Multimodal Electrical And Electronics Engineering Benchmark,Ming Li; Jike Zhong; Tianle Chen; Yuxiang Lai; Konstantinos Psounis,CVPR,2,0,0,2411.01492,"Recent studies on large language models (LLMs) and large multimodal models (LMMs) have demonstrated promising skills in various domains including science and mathematics. However, their capability in more challenging and real-world related scenarios like engineering has not been systematically studied. To bridge this gap, we propose EEE-Bench, a multimodal benchmark aimed at assessing LMMs' capabilities in solving practical engineering tasks, using electrical and electronics engineering (EEE) as the testbed. Our benchmark consists of 2860 carefully curated problems spanning 10 essential subdomains such as analog circuits, control systems, etc. Compared to benchmarks in other domains, engineering problems are intrinsically 1) more visually complex and versatile and 2) less deterministic in solutions. Successful solutions to these problems often demand more-than-usual rigorous integration of visual and textual information as models need to understand intricate images like abstract circuits and system diagrams while taking professional instructions, making them excellent candidates for LMM evaluations. Alongside EEE-Bench, we provide extensive quantitative evaluations and fine-grained analysis of 17 widely-used open and closed-sourced LLMs and LMMs. Our results demonstrate notable deficiencies of current foundation models in EEE, with an average performance ranging from 19.48% to 46.78%. Finally, we reveal and explore a critical shortcoming in LMMs which we term laziness: the tendency to take shortcuts by relying on the text while overlooking the visual context when reasoning for technical image problems. In summary, we believe EEE-Bench not only reveals some noteworthy limitations of LMMs but also provides a valuable resource for advancing research on their application in practical engineering tasks, driving future improvements in their capability to handle complex, real-world scenarios.",http://arxiv.org/abs/2411.01492v2,https://arxiv.org/pdf/2411.01492v2,Accepted to CVPR 2025
Simpler Diffusion (SiD2): 1.5 FID on ImageNet512 with pixel-space diffusion,Emiel Hoogeboom; Thomas Mensink; Jonathan Heek; Kay Lamerigts; Ruiqi Gao; Tim Salimans,CVPR,2,0,0,2410.19324,"Latent diffusion models have become the popular choice for scaling up diffusion models for high resolution image synthesis. Compared to pixel-space models that are trained end-to-end, latent models are perceived to be more efficient and to produce higher image quality at high resolution. Here we challenge these notions, and show that pixel-space models can be very competitive to latent models both in quality and efficiency, achieving 1.5 FID on ImageNet512 and new SOTA results on ImageNet128, ImageNet256 and Kinetics600. We present a simple recipe for scaling end-to-end pixel-space diffusion models to high resolutions. 1: Use the sigmoid loss-weighting (Kingma & Gao, 2023) with our prescribed hyper-parameters. 2: Use our simplified memory-efficient architecture with fewer skip-connections. 3: Scale the model to favor processing the image at a high resolution with fewer parameters, rather than using more parameters at a lower resolution. Combining these with guidance intervals, we obtain a family of pixel-space diffusion models we call Simpler Diffusion (SiD2).",http://arxiv.org/abs/2410.19324v2,https://arxiv.org/pdf/2410.19324v2,Accepted to CVPR 2025
SpectroMotion: Dynamic 3D Reconstruction of Specular Scenes,Cheng-De Fan; Chen-Wei Chang; Yi-Ruei Liu; Jie-Ying Lee; Jiun-Long Huang; Yu-Chee Tseng; Yu-Lun Liu,CVPR,2,0,0,2410.17249,"We present SpectroMotion, a novel approach that combines 3D Gaussian Splatting (3DGS) with physically-based rendering (PBR) and deformation fields to reconstruct dynamic specular scenes. Previous methods extending 3DGS to model dynamic scenes have struggled to represent specular surfaces accurately. Our method addresses this limitation by introducing a residual correction technique for accurate surface normal computation during deformation, complemented by a deformable environment map that adapts to time-varying lighting conditions. We implement a coarse-to-fine training strategy significantly enhancing scene geometry and specular color prediction. It is the only existing 3DGS method capable of synthesizing photorealistic real-world dynamic specular scenes, outperforming state-of-the-art methods in rendering complex, dynamic, and specular scenes.",http://arxiv.org/abs/2410.17249v3,https://arxiv.org/pdf/2410.17249v3,Paper accepted to CVPR 2025. Project page: https://cdfan0627.github.io/spectromotion/
FrugalNeRF: Fast Convergence for Extreme Few-shot Novel View Synthesis without Learned Priors,Chin-Yang Lin; Chung-Ho Wu; Chang-Han Yeh; Shih-Han Yen; Cheng Sun; Yu-Lun Liu,CVPR,2,0,0,2410.16271,"Neural Radiance Fields (NeRF) face significant challenges in extreme few-shot scenarios, primarily due to overfitting and long training times. Existing methods, such as FreeNeRF and SparseNeRF, use frequency regularization or pre-trained priors but struggle with complex scheduling and bias. We introduce FrugalNeRF, a novel few-shot NeRF framework that leverages weight-sharing voxels across multiple scales to efficiently represent scene details. Our key contribution is a cross-scale geometric adaptation scheme that selects pseudo ground truth depth based on reprojection errors across scales. This guides training without relying on externally learned priors, enabling full utilization of the training data. It can also integrate pre-trained priors, enhancing quality without slowing convergence. Experiments on LLFF, DTU, and RealEstate-10K show that FrugalNeRF outperforms other few-shot NeRF methods while significantly reducing training time, making it a practical solution for efficient and accurate 3D scene reconstruction.",http://arxiv.org/abs/2410.16271v3,https://arxiv.org/pdf/2410.16271v3,Paper accepted to CVPR 2025. Project page: https://linjohnss.github.io/frugalnerf/
RAP: Retrieval-Augmented Personalization for Multimodal Large Language Models,Haoran Hao; Jiaming Han; Changsheng Li; Yu-Feng Li; Xiangyu Yue,CVPR,2,0,0,2410.13360,"The development of large language models (LLMs) has significantly enhanced the capabilities of multimodal LLMs (MLLMs) as general assistants. However, lack of user-specific knowledge still restricts their application in human's daily life. In this paper, we introduce the Retrieval Augmented Personalization (RAP) framework for MLLMs' personalization. Starting from a general MLLM, we turn it into a personalized assistant in three steps. (a) Remember: We design a key-value database to store user-related information, e.g., user's name, avatar and other attributes. (b) Retrieve: When the user initiates a conversation, RAP will retrieve relevant information from the database using a multimodal retriever. (c) Generate: The input query and retrieved concepts' information are fed into MLLMs to generate personalized, knowledge-augmented responses. Unlike previous methods, RAP allows real-time concept editing via updating the external database. To further improve generation quality and alignment with user-specific information, we design a pipeline for data collection and create a specialized dataset for personalized training of MLLMs. Based on the dataset, we train a series of MLLMs as personalized multimodal assistants. By pretraining on large-scale dataset, RAP-MLLMs can generalize to infinite visual concepts without additional finetuning. Our models demonstrate outstanding flexibility and generation quality across a variety of tasks, such as personalized image captioning, question answering and visual recognition. The code, data and models are available at https://hoar012.github.io/RAP-Project/.",http://arxiv.org/abs/2410.13360v3,https://arxiv.org/pdf/2410.13360v3,Accepted by CVPR 2025. Code: https://github.com/Hoar012/RAP-MLLM
Preserve or Modify? Context-Aware Evaluation for Balancing Preservation and Modification in Text-Guided Image Editing,Yoonjeon Kim; Soohyun Ryu; Yeonsung Jung; Hyunkoo Lee; Joowon Kim; June Yong Yang; Jaeryong Hwang; Eunho Yang,CVPR,2,0,0,2410.11374,"The development of vision-language and generative models has significantly advanced text-guided image editing, which seeks the preservation of core elements in the source image while implementing modifications based on the target text. However, existing metrics have a context-blindness problem, indiscriminately applying the same evaluation criteria on completely different pairs of source image and target text, biasing towards either modification or preservation. Directional CLIP similarity, the only metric that considers both source image and target text, is also biased towards modification aspects and attends to irrelevant editing regions of the image. We propose AugCLIP, a context-aware metric that adaptively coordinates preservation and modification aspects, depending on the specific context of a given source image and target text. This is done by deriving the CLIP representation of an ideally edited image, that preserves the source image with necessary modifications to align with target text. More specifically, using a multi-modal large language model, AugCLIP augments the textual descriptions of the source and target, then calculates a modification vector through a hyperplane that separates source and target attributes in CLIP space. Extensive experiments on five benchmark datasets, encompassing a diverse range of editing scenarios, show that AugCLIP aligns remarkably well with human evaluation standards, outperforming existing metrics. The code is available at https://github.com/augclip/augclip_eval.",http://arxiv.org/abs/2410.11374v3,https://arxiv.org/pdf/2410.11374v3,accepted to CVPR 2025
ECVC: Exploiting Non-Local Correlations in Multiple Frames for Contextual Video Compression,Wei Jiang; Junru Li; Kai Zhang; Li Zhang,CVPR,2,0,0,2410.09706,"In Learned Video Compression (LVC), improving inter prediction, such as enhancing temporal context mining and mitigating accumulated errors, is crucial for boosting rate-distortion performance. Existing LVCs mainly focus on mining the temporal movements while neglecting non-local correlations among frames. Additionally, current contextual video compression models use a single reference frame, which is insufficient for handling complex movements. To address these issues, we propose leveraging non-local correlations across multiple frames to enhance temporal priors, significantly boosting rate-distortion performance. To mitigate error accumulation, we introduce a partial cascaded fine-tuning strategy that supports fine-tuning on full-length sequences with constrained computational resources. This method reduces the train-test mismatch in sequence lengths and significantly decreases accumulated errors. Based on the proposed techniques, we present a video compression scheme ECVC. Experiments demonstrate that our ECVC achieves state-of-the-art performance, reducing 10.5% and 11.5% more bit-rates than previous SOTA method DCVC-FM over VTM-13.2 low delay B (LDB) under the intra period (IP) of 32 and -1, respectively.",http://arxiv.org/abs/2410.09706v4,https://arxiv.org/pdf/2410.09706v4,Accepted to CVPR 2025
DICE: Discrete Inversion Enabling Controllable Editing for Multinomial Diffusion and Masked Generative Models,Xiaoxiao He; Quan Dao; Ligong Han; Song Wen; Minhao Bai; Di Liu; Han Zhang; Martin Renqiang Min; Felix Juefei-Xu; Chaowei Tan; Bo Liu; Kang Li; Hongdong Li; Junzhou Huang; Faez Ahmed; Akash Srivastava; Dimitris Metaxas,CVPR,2,0,0,2410.08207,"Discrete diffusion models have achieved success in tasks like image generation and masked language modeling but face limitations in controlled content editing. We introduce DICE (Discrete Inversion for Controllable Editing), the first approach to enable precise inversion for discrete diffusion models, including multinomial diffusion and masked generative models. By recording noise sequences and masking patterns during the reverse diffusion process, DICE enables accurate reconstruction and flexible editing of discrete data without the need for predefined masks or attention manipulation. We demonstrate the effectiveness of DICE across both image and text domains, evaluating it on models such as VQ-Diffusion, Paella, and RoBERTa. Our results show that DICE preserves high data fidelity while enhancing editing capabilities, offering new opportunities for fine-grained content manipulation in discrete spaces.",http://arxiv.org/abs/2410.08207v3,https://arxiv.org/pdf/2410.08207v3,"Project webpage: https://hexiaoxiao-cs.github.io/DICE/. This paper was accepted to CVPR 2025 but later desk-rejected post camera-ready, due to a withdrawal from ICLR made 14 days before reviewer assignment"
Mono-InternVL: Pushing the Boundaries of Monolithic Multimodal Large Language Models with Endogenous Visual Pre-training,Gen Luo; Xue Yang; Wenhan Dou; Zhaokai Wang; Jiawen Liu; Jifeng Dai; Yu Qiao; Xizhou Zhu,CVPR,2,0,0,2410.08202,"In this paper, we focus on monolithic Multimodal Large Language Models (MLLMs) that integrate visual encoding and language decoding into a single LLM. In particular, we identify that existing pre-training strategies for monolithic MLLMs often suffer from unstable optimization or catastrophic forgetting. To address this issue, our core idea is to embed a new visual parameter space into a pre-trained LLM, thereby stably learning visual knowledge from noisy data while freezing the LLM. Based on this principle, we present Mono-InternVL, a novel monolithic MLLM that seamlessly integrates a set of visual experts via a multimodal mixture-of-experts structure. Moreover, we propose an innovative pre-training strategy to maximize the visual capability of Mono-InternVL, namely Endogenous Visual Pre-training (EViP). In particular, EViP is designed as a progressive learning process for visual experts, which aims to fully exploit the visual knowledge from noisy data to high-quality data. To validate our approach, we conduct extensive experiments on 16 benchmarks. Experimental results confirm the superior performance of Mono-InternVL than existing monolithic MLLMs on 13 of 16 multimodal benchmarks, e.g., +80 points over Emu3 on OCRBench. Compared to the modular baseline, i.e., InternVL-1.5, Mono-InternVL still retains comparable multimodal performance while reducing up to 67% first token latency. Code and model are released at https://github.com/OpenGVLab/Mono-InternVL.",http://arxiv.org/abs/2410.08202v3,https://arxiv.org/pdf/2410.08202v3,Accepted by CVPR 2025
Reversible Decoupling Network for Single Image Reflection Removal,Hao Zhao; Mingjia Li; Qiming Hu; Xiaojie Guo,CVPR,2,0,0,2410.08063,"Recent deep-learning-based approaches to single-image reflection removal have shown promising advances, primarily for two reasons: 1) the utilization of recognition-pretrained features as inputs, and 2) the design of dual-stream interaction networks. However, according to the Information Bottleneck principle, high-level semantic clues tend to be compressed or discarded during layer-by-layer propagation. Additionally, interactions in dual-stream networks follow a fixed pattern across different layers, limiting overall performance. To address these limitations, we propose a novel architecture called Reversible Decoupling Network (RDNet), which employs a reversible encoder to secure valuable information while flexibly decoupling transmission- and reflection-relevant features during the forward pass. Furthermore, we customize a transmission-rate-aware prompt generator to dynamically calibrate features, further boosting performance. Extensive experiments demonstrate the superiority of RDNet over existing SOTA methods on five widely-adopted benchmark datasets. RDNet achieves the best performance in the NTIRE 2025 Single Image Reflection Removal in the Wild Challenge in both fidelity and perceptual comparison. Our code is available at https://github.com/lime-j/RDNet",http://arxiv.org/abs/2410.08063v2,https://arxiv.org/pdf/2410.08063v2,To appear at CVPR 2025
Adventurer: Optimizing Vision Mamba Architecture Designs for Efficiency,Feng Wang; Timing Yang; Yaodong Yu; Sucheng Ren; Guoyizhe Wei; Angtian Wang; Wei Shao; Yuyin Zhou; Alan Yuille; Cihang Xie,CVPR,2,0,0,2410.07599,"In this work, we introduce the Adventurer series models where we treat images as sequences of patch tokens and employ uni-directional language models to learn visual representations. This modeling paradigm allows us to process images in a recurrent formulation with linear complexity relative to the sequence length, which can effectively address the memory and computation explosion issues posed by high-resolution and fine-grained images. In detail, we introduce two simple designs that seamlessly integrate image inputs into the causal inference framework: a global pooling token placed at the beginning of the sequence and a flipping operation between every two layers. Extensive empirical studies highlight that compared with the existing plain architectures such as DeiT and Vim, Adventurer offers an optimal efficiency-accuracy trade-off. For example, our Adventurer-Base attains a competitive test accuracy of 84.3% on the standard ImageNet-1k benchmark with 216 images/s training throughput, which is 3.8 and 6.2 times faster than Vim and DeiT to achieve the same result. As Adventurer offers great computation and memory efficiency and allows scaling with linear complexity, we hope this architecture can benefit future explorations in modeling long sequences for high-resolution or fine-grained images. Code is available at https://github.com/wangf3014/Adventurer.",http://arxiv.org/abs/2410.07599v2,https://arxiv.org/pdf/2410.07599v2,Published in CVPR 2025
MDMP: Multi-modal Diffusion for supervised Motion Predictions with uncertainty,Leo Bringer; Joey Wilson; Kira Barton; Maani Ghaffari,CVPR,2,0,0,2410.03860,"This paper introduces a Multi-modal Diffusion model for Motion Prediction (MDMP) that integrates and synchronizes skeletal data and textual descriptions of actions to generate refined long-term motion predictions with quantifiable uncertainty. Existing methods for motion forecasting or motion generation rely solely on either prior motions or text prompts, facing limitations with precision or control, particularly over extended durations. The multi-modal nature of our approach enhances the contextual understanding of human motion, while our graph-based transformer framework effectively capture both spatial and temporal motion dynamics. As a result, our model consistently outperforms existing generative techniques in accurately predicting long-term motions. Additionally, by leveraging diffusion models' ability to capture different modes of prediction, we estimate uncertainty, significantly improving spatial awareness in human-robot interactions by incorporating zones of presence with varying confidence levels for each body joint.",http://arxiv.org/abs/2410.03860v2,https://arxiv.org/pdf/2410.03860v2,Accepted to CVPR 2025 - HuMoGen. Minor revisions made based on reviewer feedback
LLaVA-Critic: Learning to Evaluate Multimodal Models,Tianyi Xiong; Xiyao Wang; Dong Guo; Qinghao Ye; Haoqi Fan; Quanquan Gu; Heng Huang; Chunyuan Li,CVPR,2,0,0,2410.02712,"We introduce LLaVA-Critic, the first open-source large multimodal model (LMM) designed as a generalist evaluator to assess performance across a wide range of multimodal tasks. LLaVA-Critic is trained using a high-quality critic instruction-following dataset that incorporates diverse evaluation criteria and scenarios. Our experiments demonstrate the model's effectiveness in two key areas: (1) LMM-as-a-Judge, where LLaVA-Critic provides reliable evaluation scores, performing on par with or surpassing GPT models on multiple evaluation benchmarks; and (2) Preference Learning, where it generates reward signals for preference learning, enhancing model alignment capabilities. This work underscores the potential of open-source LMMs in self-critique and evaluation, setting the stage for future research into scalable, superhuman alignment feedback mechanisms for LMMs.",http://arxiv.org/abs/2410.02712v2,https://arxiv.org/pdf/2410.02712v2,Accepted by CVPR 2025; Project Page: https://llava-vl.github.io/blog/2024-10-03-llava-critic
Dual Consolidation for Pre-Trained Model-Based Domain-Incremental Learning,Da-Wei Zhou; Zi-Wen Cai; Han-Jia Ye; Lijun Zhang; De-Chuan Zhan,CVPR,2,0,0,2410.00911,"Domain-Incremental Learning (DIL) involves the progressive adaptation of a model to new concepts across different domains. While recent advances in pre-trained models provide a solid foundation for DIL, learning new concepts often results in the catastrophic forgetting of pre-trained knowledge. Specifically, sequential model updates can overwrite both the representation and the classifier with knowledge from the latest domain. Thus, it is crucial to develop a representation and corresponding classifier that accommodate all seen domains throughout the learning process. To this end, we propose DUal ConsolidaTion (Duct) to unify and consolidate historical knowledge at both the representation and classifier levels. By merging the backbone of different stages, we create a representation space suitable for multiple domains incrementally. The merged representation serves as a balanced intermediary that captures task-specific features from all seen domains. Additionally, to address the mismatch between consolidated embeddings and the classifier, we introduce an extra classifier consolidation process. Leveraging class-wise semantic information, we estimate the classifier weights of old domains within the latest embedding space. By merging historical and estimated classifiers, we align them with the consolidated embedding space, facilitating incremental classification. Extensive experimental results on four benchmark datasets demonstrate Duct's state-of-the-art performance. Code is available at https://github.com/Estrella-fugaz/CVPR25-Duct",http://arxiv.org/abs/2410.00911v2,https://arxiv.org/pdf/2410.00911v2,Accepted to CVPR 2025. Code is available at https://github.com/Estrella-fugaz/CVPR25-Duct
Infighting in the Dark: Multi-Label Backdoor Attack in Federated Learning,Ye Li; Yanchao Zhao; Chengcheng Zhu; Jiale Zhang,CVPR,2,0,0,2409.19601,"Federated Learning (FL), a privacy-preserving decentralized machine learning framework, has been shown to be vulnerable to backdoor attacks. Current research primarily focuses on the Single-Label Backdoor Attack (SBA), wherein adversaries share a consistent target. However, a critical fact is overlooked: adversaries may be non-cooperative, have distinct targets, and operate independently, which exhibits a more practical scenario called Multi-Label Backdoor Attack (MBA). Unfortunately, prior works are ineffective in the MBA scenario since non-cooperative attackers exclude each other. In this work, we conduct an in-depth investigation to uncover the inherent constraints of the exclusion: similar backdoor mappings are constructed for different targets, resulting in conflicts among backdoor functions. To address this limitation, we propose Mirage, the first non-cooperative MBA strategy in FL that allows attackers to inject effective and persistent backdoors into the global model without collusion by constructing in-distribution (ID) backdoor mapping. Specifically, we introduce an adversarial adaptation method to bridge the backdoor features and the target distribution in an ID manner. Additionally, we further leverage a constrained optimization method to ensure the ID mapping survives in the global training dynamics. Extensive evaluations demonstrate that Mirage outperforms various state-of-the-art attacks and bypasses existing defenses, achieving an average ASR greater than 97\% and maintaining over 90\% after 900 rounds. This work aims to alert researchers to this potential threat and inspire the design of effective defense mechanisms. Code has been made open-source.",http://arxiv.org/abs/2409.19601v3,https://arxiv.org/pdf/2409.19601v3,Accepted by CVPR 2025
"EMOVA: Empowering Language Models to See, Hear and Speak with Vivid Emotions",Kai Chen; Yunhao Gou; Runhui Huang; Zhili Liu; Daxin Tan; Jing Xu; Chunwei Wang; Yi Zhu; Yihan Zeng; Kuo Yang; Dingdong Wang; Kun Xiang; Haoyuan Li; Haoli Bai; Jianhua Han; Xiaohui Li; Weike Jin; Nian Xie; Yu Zhang; James T. Kwok; Hengshuang Zhao; Xiaodan Liang; Dit-Yan Yeung; Xiao Chen; Zhenguo Li; Wei Zhang; Qun Liu; Jun Yao; Lanqing Hong; Lu Hou; Hang Xu,CVPR,2,0,0,2409.18042,"GPT-4o, an omni-modal model that enables vocal conversations with diverse emotions and tones, marks a milestone for omni-modal foundation models. However, empowering Large Language Models to perceive and generate images, texts, and speeches end-to-end with publicly available data remains challenging for the open-source community. Existing vision-language models rely on external tools for speech processing, while speech-language models still suffer from limited or totally without vision-understanding capabilities. To address this gap, we propose the EMOVA (EMotionally Omni-present Voice Assistant), to enable Large Language Models with end-to-end speech abilities while maintaining the leading vision-language performance. With a semantic-acoustic disentangled speech tokenizer, we surprisingly notice that omni-modal alignment can further enhance vision-language and speech abilities compared with the bi-modal aligned counterparts. Moreover, a lightweight style module is introduced for the flexible speech style controls including emotions and pitches. For the first time, EMOVA achieves state-of-the-art performance on both the vision-language and speech benchmarks, and meanwhile, supporting omni-modal spoken dialogue with vivid emotions.",http://arxiv.org/abs/2409.18042v4,https://arxiv.org/pdf/2409.18042v4,Accepted by CVPR 2025. Project Page: https://emova-ollm.github.io/
SSHNet: Unsupervised Cross-modal Homography Estimation via Problem Reformulation and Split Optimization,Junchen Yu; Si-Yuan Cao; Runmin Zhang; Chenghao Zhang; Zhu Yu; Shujie Chen; Bailin Yang; Hui-liang Shen,CVPR,2,0,0,2409.17993,"We propose a novel unsupervised cross-modal homography estimation learning framework, named Split Supervised Homography estimation Network (SSHNet). SSHNet reformulates the unsupervised cross-modal homography estimation into two supervised sub-problems, each addressed by its specialized network: a homography estimation network and a modality transfer network. To realize stable training, we introduce an effective split optimization strategy to train each network separately within its respective sub-problem. We also formulate an extra homography feature space supervision to enhance feature consistency, further boosting the estimation accuracy. Moreover, we employ a simple yet effective distillation training technique to reduce model parameters and improve cross-domain generalization ability while maintaining comparable performance. The training stability of SSHNet enables its cooperation with various homography estimation architectures. Experiments reveal that the SSHNet using IHN as homography estimation network, namely SSHNet-IHN, outperforms previous unsupervised approaches by a significant margin. Even compared to supervised approaches MHN and LocalTrans, SSHNet-IHN achieves 47.4% and 85.8% mean average corner errors (MACEs) reduction on the challenging OPT-SAR dataset.",http://arxiv.org/abs/2409.17993v5,https://arxiv.org/pdf/2409.17993v5,Accepted by CVPR 2025
SoftShadow: Leveraging Soft Masks for Penumbra-Aware Shadow Removal,Xinrui Wang; Lanqing Guo; Xiyu Wang; Siyu Huang; Bihan Wen,CVPR,2,0,0,2409.07041,"Recent advancements in deep learning have yielded promising results for the image shadow removal task. However, most existing methods rely on binary pre-generated shadow masks. The binary nature of such masks could potentially lead to artifacts near the boundary between shadow and non-shadow areas. In view of this, inspired by the physical model of shadow formation, we introduce novel soft shadow masks specifically designed for shadow removal. To achieve such soft masks, we propose a SoftShadow framework by leveraging the prior knowledge of pretrained SAM and integrating physical constraints. Specifically, we jointly tune the SAM and the subsequent shadow removal network using penumbra formation constraint loss, mask reconstruction loss, and shadow removal loss. This framework enables accurate predictions of penumbra (partially shaded) and umbra (fully shaded) areas while simultaneously facilitating end-to-end shadow removal. Through extensive experiments on popular datasets, we found that our SoftShadow framework, which generates soft masks, can better restore boundary artifacts, achieve state-of-the-art performance, and demonstrate superior generalizability.",http://arxiv.org/abs/2409.07041v2,https://arxiv.org/pdf/2409.07041v2,This paper has been accepted by CVPR 2025
Towards Generalizable Scene Change Detection,Jaewoo Kim; Uehwan Kim,CVPR,2,0,0,2409.06214,"While current state-of-the-art Scene Change Detection (SCD) approaches achieve impressive results in well-trained research data, they become unreliable under unseen environments and different temporal conditions; in-domain performance drops from 77.6% to 8.0% in a previously unseen environment and to 4.6% under a different temporal condition -- calling for generalizable SCD and benchmark. In this work, we propose the Generalizable Scene Change Detection Framework (GeSCF), which addresses unseen domain performance and temporal consistency -- to meet the growing demand for anything SCD. Our method leverages the pre-trained Segment Anything Model (SAM) in a zero-shot manner. For this, we design Initial Pseudo-mask Generation and Geometric-Semantic Mask Matching -- seamlessly turning user-guided prompt and single-image based segmentation into scene change detection for a pair of inputs without guidance. Furthermore, we define the Generalizable Scene Change Detection (GeSCD) benchmark along with novel metrics and an evaluation protocol to facilitate SCD research in generalizability. In the process, we introduce the ChangeVPR dataset, a collection of challenging image pairs with diverse environmental scenarios -- including urban, suburban, and rural settings. Extensive experiments across various datasets demonstrate that GeSCF achieves an average performance gain of 19.2% on existing SCD datasets and 30.0% on the ChangeVPR dataset, nearly doubling the prior art performance. We believe our work can lay a solid foundation for robust and generalizable SCD research.",http://arxiv.org/abs/2409.06214v4,https://arxiv.org/pdf/2409.06214v4,Camera-ready version. Accepted to CVPR 2025
Inference-Scale Complexity in ANN-SNN Conversion for High-Performance and Low-Power Applications,Tong Bu; Maohua Li; Zhaofei Yu,CVPR,2,0,0,2409.03368,"Spiking Neural Networks (SNNs) have emerged as a promising substitute for Artificial Neural Networks (ANNs) due to their advantages of fast inference and low power consumption. However, the lack of efficient training algorithms has hindered their widespread adoption. Even efficient ANN-SNN conversion methods necessitate quantized training of ANNs to enhance the effectiveness of the conversion, incurring additional training costs. To address these challenges, we propose an efficient ANN-SNN conversion framework with only inference scale complexity. The conversion framework includes a local threshold balancing algorithm, which enables efficient calculation of the optimal thresholds and fine-grained adjustment of the threshold value by channel-wise scaling. We also introduce an effective delayed evaluation strategy to mitigate the influence of the spike propagation delays. We demonstrate the scalability of our framework in typical computer vision tasks: image classification, semantic segmentation, object detection, and video classification. Our algorithm outperforms existing methods, highlighting its practical applicability and efficiency. Moreover, we have evaluated the energy consumption of the converted SNNs, demonstrating their superior low-power advantage compared to conventional ANNs. This approach simplifies the deployment of SNNs by leveraging open-source pre-trained ANN models, enabling fast, low-power inference with negligible performance reduction. Code is available at https://github.com/putshua/Inference-scale-ANN-SNN.",http://arxiv.org/abs/2409.03368v2,https://arxiv.org/pdf/2409.03368v2,Accepted by CVPR 2025 (Poster)
TIMotion: Temporal and Interactive Framework for Efficient Human-Human Motion Generation,Yabiao Wang; Shuo Wang; Jiangning Zhang; Ke Fan; Jiafu Wu; Zhucun Xue; Yong Liu,CVPR,2,0,0,2408.17135,"Human-human motion generation is essential for understanding humans as social beings. Current methods fall into two main categories: single-person-based methods and separate modeling-based methods. To delve into this field, we abstract the overall generation process into a general framework MetaMotion, which consists of two phases: temporal modeling and interaction mixing. For temporal modeling, the single-person-based methods concatenate two people into a single one directly, while the separate modeling-based methods skip the modeling of interaction sequences. The inadequate modeling described above resulted in sub-optimal performance and redundant model parameters. In this paper, we introduce TIMotion (Temporal and Interactive Modeling), an efficient and effective framework for human-human motion generation. Specifically, we first propose Causal Interactive Injection to model two separate sequences as a causal sequence leveraging the temporal and causal properties. Then we present Role-Evolving Scanning to adjust to the change in the active and passive roles throughout the interaction. Finally, to generate smoother and more rational motion, we design Localized Pattern Amplification to capture short-term motion patterns. Extensive experiments on InterHuman and InterX demonstrate that our method achieves superior performance. Project page: https://aigc-explorer.github.io/TIMotion-page/",http://arxiv.org/abs/2408.17135v5,https://arxiv.org/pdf/2408.17135v5,Accepted to CVPR 2025. Project page: https://aigc-explorer.github.io/TIMotion-page/
STEREO: A Two-Stage Framework for Adversarially Robust Concept Erasing from Text-to-Image Diffusion Models,Koushik Srivatsan; Fahad Shamshad; Muzammal Naseer; Vishal M. Patel; Karthik Nandakumar,CVPR,2,0,0,2408.16807,"The rapid proliferation of large-scale text-to-image diffusion (T2ID) models has raised serious concerns about their potential misuse in generating harmful content. Although numerous methods have been proposed for erasing undesired concepts from T2ID models, they often provide a false sense of security; concept-erased models (CEMs) can still be manipulated via adversarial attacks to regenerate the erased concept. While a few robust concept erasure methods based on adversarial training have emerged recently, they compromise on utility (generation quality for benign concepts) to achieve robustness and/or remain vulnerable to advanced embedding space attacks. These limitations stem from the failure of robust CEMs to thoroughly search for ""blind spots"" in the embedding space. To bridge this gap, we propose STEREO, a novel two-stage framework that employs adversarial training as a first step rather than the only step for robust concept erasure. In the first stage, STEREO employs adversarial training as a vulnerability identification mechanism to search thoroughly enough. In the second robustly erase once stage, STEREO introduces an anchor-concept-based compositional objective to robustly erase the target concept in a single fine-tuning stage, while minimizing the degradation of model utility. We benchmark STEREO against seven state-of-the-art concept erasure methods, demonstrating its superior robustness to both white-box and black-box attacks, while largely preserving utility.",http://arxiv.org/abs/2408.16807v2,https://arxiv.org/pdf/2408.16807v2,Accepted to CVPR-2025. Code: https://github.com/koushiksrivats/robust-concept-erasing
Dual-Interrelated Diffusion Model for Few-Shot Anomaly Image Generation,Ying Jin; Jinlong Peng; Qingdong He; Teng Hu; Jiafu Wu; Hao Chen; Haoxuan Wang; Wenbing Zhu; Mingmin Chi; Jun Liu; Yabiao Wang,CVPR,2,0,0,2408.13509,"The performance of anomaly inspection in industrial manufacturing is constrained by the scarcity of anomaly data. To overcome this challenge, researchers have started employing anomaly generation approaches to augment the anomaly dataset. However, existing anomaly generation methods suffer from limited diversity in the generated anomalies and struggle to achieve a seamless blending of this anomaly with the original image. Moreover, the generated mask is usually not aligned with the generated anomaly. In this paper, we overcome these challenges from a new perspective, simultaneously generating a pair of the overall image and the corresponding anomaly part. We propose DualAnoDiff, a novel diffusion-based few-shot anomaly image generation model, which can generate diverse and realistic anomaly images by using a dual-interrelated diffusion model, where one of them is employed to generate the whole image while the other one generates the anomaly part. Moreover, we extract background and shape information to mitigate the distortion and blurriness phenomenon in few-shot image generation. Extensive experiments demonstrate the superiority of our proposed model over state-of-the-art methods in terms of diversity, realism and the accuracy of mask. Overall, our approach significantly improves the performance of downstream anomaly inspection tasks, including anomaly detection, anomaly localization, and anomaly classification tasks.",http://arxiv.org/abs/2408.13509v3,https://arxiv.org/pdf/2408.13509v3,Accepted to CVPR 2025
Rethinking Training for De-biasing Text-to-Image Generation: Unlocking the Potential of Stable Diffusion,Eunji Kim; Siwon Kim; Minjun Park; Rahim Entezari; Sungroh Yoon,CVPR,2,0,0,2408.12692,"Recent advancements in text-to-image models, such as Stable Diffusion, show significant demographic biases. Existing de-biasing techniques rely heavily on additional training, which imposes high computational costs and risks of compromising core image generation functionality. This hinders them from being widely adopted to real-world applications. In this paper, we explore Stable Diffusion's overlooked potential to reduce bias without requiring additional training. Through our analysis, we uncover that initial noises associated with minority attributes form ""minority regions"" rather than scattered. We view these ""minority regions"" as opportunities in SD to reduce bias. To unlock the potential, we propose a novel de-biasing method called 'weak guidance,' carefully designed to guide a random noise to the minority regions without compromising semantic integrity. Through analysis and experiments on various versions of SD, we demonstrate that our proposed approach effectively reduces bias without additional training, achieving both efficiency and preservation of core image generation functionality.",http://arxiv.org/abs/2408.12692v2,https://arxiv.org/pdf/2408.12692v2,19 pages; First two authors contributed equally; Accepted at CVPR 2025
QMambaBSR: Burst Image Super-Resolution with Query State Space Model,Xin Di; Long Peng; Peizhe Xia; Wenbo Li; Renjing Pei; Yang Cao; Yang Wang; Zheng-Jun Zha,CVPR,2,0,0,2408.08665,"Burst super-resolution aims to reconstruct high-resolution images with higher quality and richer details by fusing the sub-pixel information from multiple burst low-resolution frames. In BusrtSR, the key challenge lies in extracting the base frame's content complementary sub-pixel details while simultaneously suppressing high-frequency noise disturbance. Existing methods attempt to extract sub-pixels by modeling inter-frame relationships frame by frame while overlooking the mutual correlations among multi-current frames and neglecting the intra-frame interactions, leading to inaccurate and noisy sub-pixels for base frame super-resolution. Further, existing methods mainly employ static upsampling with fixed parameters to improve spatial resolution for all scenes, failing to perceive the sub-pixel distribution difference across multiple frames and cannot balance the fusion weights of different frames, resulting in over-smoothed details and artifacts. To address these limitations, we introduce a novel Query Mamba Burst Super-Resolution (QMambaBSR) network, which incorporates a Query State Space Model (QSSM) and Adaptive Up-sampling module (AdaUp). Specifically, based on the observation that sub-pixels have consistent spatial distribution while random noise is inconsistently distributed, a novel QSSM is proposed to efficiently extract sub-pixels through inter-frame querying and intra-frame scanning while mitigating noise interference in a single step. Moreover, AdaUp is designed to dynamically adjust the upsampling kernel based on the spatial distribution of multi-frame sub-pixel information in the different burst scenes, thereby facilitating the reconstruction of the spatial arrangement of high-resolution details. Extensive experiments on four popular synthetic and real-world benchmarks demonstrate that our method achieves a new state-of-the-art performance.",http://arxiv.org/abs/2408.08665v2,https://arxiv.org/pdf/2408.08665v2,Accepted by CVPR 2025
GroupMamba: Efficient Group-Based Visual State Space Model,Abdelrahman Shaker; Syed Talal Wasim; Salman Khan; Juergen Gall; Fahad Shahbaz Khan,CVPR,2,0,0,2407.13772,"State-space models (SSMs) have recently shown promise in capturing long-range dependencies with subquadratic computational complexity, making them attractive for various applications. However, purely SSM-based models face critical challenges related to stability and achieving state-of-the-art performance in computer vision tasks. Our paper addresses the challenges of scaling SSM-based models for computer vision, particularly the instability and inefficiency of large model sizes. We introduce a parameter-efficient modulated group mamba layer that divides the input channels into four groups and applies our proposed SSM-based efficient Visual Single Selective Scanning (VSSS) block independently to each group, with each VSSS block scanning in one of the four spatial directions. The Modulated Group Mamba layer also wraps the four VSSS blocks into a channel modulation operator to improve cross-channel communication. Furthermore, we introduce a distillation-based training objective to stabilize the training of large models, leading to consistent performance gains. Our comprehensive experiments demonstrate the merits of the proposed contributions, leading to superior performance over existing methods for image classification on ImageNet-1K, object detection, instance segmentation on MS-COCO, and semantic segmentation on ADE20K. Our tiny variant with 23M parameters achieves state-of-the-art performance with a classification top-1 accuracy of 83.3% on ImageNet-1K, while being 26% efficient in terms of parameters, compared to the best existing Mamba design of same model size. Code and models are available at: https://github.com/Amshaker/GroupMamba.",http://arxiv.org/abs/2407.13772v2,https://arxiv.org/pdf/2407.13772v2,Accepted at CVPR-2025
Fish-Vista: A Multi-Purpose Dataset for Understanding & Identification of Traits from Images,Kazi Sajeed Mehrab; M. Maruf; Arka Daw; Abhilash Neog; Harish Babu Manogaran; Mridul Khurana; Zhenyang Feng; Bahadir Altintas; Yasin Bakis; Elizabeth G Campolongo; Matthew J Thompson; Xiaojun Wang; Hilmar Lapp; Tanya Berger-Wolf; Paula Mabee; Henry Bart; Wei-Lun Chao; Wasila M Dahdul; Anuj Karpatne,CVPR,2,0,0,2407.08027,"We introduce Fish-Visual Trait Analysis (Fish-Vista), the first organismal image dataset designed for the analysis of visual traits of aquatic species directly from images using problem formulations in computer vision. Fish-Vista contains 69,126 annotated images spanning 4,154 fish species, curated and organized to serve three downstream tasks of species classification, trait identification, and trait segmentation. Our work makes two key contributions. First, we perform a fully reproducible data processing pipeline to process images sourced from various museum collections. We annotate these images with carefully curated labels from biological databases and manual annotations to create an AI-ready dataset of visual traits, contributing to the advancement of AI in biodiversity science. Second, our proposed downstream tasks offer fertile grounds for novel computer vision research in addressing a variety of challenges such as long-tailed distributions, out-of-distribution generalization, learning with weak labels, explainable AI, and segmenting small objects. We benchmark the performance of several existing methods for our proposed tasks to expose future research opportunities in AI for biodiversity science problems involving visual traits.",http://arxiv.org/abs/2407.08027v2,https://arxiv.org/pdf/2407.08027v2,Preprint. Accepted to CVPR 2025
Latent Space Imaging,Matheus Souza; Yidan Zheng; Kaizhang Kang; Yogeshwar Nath Mishra; Qiang Fu; Wolfgang Heidrich,CVPR,2,0,0,2407.07052,"Digital imaging systems have traditionally relied on brute-force measurement and processing of pixels arranged on regular grids. In contrast, the human visual system performs significant data reduction from the large number of photoreceptors to the optic nerve, effectively encoding visual information into a low-bandwidth latent space representation optimized for brain processing. Inspired by this, we propose a similar approach to advance artificial vision systems. Latent Space Imaging introduces a new paradigm that combines optics and software to encode image information directly into the semantically rich latent space of a generative model. This approach substantially reduces bandwidth and memory demands during image capture and enables a range of downstream tasks focused on the latent space. We validate this principle through an initial hardware prototype based on a single-pixel camera. By implementing an amplitude modulation scheme that encodes into the generative model's latent space, we achieve compression ratios ranging from 1:100 to 1:1000 during imaging, and up to 1:16384 for downstream applications. This approach leverages the model's intrinsic linear boundaries, demonstrating the potential of latent space imaging for highly efficient imaging hardware, adaptable future applications in high-speed imaging, and task-specific cameras with significantly reduced hardware complexity.",http://arxiv.org/abs/2407.07052v2,https://arxiv.org/pdf/2407.07052v2,Accepted to CVPR 2025; see http://github.com/vccimaging/latent-imaging
PLeaS -- Merging Models with Permutations and Least Squares,Anshul Nasery; Jonathan Hayase; Pang Wei Koh; Sewoong Oh,CVPR,2,0,0,2407.02447,"The democratization of machine learning systems has made the process of fine-tuning accessible to practitioners, leading to a wide range of open-source models fine-tuned on specialized tasks and datasets. Recent work has proposed to merge such models to combine their functionalities. However, prior approaches are usually restricted to models that are fine-tuned from the same base model. Furthermore, the final merged model is typically required to be of the same size as the original models. In this work, we propose a new two-step algorithm to merge models -- termed PLeaS -- which relaxes these constraints. First, leveraging the Permutation symmetries inherent in the two models, PLeaS partially matches nodes in each layer by maximizing alignment. Next, PLeaS computes the weights of the merged model as a layer-wise Least Squares solution to minimize the approximation error between the features of the merged model and the permuted features of the original models. PLeaS allows a practitioner to merge two models sharing the same architecture into a single performant model of a desired size, even when the two original models are fine-tuned from different base models. We also demonstrate how our method can be extended to address a challenging scenario where no data is available from the fine-tuning domains. We demonstrate our method to merge ResNet and ViT models trained with shared and different label spaces, and show improvement over the state-of-the-art merging methods of up to 15 percentage points for the same target compute while merging models trained on DomainNet and fine-grained classification tasks. Our code is open-sourced at https://github.com/SewoongLab/PLeaS-Merging .",http://arxiv.org/abs/2407.02447v2,https://arxiv.org/pdf/2407.02447v2,Accepted to CVPR 2025
Odd-One-Out: Anomaly Detection by Comparing with Neighbors,Ankan Bhunia; Changjian Li; Hakan Bilen,CVPR,2,0,0,2406.20099,"This paper introduces a novel anomaly detection (AD) problem aimed at identifying `odd-looking' objects within a scene by comparing them to other objects present. Unlike traditional AD benchmarks with fixed anomaly criteria, our task detects anomalies specific to each scene by inferring a reference group of regular objects. To address occlusions, we use multiple views of each scene as input, construct 3D object-centric models for each instance from 2D views, enhancing these models with geometrically consistent part-aware representations. Anomalous objects are then detected through cross-instance comparison. We also introduce two new benchmarks, ToysAD-8K and PartsAD-15K as testbeds for future research in this task. We provide a comprehensive analysis of our method quantitatively and qualitatively on these benchmarks.",http://arxiv.org/abs/2406.20099v4,https://arxiv.org/pdf/2406.20099v4,Accepted at CVPR 2025. Codes & Dataset at https://github.com/VICO-UoE/OddOneOutAD
Six-CD: Benchmarking Concept Removals for Benign Text-to-image Diffusion Models,Jie Ren; Kangrui Chen; Yingqian Cui; Shenglai Zeng; Hui Liu; Yue Xing; Jiliang Tang; Lingjuan Lyu,CVPR,2,0,0,2406.14855,"Text-to-image (T2I) diffusion models have shown exceptional capabilities in generating images that closely correspond to textual prompts. However, the advancement of T2I diffusion models presents significant risks, as the models could be exploited for malicious purposes, such as generating images with violence or nudity, or creating unauthorized portraits of public figures in inappropriate contexts. To mitigate these risks, concept removal methods have been proposed. These methods aim to modify diffusion models to prevent the generation of malicious and unwanted concepts. Despite these efforts, existing research faces several challenges: (1) a lack of consistent comparisons on a comprehensive dataset, (2) ineffective prompts in harmful and nudity concepts, (3) overlooked evaluation of the ability to generate the benign part within prompts containing malicious concepts. To address these gaps, we propose to benchmark the concept removal methods by introducing a new dataset, Six-CD, along with a novel evaluation metric. In this benchmark, we conduct a thorough evaluation of concept removals, with the experimental observations and discussions offering valuable insights in the field.",http://arxiv.org/abs/2406.14855v3,https://arxiv.org/pdf/2406.14855v3,Accepted by CVPR 2025
Mitigating the Human-Robot Domain Discrepancy in Visual Pre-training for Robotic Manipulation,Jiaming Zhou; Teli Ma; Kun-Yu Lin; Zifan Wang; Ronghe Qiu; Junwei Liang,CVPR,2,0,0,2406.14235,"Learning generalizable visual representations across different embodied environments is essential for effective robotic manipulation in real-world scenarios. However, the limited scale and diversity of robot demonstration data pose a significant challenge. Recent research has explored leveraging large-scale human activity data for pre-training, but the substantial morphological differences between humans and robots introduce a significant human-robot domain discrepancy, hindering the generalization of these models to downstream manipulation tasks. To overcome this, we propose a novel adaptation paradigm that leverages readily available paired human-robot video data to bridge the domain gap. Our method employs a human-robot contrastive alignment loss to align the semantics of human and robot videos, adapting pre-trained models to the robot domain in a parameter-efficient manner. Experiments on 20 simulated tasks across two different benchmarks and five real-world tasks demonstrate significant improvements. These results span both single-task and language-conditioned multi-task settings, evaluated using two different pre-trained models. Compared to existing pre-trained models, our adaptation method improves the average success rate by over 7% across multiple tasks on both simulated benchmarks and real-world evaluations.",http://arxiv.org/abs/2406.14235v3,https://arxiv.org/pdf/2406.14235v3,accepted by CVPR 2025. Project Page: https://jiaming-zhou.github.io/projects/HumanRobotAlign
PanDA: Towards Panoramic Depth Anything with Unlabeled Panoramas and Mobius Spatial Augmentation,Zidong Cao; Jinjing Zhu; Weiming Zhang; Hao Ai; Haotian Bai; Hengshuang Zhao; Lin Wang,CVPR,2,0,0,2406.13378,"Recently, Depth Anything Models (DAMs) - a type of depth foundation models - have demonstrated impressive zero-shot capabilities across diverse perspective images. Despite its success, it remains an open question regarding DAMs' performance on panorama images that enjoy a large field-of-view (180x360) but suffer from spherical distortions. To address this gap, we conduct an empirical analysis to evaluate the performance of DAMs on panoramic images and identify their limitations. For this, we undertake comprehensive experiments to assess the performance of DAMs from three key factors: panoramic representations, 360 camera positions for capturing scenarios, and spherical spatial transformations. This way, we reveal some key findings, e.g., DAMs are sensitive to spatial transformations. We then propose a semi-supervised learning (SSL) framework to learn a panoramic DAM, dubbed PanDA. Under the umbrella of SSL, PanDA first learns a teacher model by fine-tuning DAM through joint training on synthetic indoor and outdoor panoramic datasets. Then, a student model is trained using large-scale unlabeled data, leveraging pseudo-labels generated by the teacher model. To enhance PanDA's generalization capability, M""obius transformation-based spatial augmentation (MTSA) is proposed to impose consistency regularization between the predicted depth maps from the original and spatially transformed ones. This subtly improves the student model's robustness to various spatial transformations, even under severe distortions. Extensive experiments demonstrate that PanDA exhibits remarkable zero-shot capability across diverse scenes, and outperforms the data-specific panoramic depth estimation methods on two popular real-world benchmarks.",http://arxiv.org/abs/2406.13378v2,https://arxiv.org/pdf/2406.13378v2,"16 pages, 18 figures, accepted by CVPR 2025"
Mitigating Object Hallucinations in Large Vision-Language Models with Assembly of Global and Local Attention,Wenbin An; Feng Tian; Sicong Leng; Jiahao Nie; Haonan Lin; QianYing Wang; Ping Chen; Xiaoqin Zhang; Shijian Lu,CVPR,2,0,0,2406.12718,"Despite great success across various multimodal tasks, Large Vision-Language Models (LVLMs) often encounter object hallucinations with generated textual responses being inconsistent with the actual objects in images. We examine different LVLMs and pinpoint that one root cause of object hallucinations lies with deficient attention on discriminative image features. Specifically, LVLMs often predominantly attend to prompt-irrelevant global features instead of prompt-relevant local features, undermining their visual grounding capacity and leading to object hallucinations. We propose Assembly of Global and Local Attention (AGLA), a training-free and plug-and-play approach that mitigates hallucinations by assembling global features for response generation and local features for visual discrimination simultaneously. Specifically, we introduce an image-prompt matching scheme that captures prompt-relevant local features from images, leading to an augmented view of the input image where prompt-relevant content is highlighted while irrelevant distractions are suppressed. Hallucinations can thus be mitigated with a calibrated logit distribution that is from generative global features of the original image and discriminative local features of the augmented image. Extensive experiments show the superiority of AGLA in LVLM hallucination mitigation, demonstrating its wide applicability across both discriminative and generative tasks. Our code is available at https://github.com/Lackel/AGLA.",http://arxiv.org/abs/2406.12718v3,https://arxiv.org/pdf/2406.12718v3,Accepted by CVPR 2025
Few-Shot Recognition via Stage-Wise Retrieval-Augmented Finetuning,Tian Liu; Huixin Zhang; Shubham Parashar; Shu Kong,CVPR,2,0,0,2406.11148,"Few-shot recognition (FSR) aims to train a classification model with only a few labeled examples of each concept concerned by a downstream task, where data annotation cost can be prohibitively high. We develop methods to solve FSR by leveraging a pretrained Vision-Language Model (VLM). We particularly explore retrieval-augmented learning (RAL), which retrieves open data, e.g., the VLM's pretraining dataset, to learn models for better serving downstream tasks. RAL has been studied in zero-shot recognition but remains under-explored in FSR. Although applying RAL to FSR may seem straightforward, we observe interesting and novel challenges and opportunities. First, somewhat surprisingly, finetuning a VLM on a large amount of retrieved data underperforms state-of-the-art zero-shot methods. This is due to the imbalanced distribution of retrieved data and its domain gaps with the few-shot examples in the downstream task. Second, more surprisingly, we find that simply finetuning a VLM solely on few-shot examples significantly outperforms previous FSR methods, and finetuning on the mix of retrieved and few-shot data yields even better results. Third, to mitigate the imbalanced distribution and domain gap issues, we propose Stage-Wise retrieval-Augmented fineTuning (SWAT), which involves end-to-end finetuning on mixed data in the first stage and retraining the classifier on the few-shot data in the second stage. Extensive experiments on nine popular benchmarks demonstrate that SWAT significantly outperforms previous methods by >6% accuracy.",http://arxiv.org/abs/2406.11148v3,https://arxiv.org/pdf/2406.11148v3,Accepted to CVPR 2025. Website and code: https://tian1327.github.io/SWAT/
VELOCITI: Benchmarking Video-Language Compositional Reasoning with Strict Entailment,Darshana Saravanan; Varun Gupta; Darshan Singh; Zeeshan Khan; Vineet Gandhi; Makarand Tapaswi,CVPR,2,0,0,2406.10889,"A fundamental aspect of compositional reasoning in a video is associating people and their actions across time. Recent years have seen great progress in general-purpose vision or video models and a move towards long-video understanding. While exciting, we take a step back and ask: are current models good at compositional reasoning on short videos? To this end, we introduce VELOCITI, a benchmark to study Video-LLMs by disentangling and assessing the comprehension of agents, actions, and their associations across multiple events. We adopt the Video-Language Entailment setup and propose StrictVLE that requires correct classification (rather than ranking) of the positive and negative caption. We evaluate several models and observe that even the best, LLaVA-OneVision (44.5%) and Gemini-1.5-Pro (49.3%), are far from human accuracy at 93.0%. Results show that action understanding lags behind agents, and negative captions created using entities appearing in the video perform worse than those obtained from pure text manipulation. We also present challenges with ClassicVLE and multiple-choice (MC) evaluation, strengthening our preference for StrictVLE. Finally, we validate that our benchmark requires visual inputs of multiple frames making it ideal to study video-language compositional reasoning.",http://arxiv.org/abs/2406.10889v2,https://arxiv.org/pdf/2406.10889v2,"Accepted to CVPR 2025. Project Page, see https://katha-ai.github.io/projects/velociti"
CoMM: A Coherent Interleaved Image-Text Dataset for Multimodal Understanding and Generation,Wei Chen; Lin Li; Yongqi Yang; Bin Wen; Fan Yang; Tingting Gao; Yu Wu; Long Chen,CVPR,2,0,0,2406.10462,"Interleaved image-text generation has emerged as a crucial multimodal task, aiming at creating sequences of interleaved visual and textual content given a query. Despite notable advancements in recent multimodal large language models (MLLMs), generating integrated image-text sequences that exhibit narrative coherence and entity and style consistency remains challenging due to poor training data quality. To address this gap, we introduce CoMM, a high-quality Coherent interleaved image-text MultiModal dataset designed to enhance the coherence, consistency, and alignment of generated multimodal content. Initially, CoMM harnesses raw data from diverse sources, focusing on instructional content and visual storytelling, establishing a foundation for coherent and consistent content. To further refine the data quality, we devise a multi-perspective filter strategy that leverages advanced pre-trained models to ensure the development of sentences, consistency of inserted images, and semantic alignment between them. Various quality evaluation metrics are designed to prove the high quality of the filtered dataset. Meanwhile, extensive few-shot experiments on various downstream tasks demonstrate CoMM's effectiveness in significantly enhancing the in-context learning capabilities of MLLMs. Moreover, we propose four new tasks to evaluate MLLMs' interleaved generation abilities, supported by a comprehensive evaluation framework. We believe CoMM opens a new avenue for advanced MLLMs with superior multimodal in-context learning and understanding ability.",http://arxiv.org/abs/2406.10462v3,https://arxiv.org/pdf/2406.10462v3,"22 pages, Accepted by CVPR 2025"
PQPP: A Joint Benchmark for Text-to-Image Prompt and Query Performance Prediction,Eduard Poesina; Adriana Valentina Costache; Adrian-Gabriel Chifu; Josiane Mothe; Radu Tudor Ionescu,CVPR,2,0,0,2406.04746,"Text-to-image generation has recently emerged as a viable alternative to text-to-image retrieval, driven by the visually impressive results of generative diffusion models. Although query performance prediction is an active research topic in information retrieval, to the best of our knowledge, there is no prior study that analyzes the difficulty of queries (referred to as prompts) in text-to-image generation, based on human judgments. To this end, we introduce the first dataset of prompts which are manually annotated in terms of image generation performance. Additionally, we extend these evaluations to text-to-image retrieval by collecting manual annotations that represent retrieval performance. We thus establish the first joint benchmark for prompt and query performance prediction (PQPP) across both tasks, comprising over 10K queries. Our benchmark enables (i) the comparative assessment of prompt/query difficulty in both image generation and image retrieval, and (ii) the evaluation of prompt/query performance predictors addressing both generation and retrieval. We evaluate several pre- and post-generation/retrieval performance predictors, thus providing competitive baselines for future research. Our benchmark and code are publicly available at https://github.com/Eduard6421/PQPP.",http://arxiv.org/abs/2406.04746v2,https://arxiv.org/pdf/2406.04746v2,Accepted at CVPR 2025
DeNVeR: Deformable Neural Vessel Representations for Unsupervised Video Vessel Segmentation,Chun-Hung Wu; Shih-Hong Chen; Chih-Yao Hu; Hsin-Yu Wu; Kai-Hsin Chen; Yu-You Chen; Chih-Hai Su; Chih-Kuo Lee; Yu-Lun Liu,CVPR,2,0,0,2406.01591,"This paper presents Deformable Neural Vessel Representations (DeNVeR), an unsupervised approach for vessel segmentation in X-ray angiography videos without annotated ground truth. DeNVeR utilizes optical flow and layer separation techniques, enhancing segmentation accuracy and adaptability through test-time training. Key contributions include a novel layer separation bootstrapping technique, a parallel vessel motion loss, and the integration of Eulerian motion fields for modeling complex vessel dynamics. A significant component of this research is the introduction of the XACV dataset, the first X-ray angiography coronary video dataset with high-quality, manually labeled segmentation ground truth. Extensive evaluations on both XACV and CADICA datasets demonstrate that DeNVeR outperforms current state-of-the-art methods in vessel segmentation accuracy and generalization capability while maintaining temporal coherency.",http://arxiv.org/abs/2406.01591v4,https://arxiv.org/pdf/2406.01591v4,Paper accepted to CVPR 2025. Project page: https://kirito878.github.io/DeNVeR/
AI-Face: A Million-Scale Demographically Annotated AI-Generated Face Dataset and Fairness Benchmark,Li Lin; Santosh; Mingyang Wu; Xin Wang; Shu Hu,CVPR,2,0,0,2406.00783,"AI-generated faces have enriched human life, such as entertainment, education, and art. However, they also pose misuse risks. Therefore, detecting AI-generated faces becomes crucial, yet current detectors show biased performance across different demographic groups. Mitigating biases can be done by designing algorithmic fairness methods, which usually require demographically annotated face datasets for model training. However, no existing dataset encompasses both demographic attributes and diverse generative methods simultaneously, which hinders the development of fair detectors for AI-generated faces. In this work, we introduce the AI-Face dataset, the first million-scale demographically annotated AI-generated face image dataset, including real faces, faces from deepfake videos, and faces generated by Generative Adversarial Networks and Diffusion Models. Based on this dataset, we conduct the first comprehensive fairness benchmark to assess various AI face detectors and provide valuable insights and findings to promote the future fair design of AI face detectors. Our AI-Face dataset and benchmark code are publicly available at https://github.com/Purdue-M2/AI-Face-FairnessBench",http://arxiv.org/abs/2406.00783v3,https://arxiv.org/pdf/2406.00783v3,This paper has been accepted by CVPR 2025
Boost Your Human Image Generation Model via Direct Preference Optimization,Sanghyeon Na; Yonggyu Kim; Hyunjoon Lee,CVPR,2,0,0,2405.20216,"Human image generation is a key focus in image synthesis due to its broad applications, but even slight inaccuracies in anatomy, pose, or details can compromise realism. To address these challenges, we explore Direct Preference Optimization (DPO), which trains models to generate preferred (winning) images while diverging from non-preferred (losing) ones. However, conventional DPO methods use generated images as winning images, limiting realism. To overcome this limitation, we propose an enhanced DPO approach that incorporates high-quality real images as winning images, encouraging outputs to resemble real images rather than generated ones. However, implementing this concept is not a trivial task. Therefore, our approach, HG-DPO (Human image Generation through DPO), employs a novel curriculum learning framework that gradually improves the output of the model toward greater realism, making training more feasible. Furthermore, HG-DPO effectively adapts to personalized text-to-image tasks, generating high-quality and identity-specific images, which highlights the practical value of our approach.",http://arxiv.org/abs/2405.20216v3,https://arxiv.org/pdf/2405.20216v3,Accepted to CVPR 2025 as a highlight paper
Potential Field Based Deep Metric Learning,Shubhang Bhatnagar; Narendra Ahuja,CVPR,2,0,0,2405.18560,"Deep metric learning (DML) involves training a network to learn a semantically meaningful representation space. Many current approaches mine n-tuples of examples and model interactions within each tuplets. We present a novel, compositional DML model that instead of in tuples, represents the influence of each example (embedding) by a continuous potential field, and superposes the fields to obtain their combined global potential field. We use attractive/repulsive potential fields to represent interactions among embeddings from images of the same/different classes. Contrary to typical learning methods, where mutual influence of samples is proportional to their distance, we enforce reduction in such influence with distance, leading to a decaying field. We show that such decay helps improve performance on real world datasets with large intra-class variations and label noise. Like other proxy-based methods, we also use proxies to succinctly represent sub-populations of examples. We evaluate our method on three standard DML benchmarks- Cars-196, CUB-200-2011, and SOP datasets where it outperforms state-of-the-art baselines.",http://arxiv.org/abs/2405.18560v4,https://arxiv.org/pdf/2405.18560v4,Accepted to CVPR 2025
Are Images Indistinguishable to Humans Also Indistinguishable to Classifiers?,Zebin You; Xinyu Zhang; Hanzhong Guo; Jingdong Wang; Chongxuan Li,CVPR,2,0,0,2405.18029,"The ultimate goal of generative models is to perfectly capture the data distribution. For image generation, common metrics of visual quality (e.g., FID) and the perceived truthfulness of generated images seem to suggest that we are nearing this goal. However, through distribution classification tasks, we reveal that, from the perspective of neural network-based classifiers, even advanced diffusion models are still far from this goal. Specifically, classifiers are able to consistently and effortlessly distinguish real images from generated ones across various settings. Moreover, we uncover an intriguing discrepancy: classifiers can easily differentiate between diffusion models with comparable performance (e.g., U-ViT-H vs. DiT-XL), but struggle to distinguish between models within the same family but of different scales (e.g., EDM2-XS vs. EDM2-XXL). Our methodology carries several important implications. First, it naturally serves as a diagnostic tool for diffusion models by analyzing specific features of generated data. Second, it sheds light on the model autophagy disorder and offers insights into the use of generated data: augmenting real data with generated data is more effective than replacing it. Third, classifier guidance can significantly enhance the realism of generated images.",http://arxiv.org/abs/2405.18029v4,https://arxiv.org/pdf/2405.18029v4,Accepted to CVPR 2025
AFL: A Single-Round Analytic Approach for Federated Learning with Pre-trained Models,Run He; Kai Tong; Di Fang; Han Sun; Ziqian Zeng; Haoran Li; Tianyi Chen; Huiping Zhuang,CVPR,2,0,0,2405.16240,"In this paper, we introduce analytic federated learning (AFL), a new training paradigm that brings analytical (i.e., closed-form) solutions to the federated learning (FL) with pre-trained models. Our AFL draws inspiration from analytic learning -- a gradient-free technique that trains neural networks with analytical solutions in one epoch. In the local client training stage, the AFL facilitates a one-epoch training, eliminating the necessity for multi-epoch updates. In the aggregation stage, we derive an absolute aggregation (AA) law. This AA law allows a single-round aggregation, reducing heavy communication overhead and achieving fast convergence by removing the need for multiple aggregation rounds. More importantly, the AFL exhibits a property that \textit{invariance to data partitioning}, meaning that regardless of how the full dataset is distributed among clients, the aggregated result remains identical. This could spawn various potentials, such as data heterogeneity invariance and client-number invariance. We conduct experiments across various FL settings including extremely non-IID ones, and scenarios with a large number of clients (e.g., $\ge 1000$). In all these settings, our AFL constantly performs competitively while existing FL techniques encounter various obstacles. Our codes are available at https://github.com/ZHUANGHP/Analytic-federated-learning.",http://arxiv.org/abs/2405.16240v3,https://arxiv.org/pdf/2405.16240v3,Published in CVPR 2025
Goldilocks Test Sets for Face Verification,Haiyu Wu; Sicong Tian; Aman Bhatta; Jacob Gutierrez; Grace Bezold; Genesis Argueta; Karl Ricanek; Michael C. King; Kevin W. Bowyer,CVPR,2,0,0,2405.15965,"Reported face verification accuracy has reached a plateau on current well-known test sets. As a result, some difficult test sets have been assembled by reducing the image quality or adding artifacts to the image. However, we argue that test sets can be challenging without artificially reducing the image quality because the face recognition (FR) models suffer from correctly recognizing 1) the pairs from the same identity (i.e., genuine pairs) with a large face attribute difference, 2) the pairs from different identities (i.e., impostor pairs) with a small face attribute difference, and 3) the pairs of similar-looking identities (e.g., twins and relatives). We propose three challenging test sets to reveal important but ignored weaknesses of the existing FR algorithms. To challenge models on variation of facial attributes, we propose Hadrian and Eclipse to address facial hair differences and face exposure differences. The images in both test sets are high-quality and collected in a controlled environment. To challenge FR models on similar-looking persons, we propose ND-Twins, which contains images from a dedicated twins dataset. The LFW test protocol is used to structure the proposed test sets. Moreover, we introduce additional rules to assemble ``Goldilocks\footnote{https://en.wikipedia.org/wiki/Goldilocks_and_the_Three_Bears}"" level test sets, including 1) restricted number of occurrence of hard samples, 2) equal chance evaluation across demographic groups, and 3) constrained identity overlap across validation folds. Quantitatively, without further processing the images, the proposed test sets have on-par or higher difficulties than the existing test sets that add artifacts to the images. The datasets are available at: https://github.com/HaiyuWu/SOTA-Face-Recognition-Train-and-Test.",http://arxiv.org/abs/2405.15965v3,https://arxiv.org/pdf/2405.15965v3,Accepted at CVPR 2025
Mamba-R: Vision Mamba ALSO Needs Registers,Feng Wang; Jiahao Wang; Sucheng Ren; Guoyizhe Wei; Jieru Mei; Wei Shao; Yuyin Zhou; Alan Yuille; Cihang Xie,CVPR,2,0,0,2405.14858,"Similar to Vision Transformers, this paper identifies artifacts also present within the feature maps of Vision Mamba. These artifacts, corresponding to high-norm tokens emerging in low-information background areas of images, appear much more severe in Vision Mamba -- they exist prevalently even with the tiny-sized model and activate extensively across background regions. To mitigate this issue, we follow the prior solution of introducing register tokens into Vision Mamba. To better cope with Mamba blocks' uni-directional inference paradigm, two key modifications are introduced: 1) evenly inserting registers throughout the input token sequence, and 2) recycling registers for final decision predictions. We term this new architecture Mamba-R. Qualitative observations suggest, compared to vanilla Vision Mamba, Mamba-R's feature maps appear cleaner and more focused on semantically meaningful regions. Quantitatively, Mamba-R attains stronger performance and scales better. For example, on the ImageNet benchmark, our base-size Mamba-R attains 83.0% accuracy, significantly outperforming Vim-B's 81.8%; furthermore, we provide the first successful scaling to the large model size (i.e., with 341M parameters), attaining a competitive accuracy of 83.6% (84.5% if finetuned with 384x384 inputs). Additional validation on the downstream semantic segmentation task also supports Mamba-R's efficacy. Code is available at https://github.com/wangf3014/Mamba-Reg.",http://arxiv.org/abs/2405.14858v2,https://arxiv.org/pdf/2405.14858v2,Published in CVPR 2025
MAMBA4D: Efficient Long-Sequence Point Cloud Video Understanding with Disentangled Spatial-Temporal State Space Models,Jiuming Liu; Jinru Han; Lihao Liu; Angelica I. Aviles-Rivero; Chaokang Jiang; Zhe Liu; Hesheng Wang,CVPR,2,0,0,2405.14338,"Point cloud videos can faithfully capture real-world spatial geometries and temporal dynamics, which are essential for enabling intelligent agents to understand the dynamically changing world. However, designing an effective 4D backbone remains challenging, mainly due to the irregular and unordered distribution of points and temporal inconsistencies across frames. Also, recent transformer-based 4D backbones commonly suffer from large computational costs due to their quadratic complexity, particularly for long video sequences. To address these challenges, we propose a novel point cloud video understanding backbone purely based on the State Space Models (SSMs). Specifically, we first disentangle space and time in 4D video sequences and then establish the spatio-temporal correlation with our designed Mamba blocks. The Intra-frame Spatial Mamba module is developed to encode locally similar geometric structures within a certain temporal stride. Subsequently, locally correlated tokens are delivered to the Inter-frame Temporal Mamba module, which integrates long-term point features across the entire video with linear complexity. Our proposed Mamba4d achieves competitive performance on the MSR-Action3D action recognition (+10.4% accuracy), HOI4D action segmentation (+0.7 F1 Score), and Synthia4D semantic segmentation (+0.19 mIoU) datasets. Especially, for long video sequences, our method has a significant efficiency improvement with 87.5% GPU memory reduction and 5.36 times speed-up. Codes will be released at https://github.com/IRMVLab/Mamba4D.",http://arxiv.org/abs/2405.14338v3,https://arxiv.org/pdf/2405.14338v3,Accepted by CVPR 2025. The first two authors contribute equally
Curriculum Direct Preference Optimization for Diffusion and Consistency Models,Florinel-Alin Croitoru; Vlad Hondru; Radu Tudor Ionescu; Nicu Sebe; Mubarak Shah,CVPR,2,0,0,2405.13637,"Direct Preference Optimization (DPO) has been proposed as an effective and efficient alternative to reinforcement learning from human feedback (RLHF). In this paper, we propose a novel and enhanced version of DPO based on curriculum learning for text-to-image generation. Our method is divided into two training stages. First, a ranking of the examples generated for each prompt is obtained by employing a reward model. Then, increasingly difficult pairs of examples are sampled and provided to a text-to-image generative (diffusion or consistency) model. Generated samples that are far apart in the ranking are considered to form easy pairs, while those that are close in the ranking form hard pairs. In other words, we use the rank difference between samples as a measure of difficulty. The sampled pairs are split into batches according to their difficulty levels, which are gradually used to train the generative model. Our approach, Curriculum DPO, is compared against state-of-the-art fine-tuning approaches on nine benchmarks, outperforming the competing methods in terms of text alignment, aesthetics and human preference. Our code is available at https://github.com/CroitoruAlin/Curriculum-DPO.",http://arxiv.org/abs/2405.13637v6,https://arxiv.org/pdf/2405.13637v6,Accepted at CVPR 2025
MeGA: Hybrid Mesh-Gaussian Head Avatar for High-Fidelity Rendering and Head Editing,Cong Wang; Di Kang; He-Yi Sun; Shen-Han Qian; Zi-Xuan Wang; Linchao Bao; Song-Hai Zhang,CVPR,2,0,0,2404.19026,"Creating high-fidelity head avatars from multi-view videos is a core issue for many AR/VR applications. However, existing methods usually struggle to obtain high-quality renderings for all different head components simultaneously since they use one single representation to model components with drastically different characteristics (e.g., skin vs. hair). In this paper, we propose a Hybrid Mesh-Gaussian Head Avatar (MeGA) that models different head components with more suitable representations. Specifically, we select an enhanced FLAME mesh as our facial representation and predict a UV displacement map to provide per-vertex offsets for improved personalized geometric details. To achieve photorealistic renderings, we obtain facial colors using deferred neural rendering and disentangle neural textures into three meaningful parts. For hair modeling, we first build a static canonical hair using 3D Gaussian Splatting. A rigid transformation and an MLP-based deformation field are further applied to handle complex dynamic expressions. Combined with our occlusion-aware blending, MeGA generates higher-fidelity renderings for the whole head and naturally supports more downstream tasks. Experiments on the NeRSemble dataset demonstrate the effectiveness of our designs, outperforming previous state-of-the-art methods and supporting various editing functionalities, including hairstyle alteration and texture editing.",http://arxiv.org/abs/2404.19026v2,https://arxiv.org/pdf/2404.19026v2,Accepted by CVPR 2025. Project page: https://conallwang.github.io/MeGA_Pages/
Can Large Vision-Language Models Correct Semantic Grounding Errors By Themselves?,Yuan-Hong Liao; Rafid Mahmood; Sanja Fidler; David Acuna,CVPR,2,0,0,2404.06510,"Enhancing semantic grounding abilities in Vision-Language Models (VLMs) often involves collecting domain-specific training data, refining the network architectures, or modifying the training recipes. In this work, we venture into an orthogonal direction and explore whether VLMs can improve their semantic grounding by ""receiving"" feedback, without requiring in-domain data, fine-tuning, or modifications to the network architectures. We systematically analyze this hypothesis using a feedback mechanism composed of a binary signal. We find that if prompted appropriately, VLMs can utilize feedback both in a single step and iteratively, showcasing the potential of feedback as an alternative technique to improve grounding in internet-scale VLMs. Furthermore, VLMs, like LLMs, struggle to self-correct errors out-of-the-box. However, we find that this issue can be mitigated via a binary verification mechanism. Finally, we explore the potential and limitations of amalgamating these findings and applying them iteratively to automatically enhance VLMs' grounding performance, showing grounding accuracy consistently improves using automated feedback across all models in all settings investigated. Overall, our iterative framework improves semantic grounding in VLMs by more than 15 accuracy points under noise-free feedback and up to 5 accuracy points under a simple automated binary verification mechanism. The project website is hosted at https://andrewliao11.github.io/vlms_feedback",http://arxiv.org/abs/2404.06510v2,https://arxiv.org/pdf/2404.06510v2,"Accepted at CVPR 2025. 22 pages, 16 figures"
MonoTAKD: Teaching Assistant Knowledge Distillation for Monocular 3D Object Detection,Hou-I Liu; Christine Wu; Jen-Hao Cheng; Wenhao Chai; Shian-Yun Wang; Gaowen Liu; Hugo Latapie; Jhih-Ciang Wu; Jenq-Neng Hwang; Hong-Han Shuai; Wen-Huang Cheng,CVPR,2,0,0,2404.04910,"Monocular 3D object detection (Mono3D) holds noteworthy promise for autonomous driving applications owing to the cost-effectiveness and rich visual context of monocular camera sensors. However, depth ambiguity poses a significant challenge, as it requires extracting precise 3D scene geometry from a single image, resulting in suboptimal performance when transferring knowledge from a LiDAR-based teacher model to a camera-based student model. To facilitate effective distillation, we introduce Monocular Teaching Assistant Knowledge Distillation (MonoTAKD), which proposes a camera-based teaching assistant (TA) model to transfer robust 3D visual knowledge to the student model, leveraging the smaller feature representation gap. Additionally, we define 3D spatial cues as residual features that capture the differences between the teacher and the TA models. We then leverage these cues to improve the student model's 3D perception capabilities. Experimental results show that our MonoTAKD achieves state-of-the-art performance on the KITTI3D dataset. Furthermore, we evaluate the performance on nuScenes and KITTI raw datasets to demonstrate the generalization of our model to multi-view 3D and unsupervised data settings. Our code is available at https://github.com/hoiliu-0801/MonoTAKD.",http://arxiv.org/abs/2404.04910v3,https://arxiv.org/pdf/2404.04910v3,Accepted by CVPR 2025. Our code is available at https://github.com/hoiliu-0801/MonoTAKD
D$^3$: Scaling Up Deepfake Detection by Learning from Discrepancy,Yongqi Yang; Zhihao Qian; Ye Zhu; Olga Russakovsky; Yu Wu,CVPR,2,0,0,2404.04584,"The boom of Generative AI brings opportunities entangled with risks and concerns. Existing literature emphasizes the generalization capability of deepfake detection on unseen generators, significantly promoting the detector's ability to identify more universal artifacts. This work seeks a step toward a universal deepfake detection system with better generalization and robustness. We do so by first scaling up the existing detection task setup from the one-generator to multiple-generators in training, during which we disclose two challenges presented in prior methodological designs and demonstrate the divergence of detectors' performance. Specifically, we reveal that the current methods tailored for training on one specific generator either struggle to learn comprehensive artifacts from multiple generators or sacrifice their fitting ability for seen generators (i.e., In-Domain (ID) performance) to exchange the generalization for unseen generators (i.e., Out-Of-Domain (OOD) performance). To tackle the above challenges, we propose our Discrepancy Deepfake Detector (D$^3$) framework, whose core idea is to deconstruct the universal artifacts from multiple generators by introducing a parallel network branch that takes a distorted image feature as an extra discrepancy signal and supplement its original counterpart. Extensive scaled-up experiments demonstrate the effectiveness of D$^3$, achieving 5.3% accuracy improvement in the OOD testing compared to the current SOTA methods while maintaining the ID performance. The source code will be updated in our GitHub repository: https://github.com/BigAandSmallq/D3",http://arxiv.org/abs/2404.04584v2,https://arxiv.org/pdf/2404.04584v2,"13 pages, 3 figures, accepted by CVPR 2025"
Multiple Object Tracking as ID Prediction,Ruopeng Gao; Ji Qi; Limin Wang,CVPR,2,0,0,2403.16848,"Multi-Object Tracking (MOT) has been a long-standing challenge in video understanding. A natural and intuitive approach is to split this task into two parts: object detection and association. Most mainstream methods employ meticulously crafted heuristic techniques to maintain trajectory information and compute cost matrices for object matching. Although these methods can achieve notable tracking performance, they often require a series of elaborate handcrafted modifications while facing complicated scenarios. We believe that manually assumed priors limit the method's adaptability and flexibility in learning optimal tracking capabilities from domain-specific data. Therefore, we introduce a new perspective that treats Multiple Object Tracking as an in-context ID Prediction task, transforming the aforementioned object association into an end-to-end trainable task. Based on this, we propose a simple yet effective method termed MOTIP. Given a set of trajectories carried with ID information, MOTIP directly decodes the ID labels for current detections to accomplish the association process. Without using tailored or sophisticated architectures, our method achieves state-of-the-art results across multiple benchmarks by solely leveraging object-level features as tracking cues. The simplicity and impressive results of MOTIP leave substantial room for future advancements, thereby making it a promising baseline for subsequent research. Our code and checkpoints are released at https://github.com/MCG-NJU/MOTIP.",http://arxiv.org/abs/2403.16848v2,https://arxiv.org/pdf/2403.16848v2,Accepted by CVPR 2025
Robust 3D Shape Reconstruction in Zero-Shot from a Single Image in the Wild,Junhyeong Cho; Kim Youwang; Hunmin Yang; Tae-Hyun Oh,CVPR,2,0,0,2403.14539,"Recent monocular 3D shape reconstruction methods have shown promising zero-shot results on object-segmented images without any occlusions. However, their effectiveness is significantly compromised in real-world conditions, due to imperfect object segmentation by off-the-shelf models and the prevalence of occlusions. To effectively address these issues, we propose a unified regression model that integrates segmentation and reconstruction, specifically designed for occlusion-aware 3D shape reconstruction. To facilitate its reconstruction in the wild, we also introduce a scalable data synthesis pipeline that simulates a wide range of variations in objects, occluders, and backgrounds. Training on our synthetic data enables the proposed model to achieve state-of-the-art zero-shot results on real-world images, using significantly fewer parameters than competing approaches.",http://arxiv.org/abs/2403.14539v3,https://arxiv.org/pdf/2403.14539v3,"Accepted to CVPR 2025, Project Page: https://ZeroShape-W.github.io"
PhD: A ChatGPT-Prompted Visual hallucination Evaluation Dataset,Jiazhen Liu; Yuhan Fu; Ruobing Xie; Runquan Xie; Xingwu Sun; Fengzong Lian; Zhanhui Kang; Xirong Li,CVPR,2,0,0,2403.11116,"Multimodal Large Language Models (MLLMs) hallucinate, resulting in an emerging topic of visual hallucination evaluation (VHE). This paper contributes a ChatGPT-Prompted visual hallucination evaluation Dataset (PhD) for objective VHE at a large scale. The essence of VHE is to ask an MLLM questions about specific images to assess its susceptibility to hallucination. Depending on what to ask (objects, attributes, sentiment, etc.) and how the questions are asked, we structure PhD along two dimensions, i.e. task and mode. Five visual recognition tasks, ranging from low-level (object / attribute recognition) to middle-level (sentiment / position recognition and counting), are considered. Besides a normal visual QA mode, which we term PhD-base, PhD also asks questions with specious context (PhD-sec) or with incorrect context ({PhD-icc), or with AI-generated counter common sense images (PhD-ccs). We construct PhD by a ChatGPT-assisted semi-automated pipeline, encompassing four pivotal modules: task-specific hallucinatory item (hitem) selection, hitem-embedded question generation, specious / incorrect context generation, and counter-common-sense (CCS) image generation. With over 14k daily images, 750 CCS images and 102k VQA triplets in total, PhD reveals considerable variability in MLLMs' performance across various modes and tasks, offering valuable insights into the nature of hallucination. As such, PhD stands as a potent tool not only for VHE but may also play a significant role in the refinement of MLLMs.",http://arxiv.org/abs/2403.11116v4,https://arxiv.org/pdf/2403.11116v4,"Accepted by CVPR 2025, Highlight"
"FedMIA: An Effective Membership Inference Attack Exploiting ""All for One"" Principle in Federated Learning",Gongxi Zhu; Donghao Li; Hanlin Gu; Yuan Yao; Lixin Fan; Yuxing Han,CVPR,2,0,0,2402.06289,"Federated Learning (FL) is a promising approach for training machine learning models on decentralized data while preserving privacy. However, privacy risks, particularly Membership Inference Attacks (MIAs), which aim to determine whether a specific data point belongs to a target client's training set, remain a significant concern. Existing methods for implementing MIAs in FL primarily analyze updates from the target client, focusing on metrics such as loss, gradient norm, and gradient difference. However, these methods fail to leverage updates from non-target clients, potentially underutilizing available information. In this paper, we first formulate a one-tailed likelihood-ratio hypothesis test based on the likelihood of updates from non-target clients. Building upon this formulation, we introduce a three-step Membership Inference Attack (MIA) method, called FedMIA, which follows the ""all for one""--leveraging updates from all clients across multiple communication rounds to enhance MIA effectiveness. Both theoretical analysis and extensive experimental results demonstrate that FedMIA outperforms existing MIAs in both classification and generative tasks. Additionally, it can be integrated as an extension to existing methods and is robust against various defense strategies, Non-IID data, and different federated structures. Our code is available in https://github.com/Liar-Mask/FedMIA.",http://arxiv.org/abs/2402.06289v3,https://arxiv.org/pdf/2402.06289v3,"14 pages, 6 figures; Accepted by CVPR 2025"
StoryGPT-V: Large Language Models as Consistent Story Visualizers,Xiaoqian Shen; Mohamed Elhoseiny,CVPR,2,0,0,2312.02252,"Recent generative models have demonstrated impressive capabilities in generating realistic and visually pleasing images grounded on textual prompts. Nevertheless, a significant challenge remains in applying these models for the more intricate task of story visualization. Since it requires resolving pronouns (he, she, they) in the frame descriptions, i.e., anaphora resolution, and ensuring consistent characters and background synthesis across frames. Yet, the emerging Large Language Model (LLM) showcases robust reasoning abilities to navigate through ambiguous references and process extensive sequences. Therefore, we introduce \emph{StoryGPT-V}, which leverages the merits of the latent diffusion (LDM) and LLM to produce images with consistent and high-quality characters grounded on given story descriptions. First, we train a character-aware LDM, which takes character-augmented semantic embedding as input and includes the supervision of the cross-attention map using character segmentation masks, aiming to enhance character generation accuracy and faithfulness. In the second stage, we enable an alignment between the output of LLM and the character-augmented embedding residing in the input space of the first-stage model. This harnesses the reasoning ability of LLM to address ambiguous references and the comprehension capability to memorize the context. We conduct comprehensive experiments on two visual story visualization benchmarks. Our model reports superior quantitative results and consistently generates accurate characters of remarkable quality with low memory consumption. Our code is publicly available at: \href{https://xiaoqian-shen.github.io/StoryGPT-V}{https://xiaoqian-shen.github.io/StoryGPT-V}.",http://arxiv.org/abs/2312.02252v3,https://arxiv.org/pdf/2312.02252v3,Accepted to CVPR 2025; Project page: https://xiaoqian-shen.github.io/StoryGPT-V
Audio-Visual Instance Segmentation,Ruohao Guo; Xianghua Ying; Yaru Chen; Dantong Niu; Guangyao Li; Liao Qu; Yanyu Qi; Jinxing Zhou; Bowei Xing; Wenzhen Yue; Ji Shi; Qixun Wang; Peiliang Zhang; Buwen Liang,CVPR,2,0,0,2310.18709,"In this paper, we propose a new multi-modal task, termed audio-visual instance segmentation (AVIS), which aims to simultaneously identify, segment and track individual sounding object instances in audible videos. To facilitate this research, we introduce a high-quality benchmark named AVISeg, containing over 90K instance masks from 26 semantic categories in 926 long videos. Additionally, we propose a strong baseline model for this task. Our model first localizes sound source within each frame, and condenses object-specific contexts into concise tokens. Then it builds long-range audio-visual dependencies between these tokens using window-based attention, and tracks sounding objects among the entire video sequences. Extensive experiments reveal that our method performs best on AVISeg, surpassing the existing methods from related tasks. We further conduct the evaluation on several multi-modal large models. Unfortunately, they exhibits subpar performance on instance-level sound source localization and temporal perception. We expect that AVIS will inspire the community towards a more comprehensive multi-modal understanding. Dataset and code is available at https://github.com/ruohaoguo/avis.",http://arxiv.org/abs/2310.18709v4,https://arxiv.org/pdf/2310.18709v4,Accepted by CVPR 2025
Masking meets Supervision: A Strong Learning Alliance,Byeongho Heo; Taekyung Kim; Sangdoo Yun; Dongyoon Han,CVPR,2,0,0,2306.11339,"Pre-training with random masked inputs has emerged as a novel trend in self-supervised training. However, supervised learning still faces a challenge in adopting masking augmentations, primarily due to unstable training. In this paper, we propose a novel way to involve masking augmentations dubbed Masked Sub-branch (MaskSub). MaskSub consists of the main-branch and sub-branch, the latter being a part of the former. The main-branch undergoes conventional training recipes, while the sub-branch merits intensive masking augmentations, during training. MaskSub tackles the challenge by mitigating adverse effects through a relaxed loss function similar to a self-distillation loss. Our analysis shows that MaskSub improves performance, with the training loss converging faster than in standard training, which suggests our method stabilizes the training process. We further validate MaskSub across diverse training scenarios and models, including DeiT-III training, MAE finetuning, CLIP finetuning, BERT training, and hierarchical architectures (ResNet and Swin Transformer). Our results show that MaskSub consistently achieves impressive performance gains across all the cases. MaskSub provides a practical and effective solution for introducing additional regularization under various training recipes. Code available at https://github.com/naver-ai/augsub",http://arxiv.org/abs/2306.11339v3,https://arxiv.org/pdf/2306.11339v3,Accepted to CVPR 2025
Tightening Robustness Verification of MaxPool-based Neural Networks via Minimizing the Over-Approximation Zone,Yuan Xiao; Yuchen Chen; Shiqing Ma; Chunrong Fang; Tongtong Bai; Mingzheng Gu; Yuxin Cheng; Yanwei Chen; Zhenyu Chen,CVPR,2,0,0,2211.09810,"The robustness of neural network classifiers is important in the safety-critical domain and can be quantified by robustness verification. At present, efficient and scalable verification techniques are always sound but incomplete, and thus, the improvement of verified robustness results is the key criterion to evaluate the performance of incomplete verification approaches. The multi-variate function MaxPool is widely adopted yet challenging to verify. In this paper, we present Ti-Lin, a robustness verifier for MaxPool-based CNNs with Tight Linear Approximation. Following the sequel of minimizing the over-approximation zone of the non-linear function of CNNs, we are the first to propose the provably neuron-wise tightest linear bounds for the MaxPool function. By our proposed linear bounds, we can certify larger robustness results for CNNs. We evaluate the effectiveness of Ti-Lin on different verification frameworks with open-sourced benchmarks, including LeNet, PointNet, and networks trained on the MNIST, CIFAR-10, Tiny ImageNet and ModelNet40 datasets. Experimental results show that Ti-Lin significantly outperforms the state-of-the-art methods across all networks with up to 78.6% improvement in terms of the certified accuracy with almost the same time consumption as the fastest tool. Our code is available at https://github.com/xiaoyuanpigo/Ti-Lin-Hybrid-Lin.",http://arxiv.org/abs/2211.09810v2,https://arxiv.org/pdf/2211.09810v2,Accepted to CVPR 2025. Code Link: https://github.com/xiaoyuanpigo/Ti-Lin-Hybrid-Lin
Sufficient Invariant Learning for Distribution Shift,Taero Kim; Subeen Park; Sungjun Lim; Yonghan Jung; Krikamol Muandet; Kyungwoo Song,CVPR,2,0,0,2210.13533,"Learning robust models under distribution shifts between training and test datasets is a fundamental challenge in machine learning. While learning invariant features across environments is a popular approach, it often assumes that these features are fully observed in both training and test sets, a condition frequently violated in practice. When models rely on invariant features absent in the test set, their robustness in new environments can deteriorate. To tackle this problem, we introduce a novel learning principle called the Sufficient Invariant Learning (SIL) framework, which focuses on learning a sufficient subset of invariant features rather than relying on a single feature. After demonstrating the limitation of existing invariant learning methods, we propose a new algorithm, Adaptive Sharpness-aware Group Distributionally Robust Optimization (ASGDRO), to learn diverse invariant features by seeking common flat minima across the environments. We theoretically demonstrate that finding a common flat minima enables robust predictions based on diverse invariant features. Empirical evaluations on multiple datasets, including our new benchmark, confirm ASGDRO's robustness against distribution shifts, highlighting the limitations of existing methods.",http://arxiv.org/abs/2210.13533v4,https://arxiv.org/pdf/2210.13533v4,Accepted by CVPR 2025. Corresponding author: Kyungwoo Song
